epoch,layer_idx,layer,grad_norm
0,0,conv1,436.907
0,1,layer1.0.conv1,772.669
0,2,layer1.0.conv2,593.028
0,3,layer1.1.conv1,487.789
0,4,layer1.1.conv2,380.817
0,5,layer1.2.conv1,313.897
0,6,layer1.2.conv2,274.08
0,7,layer1.3.conv1,218.928
0,8,layer1.3.conv2,203.079
0,9,layer1.4.conv1,160.736
0,10,layer1.4.conv2,131.419
0,11,layer1.5.conv1,111.029
0,12,layer1.5.conv2,92.8401
0,13,layer1.6.conv1,76.0696
0,14,layer1.6.conv2,65.5539
0,15,layer1.7.conv1,54.8617
0,16,layer1.7.conv2,48.1333
0,17,layer1.8.conv1,44.7509
0,18,layer1.8.conv2,33.1844
0,19,layer2.0.conv1,26.5054
0,20,layer2.0.conv2,31.2719
0,21,layer2.1.conv1,27.2788
0,22,layer2.1.conv2,22.5243
0,23,layer2.2.conv1,19.002
0,24,layer2.2.conv2,15.7338
0,25,layer2.3.conv1,13.5607
0,26,layer2.3.conv2,11.406
0,27,layer2.4.conv1,9.49792
0,28,layer2.4.conv2,8.27502
0,29,layer2.5.conv1,6.86189
0,30,layer2.5.conv2,5.60388
0,31,layer2.6.conv1,4.69945
0,32,layer2.6.conv2,4.02496
0,33,layer2.7.conv1,3.32696
0,34,layer2.7.conv2,2.82486
0,35,layer2.8.conv1,2.40875
0,36,layer2.8.conv2,2.03037
0,37,layer3.0.conv1,1.69835
0,38,layer3.0.conv2,2.04051
0,39,layer3.1.conv1,1.81773
0,40,layer3.1.conv2,1.5671
0,41,layer3.2.conv1,1.28489
0,42,layer3.2.conv2,1.05847
0,43,layer3.3.conv1,0.910645
0,44,layer3.3.conv2,0.7884
0,45,layer3.4.conv1,0.676516
0,46,layer3.4.conv2,0.578632
0,47,layer3.5.conv1,0.509468
0,48,layer3.5.conv2,0.422451
0,49,layer3.6.conv1,0.378523
0,50,layer3.6.conv2,0.339727
0,51,layer3.7.conv1,0.327892
0,52,layer3.7.conv2,0.369796
0,53,layer3.8.conv1,0.431916
0,54,layer3.8.conv2,0.678045
1,0,conv1,24.1444
1,1,layer1.0.conv1,37.2976
1,2,layer1.0.conv2,29.05
1,3,layer1.1.conv1,22.6823
1,4,layer1.1.conv2,18.4157
1,5,layer1.2.conv1,16.6171
1,6,layer1.2.conv2,14.3895
1,7,layer1.3.conv1,12.0346
1,8,layer1.3.conv2,10.2113
1,9,layer1.4.conv1,8.1077
1,10,layer1.4.conv2,6.93165
1,11,layer1.5.conv1,6.20663
1,12,layer1.5.conv2,4.75
1,13,layer1.6.conv1,4.11191
1,14,layer1.6.conv2,3.54328
1,15,layer1.7.conv1,3.13444
1,16,layer1.7.conv2,2.56389
1,17,layer1.8.conv1,2.23137
1,18,layer1.8.conv2,1.58025
1,19,layer2.0.conv1,1.3266
1,20,layer2.0.conv2,1.59483
1,21,layer2.1.conv1,1.40641
1,22,layer2.1.conv2,1.1282
1,23,layer2.2.conv1,0.9493
1,24,layer2.2.conv2,0.795033
1,25,layer2.3.conv1,0.714309
1,26,layer2.3.conv2,0.574483
1,27,layer2.4.conv1,0.484199
1,28,layer2.4.conv2,0.450876
1,29,layer2.5.conv1,0.353691
1,30,layer2.5.conv2,0.294373
1,31,layer2.6.conv1,0.240638
1,32,layer2.6.conv2,0.213751
1,33,layer2.7.conv1,0.176777
1,34,layer2.7.conv2,0.155225
1,35,layer2.8.conv1,0.132648
1,36,layer2.8.conv2,0.111081
1,37,layer3.0.conv1,0.096561
1,38,layer3.0.conv2,0.111403
1,39,layer3.1.conv1,0.0994551
1,40,layer3.1.conv2,0.0890612
1,41,layer3.2.conv1,0.0751429
1,42,layer3.2.conv2,0.0643268
1,43,layer3.3.conv1,0.0576754
1,44,layer3.3.conv2,0.0526701
1,45,layer3.4.conv1,0.046875
1,46,layer3.4.conv2,0.0420579
1,47,layer3.5.conv1,0.0401292
1,48,layer3.5.conv2,0.0350367
1,49,layer3.6.conv1,0.0359889
1,50,layer3.6.conv2,0.0342125
1,51,layer3.7.conv1,0.0356895
1,52,layer3.7.conv2,0.0443119
1,53,layer3.8.conv1,0.0536496
1,54,layer3.8.conv2,0.0941333
2,0,conv1,0.00436301
2,1,layer1.0.conv1,0.00292352
2,2,layer1.0.conv2,0.00251593
2,3,layer1.1.conv1,0.00287328
2,4,layer1.1.conv2,0.00585521
2,5,layer1.2.conv1,0.00686873
2,6,layer1.2.conv2,0.00770809
2,7,layer1.3.conv1,0.00835033
2,8,layer1.3.conv2,0.00926257
2,9,layer1.4.conv1,0.0148607
2,10,layer1.4.conv2,0.0127247
2,11,layer1.5.conv1,0.0132392
2,12,layer1.5.conv2,0.0209335
2,13,layer1.6.conv1,0.0157145
2,14,layer1.6.conv2,0.0104522
2,15,layer1.7.conv1,0.0149722
2,16,layer1.7.conv2,0.0106965
2,17,layer1.8.conv1,0.0114338
2,18,layer1.8.conv2,0.0183604
2,19,layer2.0.conv1,0.0306125
2,20,layer2.0.conv2,0.0374067
2,21,layer2.1.conv1,0.0382378
2,22,layer2.1.conv2,0.0344036
2,23,layer2.2.conv1,0.0299343
2,24,layer2.2.conv2,0.0277684
2,25,layer2.3.conv1,0.0210799
2,26,layer2.3.conv2,0.0180984
2,27,layer2.4.conv1,0.0197046
2,28,layer2.4.conv2,0.0176036
2,29,layer2.5.conv1,0.0194975
2,30,layer2.5.conv2,0.0183816
2,31,layer2.6.conv1,0.0206826
2,32,layer2.6.conv2,0.0242601
2,33,layer2.7.conv1,0.0201623
2,34,layer2.7.conv2,0.0266622
2,35,layer2.8.conv1,0.025464
2,36,layer2.8.conv2,0.0304062
2,37,layer3.0.conv1,0.0322979
2,38,layer3.0.conv2,0.0405268
2,39,layer3.1.conv1,0.0405961
2,40,layer3.1.conv2,0.0418357
2,41,layer3.2.conv1,0.0409823
2,42,layer3.2.conv2,0.0398616
2,43,layer3.3.conv1,0.0407654
2,44,layer3.3.conv2,0.0409268
2,45,layer3.4.conv1,0.0420874
2,46,layer3.4.conv2,0.0416035
2,47,layer3.5.conv1,0.0429431
2,48,layer3.5.conv2,0.0413677
2,49,layer3.6.conv1,0.041629
2,50,layer3.6.conv2,0.0371606
2,51,layer3.7.conv1,0.0388561
2,52,layer3.7.conv2,0.0437693
2,53,layer3.8.conv1,0.0486616
2,54,layer3.8.conv2,0.0748576
3,0,conv1,0.00556758
3,1,layer1.0.conv1,0.00411912
3,2,layer1.0.conv2,0.00386448
3,3,layer1.1.conv1,0.00452298
3,4,layer1.1.conv2,0.0096746
3,5,layer1.2.conv1,0.0108185
3,6,layer1.2.conv2,0.0145213
3,7,layer1.3.conv1,0.0218113
3,8,layer1.3.conv2,0.0173932
3,9,layer1.4.conv1,0.0262904
3,10,layer1.4.conv2,0.022826
3,11,layer1.5.conv1,0.0219106
3,12,layer1.5.conv2,0.0526676
3,13,layer1.6.conv1,0.0346498
3,14,layer1.6.conv2,0.0208744
3,15,layer1.7.conv1,0.0292806
3,16,layer1.7.conv2,0.0255737
3,17,layer1.8.conv1,0.028936
3,18,layer1.8.conv2,0.0414356
3,19,layer2.0.conv1,0.057459
3,20,layer2.0.conv2,0.0633786
3,21,layer2.1.conv1,0.0592255
3,22,layer2.1.conv2,0.0647733
3,23,layer2.2.conv1,0.063865
3,24,layer2.2.conv2,0.0597587
3,25,layer2.3.conv1,0.0466847
3,26,layer2.3.conv2,0.0434802
3,27,layer2.4.conv1,0.0460515
3,28,layer2.4.conv2,0.040286
3,29,layer2.5.conv1,0.04158
3,30,layer2.5.conv2,0.0444955
3,31,layer2.6.conv1,0.0463258
3,32,layer2.6.conv2,0.040151
3,33,layer2.7.conv1,0.0309413
3,34,layer2.7.conv2,0.0416396
3,35,layer2.8.conv1,0.039481
3,36,layer2.8.conv2,0.0382306
3,37,layer3.0.conv1,0.0447968
3,38,layer3.0.conv2,0.0595026
3,39,layer3.1.conv1,0.0607966
3,40,layer3.1.conv2,0.0552721
3,41,layer3.2.conv1,0.0553701
3,42,layer3.2.conv2,0.0546559
3,43,layer3.3.conv1,0.050506
3,44,layer3.3.conv2,0.0491871
3,45,layer3.4.conv1,0.0508304
3,46,layer3.4.conv2,0.052279
3,47,layer3.5.conv1,0.0525477
3,48,layer3.5.conv2,0.0548956
3,49,layer3.6.conv1,0.0581675
3,50,layer3.6.conv2,0.0589946
3,51,layer3.7.conv1,0.0614257
3,52,layer3.7.conv2,0.0653879
3,53,layer3.8.conv1,0.0689075
3,54,layer3.8.conv2,0.0886018
4,0,conv1,0.00533426
4,1,layer1.0.conv1,0.00407911
4,2,layer1.0.conv2,0.00392938
4,3,layer1.1.conv1,0.00452603
4,4,layer1.1.conv2,0.0109006
4,5,layer1.2.conv1,0.00936711
4,6,layer1.2.conv2,0.014216
4,7,layer1.3.conv1,0.0172276
4,8,layer1.3.conv2,0.0170896
4,9,layer1.4.conv1,0.0257315
4,10,layer1.4.conv2,0.024445
4,11,layer1.5.conv1,0.0224933
4,12,layer1.5.conv2,0.0569773
4,13,layer1.6.conv1,0.036966
4,14,layer1.6.conv2,0.0284743
4,15,layer1.7.conv1,0.028756
4,16,layer1.7.conv2,0.0314389
4,17,layer1.8.conv1,0.0367151
4,18,layer1.8.conv2,0.0557756
4,19,layer2.0.conv1,0.0621264
4,20,layer2.0.conv2,0.0750753
4,21,layer2.1.conv1,0.0739359
4,22,layer2.1.conv2,0.0770659
4,23,layer2.2.conv1,0.0791886
4,24,layer2.2.conv2,0.0723912
4,25,layer2.3.conv1,0.0502075
4,26,layer2.3.conv2,0.0474237
4,27,layer2.4.conv1,0.0399006
4,28,layer2.4.conv2,0.0349942
4,29,layer2.5.conv1,0.0337143
4,30,layer2.5.conv2,0.0335512
4,31,layer2.6.conv1,0.0342058
4,32,layer2.6.conv2,0.03515
4,33,layer2.7.conv1,0.0341605
4,34,layer2.7.conv2,0.034753
4,35,layer2.8.conv1,0.0339276
4,36,layer2.8.conv2,0.0347868
4,37,layer3.0.conv1,0.0417577
4,38,layer3.0.conv2,0.057003
4,39,layer3.1.conv1,0.0588466
4,40,layer3.1.conv2,0.0552259
4,41,layer3.2.conv1,0.0563489
4,42,layer3.2.conv2,0.0540432
4,43,layer3.3.conv1,0.0504926
4,44,layer3.3.conv2,0.0504108
4,45,layer3.4.conv1,0.0521716
4,46,layer3.4.conv2,0.0525735
4,47,layer3.5.conv1,0.0521035
4,48,layer3.5.conv2,0.0545683
4,49,layer3.6.conv1,0.0565575
4,50,layer3.6.conv2,0.0600428
4,51,layer3.7.conv1,0.065999
4,52,layer3.7.conv2,0.0732158
4,53,layer3.8.conv1,0.0808527
4,54,layer3.8.conv2,0.0982303
5,0,conv1,0.00685327
5,1,layer1.0.conv1,0.00491187
5,2,layer1.0.conv2,0.00526924
5,3,layer1.1.conv1,0.00585299
5,4,layer1.1.conv2,0.0163905
5,5,layer1.2.conv1,0.0152512
5,6,layer1.2.conv2,0.0157206
5,7,layer1.3.conv1,0.0172241
5,8,layer1.3.conv2,0.0204968
5,9,layer1.4.conv1,0.0308013
5,10,layer1.4.conv2,0.0294882
5,11,layer1.5.conv1,0.0285617
5,12,layer1.5.conv2,0.0614385
5,13,layer1.6.conv1,0.0419708
5,14,layer1.6.conv2,0.0335902
5,15,layer1.7.conv1,0.0344909
5,16,layer1.7.conv2,0.039177
5,17,layer1.8.conv1,0.0370786
5,18,layer1.8.conv2,0.0538682
5,19,layer2.0.conv1,0.0629347
5,20,layer2.0.conv2,0.0742751
5,21,layer2.1.conv1,0.0732501
5,22,layer2.1.conv2,0.075879
5,23,layer2.2.conv1,0.075545
5,24,layer2.2.conv2,0.0739636
5,25,layer2.3.conv1,0.0541636
5,26,layer2.3.conv2,0.0451429
5,27,layer2.4.conv1,0.037126
5,28,layer2.4.conv2,0.0356991
5,29,layer2.5.conv1,0.0352793
5,30,layer2.5.conv2,0.0361416
5,31,layer2.6.conv1,0.0342761
5,32,layer2.6.conv2,0.0329462
5,33,layer2.7.conv1,0.035773
5,34,layer2.7.conv2,0.0316006
5,35,layer2.8.conv1,0.0330735
5,36,layer2.8.conv2,0.0355464
5,37,layer3.0.conv1,0.0440799
5,38,layer3.0.conv2,0.0593529
5,39,layer3.1.conv1,0.0610805
5,40,layer3.1.conv2,0.0595218
5,41,layer3.2.conv1,0.0598943
5,42,layer3.2.conv2,0.0564456
5,43,layer3.3.conv1,0.0522034
5,44,layer3.3.conv2,0.0515944
5,45,layer3.4.conv1,0.0516753
5,46,layer3.4.conv2,0.0528157
5,47,layer3.5.conv1,0.0535998
5,48,layer3.5.conv2,0.0565739
5,49,layer3.6.conv1,0.0586779
5,50,layer3.6.conv2,0.0618671
5,51,layer3.7.conv1,0.0671553
5,52,layer3.7.conv2,0.0739134
5,53,layer3.8.conv1,0.0806301
5,54,layer3.8.conv2,0.0959442
6,0,conv1,0.00661517
6,1,layer1.0.conv1,0.00550189
6,2,layer1.0.conv2,0.00582206
6,3,layer1.1.conv1,0.00660153
6,4,layer1.1.conv2,0.0179593
6,5,layer1.2.conv1,0.0143813
6,6,layer1.2.conv2,0.0158866
6,7,layer1.3.conv1,0.0185762
6,8,layer1.3.conv2,0.0202923
6,9,layer1.4.conv1,0.0320365
6,10,layer1.4.conv2,0.0320484
6,11,layer1.5.conv1,0.0275018
6,12,layer1.5.conv2,0.0671431
6,13,layer1.6.conv1,0.0433508
6,14,layer1.6.conv2,0.0327809
6,15,layer1.7.conv1,0.036705
6,16,layer1.7.conv2,0.035442
6,17,layer1.8.conv1,0.0426506
6,18,layer1.8.conv2,0.0573791
6,19,layer2.0.conv1,0.0753074
6,20,layer2.0.conv2,0.0909045
6,21,layer2.1.conv1,0.0895643
6,22,layer2.1.conv2,0.0891408
6,23,layer2.2.conv1,0.0886896
6,24,layer2.2.conv2,0.0865375
6,25,layer2.3.conv1,0.0650227
6,26,layer2.3.conv2,0.0562464
6,27,layer2.4.conv1,0.0482145
6,28,layer2.4.conv2,0.0472451
6,29,layer2.5.conv1,0.0445184
6,30,layer2.5.conv2,0.0404757
6,31,layer2.6.conv1,0.0381581
6,32,layer2.6.conv2,0.0369156
6,33,layer2.7.conv1,0.0385543
6,34,layer2.7.conv2,0.0367614
6,35,layer2.8.conv1,0.0367342
6,36,layer2.8.conv2,0.0388892
6,37,layer3.0.conv1,0.0500457
6,38,layer3.0.conv2,0.0674542
6,39,layer3.1.conv1,0.0697147
6,40,layer3.1.conv2,0.0670453
6,41,layer3.2.conv1,0.0648998
6,42,layer3.2.conv2,0.0617905
6,43,layer3.3.conv1,0.0559457
6,44,layer3.3.conv2,0.0547299
6,45,layer3.4.conv1,0.0548863
6,46,layer3.4.conv2,0.0564001
6,47,layer3.5.conv1,0.0563977
6,48,layer3.5.conv2,0.0604645
6,49,layer3.6.conv1,0.0642028
6,50,layer3.6.conv2,0.0672388
6,51,layer3.7.conv1,0.0701992
6,52,layer3.7.conv2,0.0761337
6,53,layer3.8.conv1,0.0803787
6,54,layer3.8.conv2,0.0907553
7,0,conv1,0.0115796
7,1,layer1.0.conv1,0.00745611
7,2,layer1.0.conv2,0.00865095
7,3,layer1.1.conv1,0.00989436
7,4,layer1.1.conv2,0.0253794
7,5,layer1.2.conv1,0.0213708
7,6,layer1.2.conv2,0.0181791
7,7,layer1.3.conv1,0.0172637
7,8,layer1.3.conv2,0.0256003
7,9,layer1.4.conv1,0.0375956
7,10,layer1.4.conv2,0.0334553
7,11,layer1.5.conv1,0.0300271
7,12,layer1.5.conv2,0.06769
7,13,layer1.6.conv1,0.0479359
7,14,layer1.6.conv2,0.0452716
7,15,layer1.7.conv1,0.040805
7,16,layer1.7.conv2,0.0392577
7,17,layer1.8.conv1,0.0431078
7,18,layer1.8.conv2,0.063407
7,19,layer2.0.conv1,0.0751453
7,20,layer2.0.conv2,0.0999509
7,21,layer2.1.conv1,0.103213
7,22,layer2.1.conv2,0.100192
7,23,layer2.2.conv1,0.0980563
7,24,layer2.2.conv2,0.0965182
7,25,layer2.3.conv1,0.0680474
7,26,layer2.3.conv2,0.0553307
7,27,layer2.4.conv1,0.049499
7,28,layer2.4.conv2,0.0442131
7,29,layer2.5.conv1,0.0413877
7,30,layer2.5.conv2,0.0373555
7,31,layer2.6.conv1,0.0355786
7,32,layer2.6.conv2,0.0320974
7,33,layer2.7.conv1,0.0330552
7,34,layer2.7.conv2,0.031998
7,35,layer2.8.conv1,0.0310226
7,36,layer2.8.conv2,0.0330445
7,37,layer3.0.conv1,0.0443628
7,38,layer3.0.conv2,0.0613418
7,39,layer3.1.conv1,0.0660143
7,40,layer3.1.conv2,0.0657955
7,41,layer3.2.conv1,0.0644088
7,42,layer3.2.conv2,0.0598562
7,43,layer3.3.conv1,0.055967
7,44,layer3.3.conv2,0.0556517
7,45,layer3.4.conv1,0.0569919
7,46,layer3.4.conv2,0.0572903
7,47,layer3.5.conv1,0.0566194
7,48,layer3.5.conv2,0.0588863
7,49,layer3.6.conv1,0.0618557
7,50,layer3.6.conv2,0.066586
7,51,layer3.7.conv1,0.073948
7,52,layer3.7.conv2,0.0791517
7,53,layer3.8.conv1,0.0843786
7,54,layer3.8.conv2,0.0977984
8,0,conv1,0.00897024
8,1,layer1.0.conv1,0.00849676
8,2,layer1.0.conv2,0.00779073
8,3,layer1.1.conv1,0.00942877
8,4,layer1.1.conv2,0.0234695
8,5,layer1.2.conv1,0.0268149
8,6,layer1.2.conv2,0.0206929
8,7,layer1.3.conv1,0.0203713
8,8,layer1.3.conv2,0.0317297
8,9,layer1.4.conv1,0.0454693
8,10,layer1.4.conv2,0.0394493
8,11,layer1.5.conv1,0.0396544
8,12,layer1.5.conv2,0.0839612
8,13,layer1.6.conv1,0.055986
8,14,layer1.6.conv2,0.0463067
8,15,layer1.7.conv1,0.0649145
8,16,layer1.7.conv2,0.0461716
8,17,layer1.8.conv1,0.0540316
8,18,layer1.8.conv2,0.0802013
8,19,layer2.0.conv1,0.0869102
8,20,layer2.0.conv2,0.105334
8,21,layer2.1.conv1,0.107721
8,22,layer2.1.conv2,0.108259
8,23,layer2.2.conv1,0.106553
8,24,layer2.2.conv2,0.0929425
8,25,layer2.3.conv1,0.0748267
8,26,layer2.3.conv2,0.06529
8,27,layer2.4.conv1,0.062353
8,28,layer2.4.conv2,0.0557171
8,29,layer2.5.conv1,0.0520223
8,30,layer2.5.conv2,0.0515471
8,31,layer2.6.conv1,0.0492559
8,32,layer2.6.conv2,0.0467334
8,33,layer2.7.conv1,0.0494553
8,34,layer2.7.conv2,0.0461376
8,35,layer2.8.conv1,0.0434247
8,36,layer2.8.conv2,0.0427907
8,37,layer3.0.conv1,0.0534258
8,38,layer3.0.conv2,0.0695668
8,39,layer3.1.conv1,0.0757482
8,40,layer3.1.conv2,0.0743134
8,41,layer3.2.conv1,0.071545
8,42,layer3.2.conv2,0.0679124
8,43,layer3.3.conv1,0.0627057
8,44,layer3.3.conv2,0.0611722
8,45,layer3.4.conv1,0.0614547
8,46,layer3.4.conv2,0.0605018
8,47,layer3.5.conv1,0.0603863
8,48,layer3.5.conv2,0.0623253
8,49,layer3.6.conv1,0.0667054
8,50,layer3.6.conv2,0.0722903
8,51,layer3.7.conv1,0.0788213
8,52,layer3.7.conv2,0.0836508
8,53,layer3.8.conv1,0.0885317
8,54,layer3.8.conv2,0.100937
9,0,conv1,0.0096084
9,1,layer1.0.conv1,0.00698403
9,2,layer1.0.conv2,0.00839625
9,3,layer1.1.conv1,0.0101196
9,4,layer1.1.conv2,0.0247994
9,5,layer1.2.conv1,0.0205354
9,6,layer1.2.conv2,0.0197839
9,7,layer1.3.conv1,0.0231485
9,8,layer1.3.conv2,0.0304559
9,9,layer1.4.conv1,0.037565
9,10,layer1.4.conv2,0.0370019
9,11,layer1.5.conv1,0.0357581
9,12,layer1.5.conv2,0.0835594
9,13,layer1.6.conv1,0.0575633
9,14,layer1.6.conv2,0.0470364
9,15,layer1.7.conv1,0.0539394
9,16,layer1.7.conv2,0.0452788
9,17,layer1.8.conv1,0.0632287
9,18,layer1.8.conv2,0.0860686
9,19,layer2.0.conv1,0.0899429
9,20,layer2.0.conv2,0.115307
9,21,layer2.1.conv1,0.121456
9,22,layer2.1.conv2,0.134943
9,23,layer2.2.conv1,0.132667
9,24,layer2.2.conv2,0.116558
9,25,layer2.3.conv1,0.0920587
9,26,layer2.3.conv2,0.0751609
9,27,layer2.4.conv1,0.0649514
9,28,layer2.4.conv2,0.0580579
9,29,layer2.5.conv1,0.0481586
9,30,layer2.5.conv2,0.0456956
9,31,layer2.6.conv1,0.0421336
9,32,layer2.6.conv2,0.0373787
9,33,layer2.7.conv1,0.0375346
9,34,layer2.7.conv2,0.0381654
9,35,layer2.8.conv1,0.0389948
9,36,layer2.8.conv2,0.040934
9,37,layer3.0.conv1,0.0517465
9,38,layer3.0.conv2,0.0714634
9,39,layer3.1.conv1,0.074929
9,40,layer3.1.conv2,0.0728065
9,41,layer3.2.conv1,0.0701364
9,42,layer3.2.conv2,0.0651479
9,43,layer3.3.conv1,0.0606526
9,44,layer3.3.conv2,0.0602553
9,45,layer3.4.conv1,0.0596281
9,46,layer3.4.conv2,0.060301
9,47,layer3.5.conv1,0.060973
9,48,layer3.5.conv2,0.0640833
9,49,layer3.6.conv1,0.0673529
9,50,layer3.6.conv2,0.0737214
9,51,layer3.7.conv1,0.0804642
9,52,layer3.7.conv2,0.0879253
9,53,layer3.8.conv1,0.0934024
9,54,layer3.8.conv2,0.103061
10,0,conv1,0.00999955
10,1,layer1.0.conv1,0.0077883
10,2,layer1.0.conv2,0.00854617
10,3,layer1.1.conv1,0.0114028
10,4,layer1.1.conv2,0.0266267
10,5,layer1.2.conv1,0.0241002
10,6,layer1.2.conv2,0.0206716
10,7,layer1.3.conv1,0.0206991
10,8,layer1.3.conv2,0.0318775
10,9,layer1.4.conv1,0.0404594
10,10,layer1.4.conv2,0.0336822
10,11,layer1.5.conv1,0.0378335
10,12,layer1.5.conv2,0.0863226
10,13,layer1.6.conv1,0.0634617
10,14,layer1.6.conv2,0.048941
10,15,layer1.7.conv1,0.057823
10,16,layer1.7.conv2,0.0480725
10,17,layer1.8.conv1,0.0609976
10,18,layer1.8.conv2,0.0843165
10,19,layer2.0.conv1,0.0900925
10,20,layer2.0.conv2,0.116767
10,21,layer2.1.conv1,0.120619
10,22,layer2.1.conv2,0.130087
10,23,layer2.2.conv1,0.128389
10,24,layer2.2.conv2,0.112542
10,25,layer2.3.conv1,0.0953098
10,26,layer2.3.conv2,0.0768437
10,27,layer2.4.conv1,0.0684893
10,28,layer2.4.conv2,0.0631968
10,29,layer2.5.conv1,0.0495929
10,30,layer2.5.conv2,0.0476136
10,31,layer2.6.conv1,0.0420972
10,32,layer2.6.conv2,0.0385837
10,33,layer2.7.conv1,0.0364405
10,34,layer2.7.conv2,0.0385521
10,35,layer2.8.conv1,0.0381715
10,36,layer2.8.conv2,0.0397367
10,37,layer3.0.conv1,0.0506402
10,38,layer3.0.conv2,0.0716942
10,39,layer3.1.conv1,0.075248
10,40,layer3.1.conv2,0.0730745
10,41,layer3.2.conv1,0.0715921
10,42,layer3.2.conv2,0.0660726
10,43,layer3.3.conv1,0.0620135
10,44,layer3.3.conv2,0.0613016
10,45,layer3.4.conv1,0.0610261
10,46,layer3.4.conv2,0.060003
10,47,layer3.5.conv1,0.0617296
10,48,layer3.5.conv2,0.0646249
10,49,layer3.6.conv1,0.0701125
10,50,layer3.6.conv2,0.0757116
10,51,layer3.7.conv1,0.0813948
10,52,layer3.7.conv2,0.085723
10,53,layer3.8.conv1,0.090034
10,54,layer3.8.conv2,0.100964
11,0,conv1,0.0104873
11,1,layer1.0.conv1,0.00894515
11,2,layer1.0.conv2,0.00957409
11,3,layer1.1.conv1,0.0130569
11,4,layer1.1.conv2,0.0340822
11,5,layer1.2.conv1,0.0263001
11,6,layer1.2.conv2,0.0217583
11,7,layer1.3.conv1,0.0230567
11,8,layer1.3.conv2,0.0301937
11,9,layer1.4.conv1,0.0385095
11,10,layer1.4.conv2,0.0337906
11,11,layer1.5.conv1,0.0356044
11,12,layer1.5.conv2,0.0787838
11,13,layer1.6.conv1,0.0586378
11,14,layer1.6.conv2,0.0521125
11,15,layer1.7.conv1,0.0591661
11,16,layer1.7.conv2,0.0511993
11,17,layer1.8.conv1,0.0664858
11,18,layer1.8.conv2,0.0858477
11,19,layer2.0.conv1,0.0938359
11,20,layer2.0.conv2,0.124138
11,21,layer2.1.conv1,0.129217
11,22,layer2.1.conv2,0.139715
11,23,layer2.2.conv1,0.134023
11,24,layer2.2.conv2,0.116432
11,25,layer2.3.conv1,0.0976985
11,26,layer2.3.conv2,0.078224
11,27,layer2.4.conv1,0.0693962
11,28,layer2.4.conv2,0.0621533
11,29,layer2.5.conv1,0.0492225
11,30,layer2.5.conv2,0.0472702
11,31,layer2.6.conv1,0.041475
11,32,layer2.6.conv2,0.0389966
11,33,layer2.7.conv1,0.0393704
11,34,layer2.7.conv2,0.0399818
11,35,layer2.8.conv1,0.0390087
11,36,layer2.8.conv2,0.0419056
11,37,layer3.0.conv1,0.0518452
11,38,layer3.0.conv2,0.0710897
11,39,layer3.1.conv1,0.076706
11,40,layer3.1.conv2,0.0741028
11,41,layer3.2.conv1,0.0721975
11,42,layer3.2.conv2,0.0672666
11,43,layer3.3.conv1,0.0617069
11,44,layer3.3.conv2,0.0594401
11,45,layer3.4.conv1,0.0587321
11,46,layer3.4.conv2,0.06041
11,47,layer3.5.conv1,0.0617356
11,48,layer3.5.conv2,0.0656466
11,49,layer3.6.conv1,0.0699865
11,50,layer3.6.conv2,0.0770835
11,51,layer3.7.conv1,0.0819646
11,52,layer3.7.conv2,0.0890986
11,53,layer3.8.conv1,0.0961577
11,54,layer3.8.conv2,0.104147
12,0,conv1,0.0104854
12,1,layer1.0.conv1,0.00845637
12,2,layer1.0.conv2,0.0107936
12,3,layer1.1.conv1,0.014829
12,4,layer1.1.conv2,0.0338783
12,5,layer1.2.conv1,0.0284798
12,6,layer1.2.conv2,0.0248923
12,7,layer1.3.conv1,0.0270253
12,8,layer1.3.conv2,0.0388668
12,9,layer1.4.conv1,0.0440581
12,10,layer1.4.conv2,0.0402362
12,11,layer1.5.conv1,0.042419
12,12,layer1.5.conv2,0.0937815
12,13,layer1.6.conv1,0.0664839
12,14,layer1.6.conv2,0.0513633
12,15,layer1.7.conv1,0.0586474
12,16,layer1.7.conv2,0.0506064
12,17,layer1.8.conv1,0.0634129
12,18,layer1.8.conv2,0.0832458
12,19,layer2.0.conv1,0.0928244
12,20,layer2.0.conv2,0.126501
12,21,layer2.1.conv1,0.137355
12,22,layer2.1.conv2,0.157286
12,23,layer2.2.conv1,0.151926
12,24,layer2.2.conv2,0.130426
12,25,layer2.3.conv1,0.10937
12,26,layer2.3.conv2,0.0851703
12,27,layer2.4.conv1,0.0748991
12,28,layer2.4.conv2,0.0639701
12,29,layer2.5.conv1,0.0525684
12,30,layer2.5.conv2,0.0455537
12,31,layer2.6.conv1,0.0399648
12,32,layer2.6.conv2,0.0367945
12,33,layer2.7.conv1,0.0383794
12,34,layer2.7.conv2,0.03971
12,35,layer2.8.conv1,0.0389692
12,36,layer2.8.conv2,0.0406878
12,37,layer3.0.conv1,0.0521761
12,38,layer3.0.conv2,0.0746438
12,39,layer3.1.conv1,0.0763628
12,40,layer3.1.conv2,0.0742856
12,41,layer3.2.conv1,0.071021
12,42,layer3.2.conv2,0.0672032
12,43,layer3.3.conv1,0.0607981
12,44,layer3.3.conv2,0.0592254
12,45,layer3.4.conv1,0.0585873
12,46,layer3.4.conv2,0.058574
12,47,layer3.5.conv1,0.0601004
12,48,layer3.5.conv2,0.0636792
12,49,layer3.6.conv1,0.0685519
12,50,layer3.6.conv2,0.0744402
12,51,layer3.7.conv1,0.0791283
12,52,layer3.7.conv2,0.0862021
12,53,layer3.8.conv1,0.0930377
12,54,layer3.8.conv2,0.0999463
13,0,conv1,0.0109314
13,1,layer1.0.conv1,0.00852769
13,2,layer1.0.conv2,0.0110581
13,3,layer1.1.conv1,0.0181326
13,4,layer1.1.conv2,0.0356676
13,5,layer1.2.conv1,0.0302536
13,6,layer1.2.conv2,0.0254125
13,7,layer1.3.conv1,0.0277529
13,8,layer1.3.conv2,0.0363179
13,9,layer1.4.conv1,0.0404593
13,10,layer1.4.conv2,0.0355821
13,11,layer1.5.conv1,0.039568
13,12,layer1.5.conv2,0.0786468
13,13,layer1.6.conv1,0.0633751
13,14,layer1.6.conv2,0.0545287
13,15,layer1.7.conv1,0.0599653
13,16,layer1.7.conv2,0.0570116
13,17,layer1.8.conv1,0.0674563
13,18,layer1.8.conv2,0.0836878
13,19,layer2.0.conv1,0.0986443
13,20,layer2.0.conv2,0.128406
13,21,layer2.1.conv1,0.134255
13,22,layer2.1.conv2,0.154805
13,23,layer2.2.conv1,0.150373
13,24,layer2.2.conv2,0.134847
13,25,layer2.3.conv1,0.118211
13,26,layer2.3.conv2,0.0924316
13,27,layer2.4.conv1,0.0831712
13,28,layer2.4.conv2,0.0733
13,29,layer2.5.conv1,0.0632111
13,30,layer2.5.conv2,0.0537138
13,31,layer2.6.conv1,0.0450934
13,32,layer2.6.conv2,0.0408708
13,33,layer2.7.conv1,0.0430197
13,34,layer2.7.conv2,0.0417493
13,35,layer2.8.conv1,0.0395888
13,36,layer2.8.conv2,0.0426445
13,37,layer3.0.conv1,0.0548976
13,38,layer3.0.conv2,0.076603
13,39,layer3.1.conv1,0.0788743
13,40,layer3.1.conv2,0.0729168
13,41,layer3.2.conv1,0.0698592
13,42,layer3.2.conv2,0.0662076
13,43,layer3.3.conv1,0.0612347
13,44,layer3.3.conv2,0.0593551
13,45,layer3.4.conv1,0.058893
13,46,layer3.4.conv2,0.0585029
13,47,layer3.5.conv1,0.0604076
13,48,layer3.5.conv2,0.0642347
13,49,layer3.6.conv1,0.0702312
13,50,layer3.6.conv2,0.0766151
13,51,layer3.7.conv1,0.0817066
13,52,layer3.7.conv2,0.0875612
13,53,layer3.8.conv1,0.0918913
13,54,layer3.8.conv2,0.0985168
14,0,conv1,0.0124635
14,1,layer1.0.conv1,0.00987465
14,2,layer1.0.conv2,0.0114088
14,3,layer1.1.conv1,0.0177964
14,4,layer1.1.conv2,0.0358621
14,5,layer1.2.conv1,0.0297525
14,6,layer1.2.conv2,0.0243688
14,7,layer1.3.conv1,0.0279485
14,8,layer1.3.conv2,0.0372793
14,9,layer1.4.conv1,0.0424742
14,10,layer1.4.conv2,0.0385805
14,11,layer1.5.conv1,0.0401166
14,12,layer1.5.conv2,0.073856
14,13,layer1.6.conv1,0.0597184
14,14,layer1.6.conv2,0.0581868
14,15,layer1.7.conv1,0.0611392
14,16,layer1.7.conv2,0.0551784
14,17,layer1.8.conv1,0.0693092
14,18,layer1.8.conv2,0.083448
14,19,layer2.0.conv1,0.101054
14,20,layer2.0.conv2,0.13653
14,21,layer2.1.conv1,0.146516
14,22,layer2.1.conv2,0.166972
14,23,layer2.2.conv1,0.168102
14,24,layer2.2.conv2,0.153948
14,25,layer2.3.conv1,0.129428
14,26,layer2.3.conv2,0.0991927
14,27,layer2.4.conv1,0.0857926
14,28,layer2.4.conv2,0.0728704
14,29,layer2.5.conv1,0.0635381
14,30,layer2.5.conv2,0.0560942
14,31,layer2.6.conv1,0.0494396
14,32,layer2.6.conv2,0.0453809
14,33,layer2.7.conv1,0.0463297
14,34,layer2.7.conv2,0.0454374
14,35,layer2.8.conv1,0.0443777
14,36,layer2.8.conv2,0.0478081
14,37,layer3.0.conv1,0.0604169
14,38,layer3.0.conv2,0.081138
14,39,layer3.1.conv1,0.0844645
14,40,layer3.1.conv2,0.0814079
14,41,layer3.2.conv1,0.0776176
14,42,layer3.2.conv2,0.0705211
14,43,layer3.3.conv1,0.0659043
14,44,layer3.3.conv2,0.0629791
14,45,layer3.4.conv1,0.0617388
14,46,layer3.4.conv2,0.0602566
14,47,layer3.5.conv1,0.0612656
14,48,layer3.5.conv2,0.0647569
14,49,layer3.6.conv1,0.0701172
14,50,layer3.6.conv2,0.0772242
14,51,layer3.7.conv1,0.0823536
14,52,layer3.7.conv2,0.0900946
14,53,layer3.8.conv1,0.0958236
14,54,layer3.8.conv2,0.104176
15,0,conv1,0.0139502
15,1,layer1.0.conv1,0.0097307
15,2,layer1.0.conv2,0.0119144
15,3,layer1.1.conv1,0.0173722
15,4,layer1.1.conv2,0.0331513
15,5,layer1.2.conv1,0.0243735
15,6,layer1.2.conv2,0.0223192
15,7,layer1.3.conv1,0.0225377
15,8,layer1.3.conv2,0.0406212
15,9,layer1.4.conv1,0.0453323
15,10,layer1.4.conv2,0.0385615
15,11,layer1.5.conv1,0.0394608
15,12,layer1.5.conv2,0.0751542
15,13,layer1.6.conv1,0.0649648
15,14,layer1.6.conv2,0.0604107
15,15,layer1.7.conv1,0.0687404
15,16,layer1.7.conv2,0.062518
15,17,layer1.8.conv1,0.0753083
15,18,layer1.8.conv2,0.0875746
15,19,layer2.0.conv1,0.103916
15,20,layer2.0.conv2,0.143893
15,21,layer2.1.conv1,0.150676
15,22,layer2.1.conv2,0.174683
15,23,layer2.2.conv1,0.175825
15,24,layer2.2.conv2,0.15909
15,25,layer2.3.conv1,0.133136
15,26,layer2.3.conv2,0.102521
15,27,layer2.4.conv1,0.0886901
15,28,layer2.4.conv2,0.0804525
15,29,layer2.5.conv1,0.0696228
15,30,layer2.5.conv2,0.0563002
15,31,layer2.6.conv1,0.0483757
15,32,layer2.6.conv2,0.0448771
15,33,layer2.7.conv1,0.0446151
15,34,layer2.7.conv2,0.0450413
15,35,layer2.8.conv1,0.0446228
15,36,layer2.8.conv2,0.0473394
15,37,layer3.0.conv1,0.0581306
15,38,layer3.0.conv2,0.0821084
15,39,layer3.1.conv1,0.0856923
15,40,layer3.1.conv2,0.0796818
15,41,layer3.2.conv1,0.0756171
15,42,layer3.2.conv2,0.0706147
15,43,layer3.3.conv1,0.0665037
15,44,layer3.3.conv2,0.062129
15,45,layer3.4.conv1,0.0612989
15,46,layer3.4.conv2,0.0606548
15,47,layer3.5.conv1,0.061546
15,48,layer3.5.conv2,0.0656
15,49,layer3.6.conv1,0.071803
15,50,layer3.6.conv2,0.0798051
15,51,layer3.7.conv1,0.0864112
15,52,layer3.7.conv2,0.0938972
15,53,layer3.8.conv1,0.0991744
15,54,layer3.8.conv2,0.108456
16,0,conv1,0.0118847
16,1,layer1.0.conv1,0.00961967
16,2,layer1.0.conv2,0.0127011
16,3,layer1.1.conv1,0.02024
16,4,layer1.1.conv2,0.0312659
16,5,layer1.2.conv1,0.0271713
16,6,layer1.2.conv2,0.0270543
16,7,layer1.3.conv1,0.0315654
16,8,layer1.3.conv2,0.0428416
16,9,layer1.4.conv1,0.0486895
16,10,layer1.4.conv2,0.0400788
16,11,layer1.5.conv1,0.0424942
16,12,layer1.5.conv2,0.0751412
16,13,layer1.6.conv1,0.064392
16,14,layer1.6.conv2,0.059169
16,15,layer1.7.conv1,0.068651
16,16,layer1.7.conv2,0.06
16,17,layer1.8.conv1,0.0827131
16,18,layer1.8.conv2,0.0960356
16,19,layer2.0.conv1,0.113844
16,20,layer2.0.conv2,0.143695
16,21,layer2.1.conv1,0.152978
16,22,layer2.1.conv2,0.166235
16,23,layer2.2.conv1,0.168683
16,24,layer2.2.conv2,0.159734
16,25,layer2.3.conv1,0.137033
16,26,layer2.3.conv2,0.107127
16,27,layer2.4.conv1,0.089266
16,28,layer2.4.conv2,0.0763583
16,29,layer2.5.conv1,0.0688709
16,30,layer2.5.conv2,0.0587455
16,31,layer2.6.conv1,0.0467652
16,32,layer2.6.conv2,0.0402924
16,33,layer2.7.conv1,0.041114
16,34,layer2.7.conv2,0.0416134
16,35,layer2.8.conv1,0.0424477
16,36,layer2.8.conv2,0.0460212
16,37,layer3.0.conv1,0.0570367
16,38,layer3.0.conv2,0.0824026
16,39,layer3.1.conv1,0.0879104
16,40,layer3.1.conv2,0.0818391
16,41,layer3.2.conv1,0.0772149
16,42,layer3.2.conv2,0.07134
16,43,layer3.3.conv1,0.0656923
16,44,layer3.3.conv2,0.0622653
16,45,layer3.4.conv1,0.0614918
16,46,layer3.4.conv2,0.0607037
16,47,layer3.5.conv1,0.0606381
16,48,layer3.5.conv2,0.0653371
16,49,layer3.6.conv1,0.0705909
16,50,layer3.6.conv2,0.079734
16,51,layer3.7.conv1,0.0867945
16,52,layer3.7.conv2,0.0932598
16,53,layer3.8.conv1,0.0990619
16,54,layer3.8.conv2,0.104814
17,0,conv1,0.0142573
17,1,layer1.0.conv1,0.0117538
17,2,layer1.0.conv2,0.013196
17,3,layer1.1.conv1,0.0194621
17,4,layer1.1.conv2,0.0352988
17,5,layer1.2.conv1,0.0285453
17,6,layer1.2.conv2,0.0300189
17,7,layer1.3.conv1,0.0352533
17,8,layer1.3.conv2,0.0528548
17,9,layer1.4.conv1,0.0456986
17,10,layer1.4.conv2,0.0416104
17,11,layer1.5.conv1,0.0413875
17,12,layer1.5.conv2,0.0761694
17,13,layer1.6.conv1,0.0637338
17,14,layer1.6.conv2,0.0589713
17,15,layer1.7.conv1,0.0730084
17,16,layer1.7.conv2,0.0671538
17,17,layer1.8.conv1,0.0822024
17,18,layer1.8.conv2,0.0984329
17,19,layer2.0.conv1,0.11806
17,20,layer2.0.conv2,0.152983
17,21,layer2.1.conv1,0.168203
17,22,layer2.1.conv2,0.187072
17,23,layer2.2.conv1,0.186794
17,24,layer2.2.conv2,0.167622
17,25,layer2.3.conv1,0.142025
17,26,layer2.3.conv2,0.115001
17,27,layer2.4.conv1,0.106073
17,28,layer2.4.conv2,0.0913393
17,29,layer2.5.conv1,0.0771192
17,30,layer2.5.conv2,0.0646529
17,31,layer2.6.conv1,0.0499156
17,32,layer2.6.conv2,0.0442595
17,33,layer2.7.conv1,0.0424234
17,34,layer2.7.conv2,0.0432922
17,35,layer2.8.conv1,0.0436019
17,36,layer2.8.conv2,0.0484227
17,37,layer3.0.conv1,0.059854
17,38,layer3.0.conv2,0.0871748
17,39,layer3.1.conv1,0.0923538
17,40,layer3.1.conv2,0.0880343
17,41,layer3.2.conv1,0.0816497
17,42,layer3.2.conv2,0.0750252
17,43,layer3.3.conv1,0.0692173
17,44,layer3.3.conv2,0.0656249
17,45,layer3.4.conv1,0.0649116
17,46,layer3.4.conv2,0.0636027
17,47,layer3.5.conv1,0.0655094
17,48,layer3.5.conv2,0.0710739
17,49,layer3.6.conv1,0.079291
17,50,layer3.6.conv2,0.0889208
17,51,layer3.7.conv1,0.0970049
17,52,layer3.7.conv2,0.103909
17,53,layer3.8.conv1,0.110885
17,54,layer3.8.conv2,0.112704
18,0,conv1,0.0163576
18,1,layer1.0.conv1,0.0119876
18,2,layer1.0.conv2,0.0146363
18,3,layer1.1.conv1,0.0239466
18,4,layer1.1.conv2,0.0402608
18,5,layer1.2.conv1,0.0335096
18,6,layer1.2.conv2,0.0321395
18,7,layer1.3.conv1,0.0340549
18,8,layer1.3.conv2,0.048612
18,9,layer1.4.conv1,0.0506026
18,10,layer1.4.conv2,0.0442218
18,11,layer1.5.conv1,0.0437695
18,12,layer1.5.conv2,0.0794505
18,13,layer1.6.conv1,0.0723178
18,14,layer1.6.conv2,0.061235
18,15,layer1.7.conv1,0.0764525
18,16,layer1.7.conv2,0.0709084
18,17,layer1.8.conv1,0.0906983
18,18,layer1.8.conv2,0.105088
18,19,layer2.0.conv1,0.126347
18,20,layer2.0.conv2,0.167854
18,21,layer2.1.conv1,0.181585
18,22,layer2.1.conv2,0.197754
18,23,layer2.2.conv1,0.202221
18,24,layer2.2.conv2,0.183837
18,25,layer2.3.conv1,0.154261
18,26,layer2.3.conv2,0.12789
18,27,layer2.4.conv1,0.1095
18,28,layer2.4.conv2,0.0891362
18,29,layer2.5.conv1,0.0749889
18,30,layer2.5.conv2,0.0637187
18,31,layer2.6.conv1,0.0502888
18,32,layer2.6.conv2,0.0454029
18,33,layer2.7.conv1,0.0441986
18,34,layer2.7.conv2,0.0450467
18,35,layer2.8.conv1,0.0472649
18,36,layer2.8.conv2,0.0502487
18,37,layer3.0.conv1,0.0617797
18,38,layer3.0.conv2,0.090419
18,39,layer3.1.conv1,0.0965483
18,40,layer3.1.conv2,0.0929862
18,41,layer3.2.conv1,0.0877225
18,42,layer3.2.conv2,0.0791552
18,43,layer3.3.conv1,0.0732815
18,44,layer3.3.conv2,0.0686188
18,45,layer3.4.conv1,0.066827
18,46,layer3.4.conv2,0.0666632
18,47,layer3.5.conv1,0.06824
18,48,layer3.5.conv2,0.0720704
18,49,layer3.6.conv1,0.0773013
18,50,layer3.6.conv2,0.0854907
18,51,layer3.7.conv1,0.0949314
18,52,layer3.7.conv2,0.10228
18,53,layer3.8.conv1,0.108694
18,54,layer3.8.conv2,0.113136
19,0,conv1,0.0144842
19,1,layer1.0.conv1,0.0130198
19,2,layer1.0.conv2,0.0152862
19,3,layer1.1.conv1,0.0217318
19,4,layer1.1.conv2,0.035318
19,5,layer1.2.conv1,0.0307696
19,6,layer1.2.conv2,0.0257083
19,7,layer1.3.conv1,0.0307106
19,8,layer1.3.conv2,0.0473145
19,9,layer1.4.conv1,0.0444457
19,10,layer1.4.conv2,0.0407728
19,11,layer1.5.conv1,0.0443567
19,12,layer1.5.conv2,0.0713427
19,13,layer1.6.conv1,0.0651636
19,14,layer1.6.conv2,0.0562386
19,15,layer1.7.conv1,0.0725007
19,16,layer1.7.conv2,0.0698318
19,17,layer1.8.conv1,0.0813499
19,18,layer1.8.conv2,0.099055
19,19,layer2.0.conv1,0.116905
19,20,layer2.0.conv2,0.155831
19,21,layer2.1.conv1,0.168934
19,22,layer2.1.conv2,0.190226
19,23,layer2.2.conv1,0.19849
19,24,layer2.2.conv2,0.178981
19,25,layer2.3.conv1,0.149721
19,26,layer2.3.conv2,0.12452
19,27,layer2.4.conv1,0.106919
19,28,layer2.4.conv2,0.0932094
19,29,layer2.5.conv1,0.0810001
19,30,layer2.5.conv2,0.0662881
19,31,layer2.6.conv1,0.0541377
19,32,layer2.6.conv2,0.0472263
19,33,layer2.7.conv1,0.0436155
19,34,layer2.7.conv2,0.0446524
19,35,layer2.8.conv1,0.0443576
19,36,layer2.8.conv2,0.0482876
19,37,layer3.0.conv1,0.0583394
19,38,layer3.0.conv2,0.0832357
19,39,layer3.1.conv1,0.0890571
19,40,layer3.1.conv2,0.0870046
19,41,layer3.2.conv1,0.0802309
19,42,layer3.2.conv2,0.0719069
19,43,layer3.3.conv1,0.0665946
19,44,layer3.3.conv2,0.0613432
19,45,layer3.4.conv1,0.0602838
19,46,layer3.4.conv2,0.0599763
19,47,layer3.5.conv1,0.0623552
19,48,layer3.5.conv2,0.0668591
19,49,layer3.6.conv1,0.0738712
19,50,layer3.6.conv2,0.080091
19,51,layer3.7.conv1,0.0883616
19,52,layer3.7.conv2,0.0954643
19,53,layer3.8.conv1,0.106017
19,54,layer3.8.conv2,0.110764
20,0,conv1,0.0175896
20,1,layer1.0.conv1,0.012749
20,2,layer1.0.conv2,0.0166822
20,3,layer1.1.conv1,0.0267384
20,4,layer1.1.conv2,0.040983
20,5,layer1.2.conv1,0.0356166
20,6,layer1.2.conv2,0.0286294
20,7,layer1.3.conv1,0.0327576
20,8,layer1.3.conv2,0.0483541
20,9,layer1.4.conv1,0.0427469
20,10,layer1.4.conv2,0.0436157
20,11,layer1.5.conv1,0.0519694
20,12,layer1.5.conv2,0.0830452
20,13,layer1.6.conv1,0.0703228
20,14,layer1.6.conv2,0.0642317
20,15,layer1.7.conv1,0.081038
20,16,layer1.7.conv2,0.075888
20,17,layer1.8.conv1,0.102079
20,18,layer1.8.conv2,0.119833
20,19,layer2.0.conv1,0.139494
20,20,layer2.0.conv2,0.181455
20,21,layer2.1.conv1,0.194863
20,22,layer2.1.conv2,0.209959
20,23,layer2.2.conv1,0.213895
20,24,layer2.2.conv2,0.18913
20,25,layer2.3.conv1,0.155682
20,26,layer2.3.conv2,0.128605
20,27,layer2.4.conv1,0.115665
20,28,layer2.4.conv2,0.10039
20,29,layer2.5.conv1,0.0868837
20,30,layer2.5.conv2,0.070179
20,31,layer2.6.conv1,0.0570268
20,32,layer2.6.conv2,0.0510544
20,33,layer2.7.conv1,0.0469899
20,34,layer2.7.conv2,0.0483082
20,35,layer2.8.conv1,0.0487595
20,36,layer2.8.conv2,0.0541645
20,37,layer3.0.conv1,0.0696218
20,38,layer3.0.conv2,0.0995425
20,39,layer3.1.conv1,0.102918
20,40,layer3.1.conv2,0.0989957
20,41,layer3.2.conv1,0.0917037
20,42,layer3.2.conv2,0.0823538
20,43,layer3.3.conv1,0.0751651
20,44,layer3.3.conv2,0.0706548
20,45,layer3.4.conv1,0.068919
20,46,layer3.4.conv2,0.0688788
20,47,layer3.5.conv1,0.070572
20,48,layer3.5.conv2,0.0749395
20,49,layer3.6.conv1,0.0822402
20,50,layer3.6.conv2,0.0903279
20,51,layer3.7.conv1,0.0972512
20,52,layer3.7.conv2,0.104678
20,53,layer3.8.conv1,0.111933
20,54,layer3.8.conv2,0.116721
21,0,conv1,0.0162806
21,1,layer1.0.conv1,0.0135744
21,2,layer1.0.conv2,0.0160083
21,3,layer1.1.conv1,0.0250365
21,4,layer1.1.conv2,0.0415561
21,5,layer1.2.conv1,0.0355765
21,6,layer1.2.conv2,0.0311713
21,7,layer1.3.conv1,0.0330514
21,8,layer1.3.conv2,0.0484488
21,9,layer1.4.conv1,0.0416409
21,10,layer1.4.conv2,0.0468845
21,11,layer1.5.conv1,0.0532232
21,12,layer1.5.conv2,0.0827812
21,13,layer1.6.conv1,0.0717884
21,14,layer1.6.conv2,0.0618764
21,15,layer1.7.conv1,0.080161
21,16,layer1.7.conv2,0.0708823
21,17,layer1.8.conv1,0.0835127
21,18,layer1.8.conv2,0.102341
21,19,layer2.0.conv1,0.122983
21,20,layer2.0.conv2,0.163681
21,21,layer2.1.conv1,0.177831
21,22,layer2.1.conv2,0.197794
21,23,layer2.2.conv1,0.206783
21,24,layer2.2.conv2,0.185334
21,25,layer2.3.conv1,0.152943
21,26,layer2.3.conv2,0.12554
21,27,layer2.4.conv1,0.111135
21,28,layer2.4.conv2,0.0945874
21,29,layer2.5.conv1,0.081307
21,30,layer2.5.conv2,0.0643779
21,31,layer2.6.conv1,0.0507672
21,32,layer2.6.conv2,0.0453487
21,33,layer2.7.conv1,0.0442267
21,34,layer2.7.conv2,0.0443411
21,35,layer2.8.conv1,0.0447033
21,36,layer2.8.conv2,0.0489182
21,37,layer3.0.conv1,0.0593428
21,38,layer3.0.conv2,0.0830508
21,39,layer3.1.conv1,0.0882274
21,40,layer3.1.conv2,0.0856001
21,41,layer3.2.conv1,0.082052
21,42,layer3.2.conv2,0.0750153
21,43,layer3.3.conv1,0.0698617
21,44,layer3.3.conv2,0.0669766
21,45,layer3.4.conv1,0.0653213
21,46,layer3.4.conv2,0.0642522
21,47,layer3.5.conv1,0.0659323
21,48,layer3.5.conv2,0.0695619
21,49,layer3.6.conv1,0.0758847
21,50,layer3.6.conv2,0.0834062
21,51,layer3.7.conv1,0.0899789
21,52,layer3.7.conv2,0.0989732
21,53,layer3.8.conv1,0.107335
21,54,layer3.8.conv2,0.114688
22,0,conv1,0.0158819
22,1,layer1.0.conv1,0.0153899
22,2,layer1.0.conv2,0.0188927
22,3,layer1.1.conv1,0.0276064
22,4,layer1.1.conv2,0.0390619
22,5,layer1.2.conv1,0.0332428
22,6,layer1.2.conv2,0.0261119
22,7,layer1.3.conv1,0.0291235
22,8,layer1.3.conv2,0.0422019
22,9,layer1.4.conv1,0.0436375
22,10,layer1.4.conv2,0.0399444
22,11,layer1.5.conv1,0.0473989
22,12,layer1.5.conv2,0.0781356
22,13,layer1.6.conv1,0.06766
22,14,layer1.6.conv2,0.0581891
22,15,layer1.7.conv1,0.0723228
22,16,layer1.7.conv2,0.0703011
22,17,layer1.8.conv1,0.0852239
22,18,layer1.8.conv2,0.101288
22,19,layer2.0.conv1,0.130646
22,20,layer2.0.conv2,0.176906
22,21,layer2.1.conv1,0.192432
22,22,layer2.1.conv2,0.212281
22,23,layer2.2.conv1,0.221582
22,24,layer2.2.conv2,0.204621
22,25,layer2.3.conv1,0.167213
22,26,layer2.3.conv2,0.13776
22,27,layer2.4.conv1,0.119299
22,28,layer2.4.conv2,0.0977071
22,29,layer2.5.conv1,0.085728
22,30,layer2.5.conv2,0.0697249
22,31,layer2.6.conv1,0.0593901
22,32,layer2.6.conv2,0.0555053
22,33,layer2.7.conv1,0.0515803
22,34,layer2.7.conv2,0.0518089
22,35,layer2.8.conv1,0.0490564
22,36,layer2.8.conv2,0.0511394
22,37,layer3.0.conv1,0.0615725
22,38,layer3.0.conv2,0.0858365
22,39,layer3.1.conv1,0.0909708
22,40,layer3.1.conv2,0.0872142
22,41,layer3.2.conv1,0.081278
22,42,layer3.2.conv2,0.0733063
22,43,layer3.3.conv1,0.0666145
22,44,layer3.3.conv2,0.0640371
22,45,layer3.4.conv1,0.0631629
22,46,layer3.4.conv2,0.0625045
22,47,layer3.5.conv1,0.0644
22,48,layer3.5.conv2,0.0667403
22,49,layer3.6.conv1,0.0736404
22,50,layer3.6.conv2,0.0811307
22,51,layer3.7.conv1,0.087301
22,52,layer3.7.conv2,0.0958341
22,53,layer3.8.conv1,0.106481
22,54,layer3.8.conv2,0.114371
23,0,conv1,0.0172786
23,1,layer1.0.conv1,0.0137882
23,2,layer1.0.conv2,0.018144
23,3,layer1.1.conv1,0.0265101
23,4,layer1.1.conv2,0.0414467
23,5,layer1.2.conv1,0.0356099
23,6,layer1.2.conv2,0.0298841
23,7,layer1.3.conv1,0.0309808
23,8,layer1.3.conv2,0.0481636
23,9,layer1.4.conv1,0.0431505
23,10,layer1.4.conv2,0.041206
23,11,layer1.5.conv1,0.0483356
23,12,layer1.5.conv2,0.075243
23,13,layer1.6.conv1,0.0683883
23,14,layer1.6.conv2,0.0584752
23,15,layer1.7.conv1,0.0759001
23,16,layer1.7.conv2,0.0760932
23,17,layer1.8.conv1,0.0896925
23,18,layer1.8.conv2,0.107484
23,19,layer2.0.conv1,0.13371
23,20,layer2.0.conv2,0.181191
23,21,layer2.1.conv1,0.205071
23,22,layer2.1.conv2,0.222114
23,23,layer2.2.conv1,0.225144
23,24,layer2.2.conv2,0.209169
23,25,layer2.3.conv1,0.17247
23,26,layer2.3.conv2,0.145685
23,27,layer2.4.conv1,0.123749
23,28,layer2.4.conv2,0.0998587
23,29,layer2.5.conv1,0.0900103
23,30,layer2.5.conv2,0.0699465
23,31,layer2.6.conv1,0.0532135
23,32,layer2.6.conv2,0.0502143
23,33,layer2.7.conv1,0.0469652
23,34,layer2.7.conv2,0.0479309
23,35,layer2.8.conv1,0.0465054
23,36,layer2.8.conv2,0.0483646
23,37,layer3.0.conv1,0.0594706
23,38,layer3.0.conv2,0.0887437
23,39,layer3.1.conv1,0.093679
23,40,layer3.1.conv2,0.0912209
23,41,layer3.2.conv1,0.0837799
23,42,layer3.2.conv2,0.0743977
23,43,layer3.3.conv1,0.0679415
23,44,layer3.3.conv2,0.063301
23,45,layer3.4.conv1,0.0630094
23,46,layer3.4.conv2,0.0620212
23,47,layer3.5.conv1,0.06302
23,48,layer3.5.conv2,0.0673324
23,49,layer3.6.conv1,0.0751844
23,50,layer3.6.conv2,0.0839642
23,51,layer3.7.conv1,0.0926083
23,52,layer3.7.conv2,0.101129
23,53,layer3.8.conv1,0.111028
23,54,layer3.8.conv2,0.118661
24,0,conv1,0.0226925
24,1,layer1.0.conv1,0.016657
24,2,layer1.0.conv2,0.0187936
24,3,layer1.1.conv1,0.0266363
24,4,layer1.1.conv2,0.0436983
24,5,layer1.2.conv1,0.0410237
24,6,layer1.2.conv2,0.0290497
24,7,layer1.3.conv1,0.0349702
24,8,layer1.3.conv2,0.050023
24,9,layer1.4.conv1,0.0461061
24,10,layer1.4.conv2,0.0480739
24,11,layer1.5.conv1,0.0563131
24,12,layer1.5.conv2,0.0817719
24,13,layer1.6.conv1,0.0710587
24,14,layer1.6.conv2,0.0607228
24,15,layer1.7.conv1,0.0807941
24,16,layer1.7.conv2,0.0824166
24,17,layer1.8.conv1,0.0929412
24,18,layer1.8.conv2,0.117333
24,19,layer2.0.conv1,0.14154
24,20,layer2.0.conv2,0.186922
24,21,layer2.1.conv1,0.201671
24,22,layer2.1.conv2,0.223122
24,23,layer2.2.conv1,0.229742
24,24,layer2.2.conv2,0.214383
24,25,layer2.3.conv1,0.177903
24,26,layer2.3.conv2,0.147435
24,27,layer2.4.conv1,0.127199
24,28,layer2.4.conv2,0.104288
24,29,layer2.5.conv1,0.0919332
24,30,layer2.5.conv2,0.0717779
24,31,layer2.6.conv1,0.0571597
24,32,layer2.6.conv2,0.0501676
24,33,layer2.7.conv1,0.0458084
24,34,layer2.7.conv2,0.0454747
24,35,layer2.8.conv1,0.0470529
24,36,layer2.8.conv2,0.0477251
24,37,layer3.0.conv1,0.0570531
24,38,layer3.0.conv2,0.0845791
24,39,layer3.1.conv1,0.0900456
24,40,layer3.1.conv2,0.0882135
24,41,layer3.2.conv1,0.0812618
24,42,layer3.2.conv2,0.0712665
24,43,layer3.3.conv1,0.065991
24,44,layer3.3.conv2,0.0621968
24,45,layer3.4.conv1,0.060676
24,46,layer3.4.conv2,0.0594517
24,47,layer3.5.conv1,0.0605035
24,48,layer3.5.conv2,0.0640967
24,49,layer3.6.conv1,0.0714312
24,50,layer3.6.conv2,0.0795135
24,51,layer3.7.conv1,0.0890499
24,52,layer3.7.conv2,0.0964419
24,53,layer3.8.conv1,0.10787
24,54,layer3.8.conv2,0.116681
25,0,conv1,0.0197807
25,1,layer1.0.conv1,0.0161951
25,2,layer1.0.conv2,0.0188867
25,3,layer1.1.conv1,0.0269018
25,4,layer1.1.conv2,0.0417218
25,5,layer1.2.conv1,0.0322031
25,6,layer1.2.conv2,0.0279184
25,7,layer1.3.conv1,0.0376469
25,8,layer1.3.conv2,0.0526771
25,9,layer1.4.conv1,0.0439945
25,10,layer1.4.conv2,0.0489814
25,11,layer1.5.conv1,0.0566506
25,12,layer1.5.conv2,0.076241
25,13,layer1.6.conv1,0.0728165
25,14,layer1.6.conv2,0.0603655
25,15,layer1.7.conv1,0.0866666
25,16,layer1.7.conv2,0.0794078
25,17,layer1.8.conv1,0.0918162
25,18,layer1.8.conv2,0.111861
25,19,layer2.0.conv1,0.135474
25,20,layer2.0.conv2,0.180893
25,21,layer2.1.conv1,0.198041
25,22,layer2.1.conv2,0.216025
25,23,layer2.2.conv1,0.230136
25,24,layer2.2.conv2,0.216446
25,25,layer2.3.conv1,0.178618
25,26,layer2.3.conv2,0.147499
25,27,layer2.4.conv1,0.12824
25,28,layer2.4.conv2,0.104631
25,29,layer2.5.conv1,0.0954947
25,30,layer2.5.conv2,0.0729073
25,31,layer2.6.conv1,0.0587539
25,32,layer2.6.conv2,0.0497582
25,33,layer2.7.conv1,0.045248
25,34,layer2.7.conv2,0.0439187
25,35,layer2.8.conv1,0.0438394
25,36,layer2.8.conv2,0.0479165
25,37,layer3.0.conv1,0.0590469
25,38,layer3.0.conv2,0.0871336
25,39,layer3.1.conv1,0.0934864
25,40,layer3.1.conv2,0.0904639
25,41,layer3.2.conv1,0.083378
25,42,layer3.2.conv2,0.0733
25,43,layer3.3.conv1,0.0662177
25,44,layer3.3.conv2,0.0624903
25,45,layer3.4.conv1,0.0607313
25,46,layer3.4.conv2,0.0598366
25,47,layer3.5.conv1,0.0624305
25,48,layer3.5.conv2,0.0663232
25,49,layer3.6.conv1,0.0722279
25,50,layer3.6.conv2,0.0800524
25,51,layer3.7.conv1,0.0875241
25,52,layer3.7.conv2,0.0963806
25,53,layer3.8.conv1,0.108487
25,54,layer3.8.conv2,0.114859
26,0,conv1,0.0206017
26,1,layer1.0.conv1,0.0152462
26,2,layer1.0.conv2,0.0209649
26,3,layer1.1.conv1,0.0319829
26,4,layer1.1.conv2,0.0446676
26,5,layer1.2.conv1,0.0418922
26,6,layer1.2.conv2,0.0316575
26,7,layer1.3.conv1,0.039344
26,8,layer1.3.conv2,0.0519619
26,9,layer1.4.conv1,0.0439542
26,10,layer1.4.conv2,0.0490517
26,11,layer1.5.conv1,0.0537042
26,12,layer1.5.conv2,0.0675355
26,13,layer1.6.conv1,0.0675111
26,14,layer1.6.conv2,0.0623102
26,15,layer1.7.conv1,0.0757371
26,16,layer1.7.conv2,0.0783085
26,17,layer1.8.conv1,0.0878988
26,18,layer1.8.conv2,0.109016
26,19,layer2.0.conv1,0.139142
26,20,layer2.0.conv2,0.189028
26,21,layer2.1.conv1,0.20742
26,22,layer2.1.conv2,0.229163
26,23,layer2.2.conv1,0.233913
26,24,layer2.2.conv2,0.220446
26,25,layer2.3.conv1,0.181973
26,26,layer2.3.conv2,0.150695
26,27,layer2.4.conv1,0.135901
26,28,layer2.4.conv2,0.114979
26,29,layer2.5.conv1,0.105149
26,30,layer2.5.conv2,0.0768183
26,31,layer2.6.conv1,0.0593145
26,32,layer2.6.conv2,0.0486832
26,33,layer2.7.conv1,0.0438187
26,34,layer2.7.conv2,0.0442647
26,35,layer2.8.conv1,0.043785
26,36,layer2.8.conv2,0.0483515
26,37,layer3.0.conv1,0.0613334
26,38,layer3.0.conv2,0.0869564
26,39,layer3.1.conv1,0.0944304
26,40,layer3.1.conv2,0.0926357
26,41,layer3.2.conv1,0.085223
26,42,layer3.2.conv2,0.0765779
26,43,layer3.3.conv1,0.0690561
26,44,layer3.3.conv2,0.0633869
26,45,layer3.4.conv1,0.062478
26,46,layer3.4.conv2,0.0609178
26,47,layer3.5.conv1,0.0610238
26,48,layer3.5.conv2,0.0648398
26,49,layer3.6.conv1,0.0719985
26,50,layer3.6.conv2,0.0809889
26,51,layer3.7.conv1,0.0927331
26,52,layer3.7.conv2,0.101972
26,53,layer3.8.conv1,0.11408
26,54,layer3.8.conv2,0.122348
27,0,conv1,0.020479
27,1,layer1.0.conv1,0.0165057
27,2,layer1.0.conv2,0.0220764
27,3,layer1.1.conv1,0.0304243
27,4,layer1.1.conv2,0.0500754
27,5,layer1.2.conv1,0.0457913
27,6,layer1.2.conv2,0.0347534
27,7,layer1.3.conv1,0.0419856
27,8,layer1.3.conv2,0.0585462
27,9,layer1.4.conv1,0.0493784
27,10,layer1.4.conv2,0.0621402
27,11,layer1.5.conv1,0.0622865
27,12,layer1.5.conv2,0.0767868
27,13,layer1.6.conv1,0.0776225
27,14,layer1.6.conv2,0.068908
27,15,layer1.7.conv1,0.0865621
27,16,layer1.7.conv2,0.0820928
27,17,layer1.8.conv1,0.0942031
27,18,layer1.8.conv2,0.110932
27,19,layer2.0.conv1,0.139405
27,20,layer2.0.conv2,0.190161
27,21,layer2.1.conv1,0.212941
27,22,layer2.1.conv2,0.232187
27,23,layer2.2.conv1,0.238422
27,24,layer2.2.conv2,0.226079
27,25,layer2.3.conv1,0.18873
27,26,layer2.3.conv2,0.159278
27,27,layer2.4.conv1,0.137602
27,28,layer2.4.conv2,0.107862
27,29,layer2.5.conv1,0.0987722
27,30,layer2.5.conv2,0.078358
27,31,layer2.6.conv1,0.0614235
27,32,layer2.6.conv2,0.0514031
27,33,layer2.7.conv1,0.046549
27,34,layer2.7.conv2,0.0456845
27,35,layer2.8.conv1,0.0446748
27,36,layer2.8.conv2,0.0466178
27,37,layer3.0.conv1,0.0575097
27,38,layer3.0.conv2,0.0860877
27,39,layer3.1.conv1,0.093912
27,40,layer3.1.conv2,0.0923206
27,41,layer3.2.conv1,0.0849561
27,42,layer3.2.conv2,0.0748929
27,43,layer3.3.conv1,0.0691701
27,44,layer3.3.conv2,0.0642422
27,45,layer3.4.conv1,0.0630023
27,46,layer3.4.conv2,0.0617431
27,47,layer3.5.conv1,0.0621366
27,48,layer3.5.conv2,0.066192
27,49,layer3.6.conv1,0.0747787
27,50,layer3.6.conv2,0.0839371
27,51,layer3.7.conv1,0.0936133
27,52,layer3.7.conv2,0.101949
27,53,layer3.8.conv1,0.112361
27,54,layer3.8.conv2,0.11804
28,0,conv1,0.0211034
28,1,layer1.0.conv1,0.0174922
28,2,layer1.0.conv2,0.0213923
28,3,layer1.1.conv1,0.0258453
28,4,layer1.1.conv2,0.0428919
28,5,layer1.2.conv1,0.0404285
28,6,layer1.2.conv2,0.0303174
28,7,layer1.3.conv1,0.0399904
28,8,layer1.3.conv2,0.058806
28,9,layer1.4.conv1,0.0454519
28,10,layer1.4.conv2,0.0548843
28,11,layer1.5.conv1,0.0603365
28,12,layer1.5.conv2,0.0716693
28,13,layer1.6.conv1,0.0688269
28,14,layer1.6.conv2,0.0595513
28,15,layer1.7.conv1,0.0741604
28,16,layer1.7.conv2,0.0745097
28,17,layer1.8.conv1,0.0826964
28,18,layer1.8.conv2,0.100254
28,19,layer2.0.conv1,0.136187
28,20,layer2.0.conv2,0.185425
28,21,layer2.1.conv1,0.210516
28,22,layer2.1.conv2,0.229322
28,23,layer2.2.conv1,0.234196
28,24,layer2.2.conv2,0.220352
28,25,layer2.3.conv1,0.184406
28,26,layer2.3.conv2,0.155868
28,27,layer2.4.conv1,0.132485
28,28,layer2.4.conv2,0.105239
28,29,layer2.5.conv1,0.096268
28,30,layer2.5.conv2,0.0755594
28,31,layer2.6.conv1,0.05659
28,32,layer2.6.conv2,0.0487751
28,33,layer2.7.conv1,0.0443489
28,34,layer2.7.conv2,0.0439274
28,35,layer2.8.conv1,0.0428645
28,36,layer2.8.conv2,0.0464884
28,37,layer3.0.conv1,0.0574156
28,38,layer3.0.conv2,0.085122
28,39,layer3.1.conv1,0.0926331
28,40,layer3.1.conv2,0.0904517
28,41,layer3.2.conv1,0.0834273
28,42,layer3.2.conv2,0.0728089
28,43,layer3.3.conv1,0.0652784
28,44,layer3.3.conv2,0.0604203
28,45,layer3.4.conv1,0.059023
28,46,layer3.4.conv2,0.0577961
28,47,layer3.5.conv1,0.0597843
28,48,layer3.5.conv2,0.0631918
28,49,layer3.6.conv1,0.0703432
28,50,layer3.6.conv2,0.0796206
28,51,layer3.7.conv1,0.0902392
28,52,layer3.7.conv2,0.100415
28,53,layer3.8.conv1,0.11394
28,54,layer3.8.conv2,0.121651
29,0,conv1,0.0230827
29,1,layer1.0.conv1,0.0178589
29,2,layer1.0.conv2,0.0225272
29,3,layer1.1.conv1,0.0286887
29,4,layer1.1.conv2,0.0419951
29,5,layer1.2.conv1,0.039444
29,6,layer1.2.conv2,0.0303587
29,7,layer1.3.conv1,0.0392422
29,8,layer1.3.conv2,0.0573542
29,9,layer1.4.conv1,0.0461364
29,10,layer1.4.conv2,0.057233
29,11,layer1.5.conv1,0.0597834
29,12,layer1.5.conv2,0.0689704
29,13,layer1.6.conv1,0.0714231
29,14,layer1.6.conv2,0.0653231
29,15,layer1.7.conv1,0.0750283
29,16,layer1.7.conv2,0.0771453
29,17,layer1.8.conv1,0.0882205
29,18,layer1.8.conv2,0.108717
29,19,layer2.0.conv1,0.147954
29,20,layer2.0.conv2,0.196417
29,21,layer2.1.conv1,0.21708
29,22,layer2.1.conv2,0.234746
29,23,layer2.2.conv1,0.239431
29,24,layer2.2.conv2,0.228362
29,25,layer2.3.conv1,0.189446
29,26,layer2.3.conv2,0.160541
29,27,layer2.4.conv1,0.139099
29,28,layer2.4.conv2,0.115246
29,29,layer2.5.conv1,0.102692
29,30,layer2.5.conv2,0.0740306
29,31,layer2.6.conv1,0.0601912
29,32,layer2.6.conv2,0.0514911
29,33,layer2.7.conv1,0.0445715
29,34,layer2.7.conv2,0.0448549
29,35,layer2.8.conv1,0.0435034
29,36,layer2.8.conv2,0.046402
29,37,layer3.0.conv1,0.0599616
29,38,layer3.0.conv2,0.0864226
29,39,layer3.1.conv1,0.0928073
29,40,layer3.1.conv2,0.0887084
29,41,layer3.2.conv1,0.082813
29,42,layer3.2.conv2,0.0716441
29,43,layer3.3.conv1,0.0634499
29,44,layer3.3.conv2,0.0584593
29,45,layer3.4.conv1,0.0564041
29,46,layer3.4.conv2,0.055437
29,47,layer3.5.conv1,0.0572666
29,48,layer3.5.conv2,0.0610091
29,49,layer3.6.conv1,0.0698318
29,50,layer3.6.conv2,0.0784099
29,51,layer3.7.conv1,0.085324
29,52,layer3.7.conv2,0.0960219
29,53,layer3.8.conv1,0.109414
29,54,layer3.8.conv2,0.11803
30,0,conv1,0.0251601
30,1,layer1.0.conv1,0.0172732
30,2,layer1.0.conv2,0.0227598
30,3,layer1.1.conv1,0.0296051
30,4,layer1.1.conv2,0.0454279
30,5,layer1.2.conv1,0.0409818
30,6,layer1.2.conv2,0.0314735
30,7,layer1.3.conv1,0.0437039
30,8,layer1.3.conv2,0.0566522
30,9,layer1.4.conv1,0.0447803
30,10,layer1.4.conv2,0.0512943
30,11,layer1.5.conv1,0.0593634
30,12,layer1.5.conv2,0.0689427
30,13,layer1.6.conv1,0.067805
30,14,layer1.6.conv2,0.0638233
30,15,layer1.7.conv1,0.0727237
30,16,layer1.7.conv2,0.0768613
30,17,layer1.8.conv1,0.080645
30,18,layer1.8.conv2,0.106717
30,19,layer2.0.conv1,0.144868
30,20,layer2.0.conv2,0.195604
30,21,layer2.1.conv1,0.218169
30,22,layer2.1.conv2,0.232922
30,23,layer2.2.conv1,0.241324
30,24,layer2.2.conv2,0.239592
30,25,layer2.3.conv1,0.197183
30,26,layer2.3.conv2,0.167743
30,27,layer2.4.conv1,0.144127
30,28,layer2.4.conv2,0.119577
30,29,layer2.5.conv1,0.108433
30,30,layer2.5.conv2,0.0808623
30,31,layer2.6.conv1,0.0606798
30,32,layer2.6.conv2,0.0514291
30,33,layer2.7.conv1,0.0467162
30,34,layer2.7.conv2,0.0464491
30,35,layer2.8.conv1,0.0464862
30,36,layer2.8.conv2,0.0492851
30,37,layer3.0.conv1,0.0602003
30,38,layer3.0.conv2,0.0872856
30,39,layer3.1.conv1,0.0933198
30,40,layer3.1.conv2,0.0894894
30,41,layer3.2.conv1,0.0814717
30,42,layer3.2.conv2,0.0702586
30,43,layer3.3.conv1,0.0625612
30,44,layer3.3.conv2,0.0572884
30,45,layer3.4.conv1,0.0564065
30,46,layer3.4.conv2,0.0553621
30,47,layer3.5.conv1,0.057027
30,48,layer3.5.conv2,0.0608258
30,49,layer3.6.conv1,0.0677272
30,50,layer3.6.conv2,0.0760662
30,51,layer3.7.conv1,0.0867566
30,52,layer3.7.conv2,0.0962313
30,53,layer3.8.conv1,0.107944
30,54,layer3.8.conv2,0.117705
31,0,conv1,0.0258991
31,1,layer1.0.conv1,0.0191049
31,2,layer1.0.conv2,0.0227575
31,3,layer1.1.conv1,0.0296708
31,4,layer1.1.conv2,0.0436714
31,5,layer1.2.conv1,0.0468396
31,6,layer1.2.conv2,0.033266
31,7,layer1.3.conv1,0.0488946
31,8,layer1.3.conv2,0.0609401
31,9,layer1.4.conv1,0.0487469
31,10,layer1.4.conv2,0.0548329
31,11,layer1.5.conv1,0.0638172
31,12,layer1.5.conv2,0.073491
31,13,layer1.6.conv1,0.0690393
31,14,layer1.6.conv2,0.0673828
31,15,layer1.7.conv1,0.0809311
31,16,layer1.7.conv2,0.0845749
31,17,layer1.8.conv1,0.0891165
31,18,layer1.8.conv2,0.109508
31,19,layer2.0.conv1,0.151583
31,20,layer2.0.conv2,0.204134
31,21,layer2.1.conv1,0.226451
31,22,layer2.1.conv2,0.24129
31,23,layer2.2.conv1,0.248486
31,24,layer2.2.conv2,0.24444
31,25,layer2.3.conv1,0.20543
31,26,layer2.3.conv2,0.171476
31,27,layer2.4.conv1,0.152055
31,28,layer2.4.conv2,0.128026
31,29,layer2.5.conv1,0.113217
31,30,layer2.5.conv2,0.0853632
31,31,layer2.6.conv1,0.0691478
31,32,layer2.6.conv2,0.0593232
31,33,layer2.7.conv1,0.053922
31,34,layer2.7.conv2,0.0517569
31,35,layer2.8.conv1,0.0505263
31,36,layer2.8.conv2,0.052651
31,37,layer3.0.conv1,0.0645312
31,38,layer3.0.conv2,0.0879418
31,39,layer3.1.conv1,0.0946326
31,40,layer3.1.conv2,0.0917058
31,41,layer3.2.conv1,0.0843759
31,42,layer3.2.conv2,0.0744223
31,43,layer3.3.conv1,0.0677083
31,44,layer3.3.conv2,0.0620067
31,45,layer3.4.conv1,0.0612548
31,46,layer3.4.conv2,0.0595636
31,47,layer3.5.conv1,0.0605468
31,48,layer3.5.conv2,0.0647642
31,49,layer3.6.conv1,0.0725501
31,50,layer3.6.conv2,0.0797136
31,51,layer3.7.conv1,0.0910104
31,52,layer3.7.conv2,0.102221
31,53,layer3.8.conv1,0.115141
31,54,layer3.8.conv2,0.12273
32,0,conv1,0.0270719
32,1,layer1.0.conv1,0.0187219
32,2,layer1.0.conv2,0.0226042
32,3,layer1.1.conv1,0.0282765
32,4,layer1.1.conv2,0.0435694
32,5,layer1.2.conv1,0.0428456
32,6,layer1.2.conv2,0.0363789
32,7,layer1.3.conv1,0.0517061
32,8,layer1.3.conv2,0.0594725
32,9,layer1.4.conv1,0.0467984
32,10,layer1.4.conv2,0.0590055
32,11,layer1.5.conv1,0.0688959
32,12,layer1.5.conv2,0.0732479
32,13,layer1.6.conv1,0.0684304
32,14,layer1.6.conv2,0.0677114
32,15,layer1.7.conv1,0.0811852
32,16,layer1.7.conv2,0.0859885
32,17,layer1.8.conv1,0.0884768
32,18,layer1.8.conv2,0.111831
32,19,layer2.0.conv1,0.149378
32,20,layer2.0.conv2,0.204195
32,21,layer2.1.conv1,0.228306
32,22,layer2.1.conv2,0.248394
32,23,layer2.2.conv1,0.246861
32,24,layer2.2.conv2,0.241261
32,25,layer2.3.conv1,0.208171
32,26,layer2.3.conv2,0.174941
32,27,layer2.4.conv1,0.148939
32,28,layer2.4.conv2,0.121847
32,29,layer2.5.conv1,0.10873
32,30,layer2.5.conv2,0.0804992
32,31,layer2.6.conv1,0.0627851
32,32,layer2.6.conv2,0.052979
32,33,layer2.7.conv1,0.04984
32,34,layer2.7.conv2,0.0497003
32,35,layer2.8.conv1,0.0478495
32,36,layer2.8.conv2,0.0521852
32,37,layer3.0.conv1,0.0625954
32,38,layer3.0.conv2,0.0875714
32,39,layer3.1.conv1,0.0937593
32,40,layer3.1.conv2,0.0912759
32,41,layer3.2.conv1,0.0845401
32,42,layer3.2.conv2,0.073566
32,43,layer3.3.conv1,0.0654843
32,44,layer3.3.conv2,0.0603855
32,45,layer3.4.conv1,0.0591945
32,46,layer3.4.conv2,0.0568292
32,47,layer3.5.conv1,0.0573379
32,48,layer3.5.conv2,0.0616981
32,49,layer3.6.conv1,0.0696288
32,50,layer3.6.conv2,0.0786192
32,51,layer3.7.conv1,0.0913787
32,52,layer3.7.conv2,0.101807
32,53,layer3.8.conv1,0.114709
32,54,layer3.8.conv2,0.122703
33,0,conv1,0.027979
33,1,layer1.0.conv1,0.0183786
33,2,layer1.0.conv2,0.0226408
33,3,layer1.1.conv1,0.0261008
33,4,layer1.1.conv2,0.0414887
33,5,layer1.2.conv1,0.0427634
33,6,layer1.2.conv2,0.0333906
33,7,layer1.3.conv1,0.0534176
33,8,layer1.3.conv2,0.0583525
33,9,layer1.4.conv1,0.0486411
33,10,layer1.4.conv2,0.0611172
33,11,layer1.5.conv1,0.0691618
33,12,layer1.5.conv2,0.0730297
33,13,layer1.6.conv1,0.0733488
33,14,layer1.6.conv2,0.0741368
33,15,layer1.7.conv1,0.0876888
33,16,layer1.7.conv2,0.0871054
33,17,layer1.8.conv1,0.0932144
33,18,layer1.8.conv2,0.113152
33,19,layer2.0.conv1,0.152632
33,20,layer2.0.conv2,0.201307
33,21,layer2.1.conv1,0.221931
33,22,layer2.1.conv2,0.239697
33,23,layer2.2.conv1,0.249383
33,24,layer2.2.conv2,0.235657
33,25,layer2.3.conv1,0.199492
33,26,layer2.3.conv2,0.16891
33,27,layer2.4.conv1,0.148309
33,28,layer2.4.conv2,0.121085
33,29,layer2.5.conv1,0.109018
33,30,layer2.5.conv2,0.0847567
33,31,layer2.6.conv1,0.0666152
33,32,layer2.6.conv2,0.0579122
33,33,layer2.7.conv1,0.0539096
33,34,layer2.7.conv2,0.0516303
33,35,layer2.8.conv1,0.0504651
33,36,layer2.8.conv2,0.0534264
33,37,layer3.0.conv1,0.0626615
33,38,layer3.0.conv2,0.0881335
33,39,layer3.1.conv1,0.0929331
33,40,layer3.1.conv2,0.0873678
33,41,layer3.2.conv1,0.0795103
33,42,layer3.2.conv2,0.069984
33,43,layer3.3.conv1,0.0620492
33,44,layer3.3.conv2,0.0578379
33,45,layer3.4.conv1,0.0568267
33,46,layer3.4.conv2,0.0556925
33,47,layer3.5.conv1,0.0557015
33,48,layer3.5.conv2,0.0603929
33,49,layer3.6.conv1,0.0679631
33,50,layer3.6.conv2,0.0770857
33,51,layer3.7.conv1,0.0926583
33,52,layer3.7.conv2,0.101511
33,53,layer3.8.conv1,0.11256
33,54,layer3.8.conv2,0.11734
34,0,conv1,0.0295045
34,1,layer1.0.conv1,0.0178646
34,2,layer1.0.conv2,0.0239288
34,3,layer1.1.conv1,0.0260232
34,4,layer1.1.conv2,0.0415596
34,5,layer1.2.conv1,0.0423197
34,6,layer1.2.conv2,0.0318189
34,7,layer1.3.conv1,0.0419321
34,8,layer1.3.conv2,0.0553372
34,9,layer1.4.conv1,0.0510199
34,10,layer1.4.conv2,0.0553276
34,11,layer1.5.conv1,0.0622726
34,12,layer1.5.conv2,0.0683593
34,13,layer1.6.conv1,0.0687562
34,14,layer1.6.conv2,0.0687494
34,15,layer1.7.conv1,0.0808861
34,16,layer1.7.conv2,0.0820179
34,17,layer1.8.conv1,0.0916922
34,18,layer1.8.conv2,0.112367
34,19,layer2.0.conv1,0.145696
34,20,layer2.0.conv2,0.198867
34,21,layer2.1.conv1,0.220514
34,22,layer2.1.conv2,0.235805
34,23,layer2.2.conv1,0.239481
34,24,layer2.2.conv2,0.229883
34,25,layer2.3.conv1,0.199142
34,26,layer2.3.conv2,0.171077
34,27,layer2.4.conv1,0.151613
34,28,layer2.4.conv2,0.126374
34,29,layer2.5.conv1,0.115669
34,30,layer2.5.conv2,0.0879695
34,31,layer2.6.conv1,0.0691029
34,32,layer2.6.conv2,0.0575322
34,33,layer2.7.conv1,0.0518982
34,34,layer2.7.conv2,0.0510748
34,35,layer2.8.conv1,0.0488634
34,36,layer2.8.conv2,0.0512386
34,37,layer3.0.conv1,0.0594788
34,38,layer3.0.conv2,0.084819
34,39,layer3.1.conv1,0.0896317
34,40,layer3.1.conv2,0.0853399
34,41,layer3.2.conv1,0.077722
34,42,layer3.2.conv2,0.068452
34,43,layer3.3.conv1,0.0607636
34,44,layer3.3.conv2,0.0567845
34,45,layer3.4.conv1,0.0566238
34,46,layer3.4.conv2,0.0549274
34,47,layer3.5.conv1,0.0552913
34,48,layer3.5.conv2,0.0610018
34,49,layer3.6.conv1,0.06737
34,50,layer3.6.conv2,0.0754045
34,51,layer3.7.conv1,0.0874781
34,52,layer3.7.conv2,0.0966539
34,53,layer3.8.conv1,0.105624
34,54,layer3.8.conv2,0.114108
35,0,conv1,0.0317497
35,1,layer1.0.conv1,0.0195233
35,2,layer1.0.conv2,0.0239464
35,3,layer1.1.conv1,0.0294793
35,4,layer1.1.conv2,0.0400242
35,5,layer1.2.conv1,0.0423442
35,6,layer1.2.conv2,0.036332
35,7,layer1.3.conv1,0.0452529
35,8,layer1.3.conv2,0.0614734
35,9,layer1.4.conv1,0.052637
35,10,layer1.4.conv2,0.0567352
35,11,layer1.5.conv1,0.067196
35,12,layer1.5.conv2,0.0710549
35,13,layer1.6.conv1,0.0706382
35,14,layer1.6.conv2,0.0707386
35,15,layer1.7.conv1,0.0816936
35,16,layer1.7.conv2,0.0841456
35,17,layer1.8.conv1,0.0922858
35,18,layer1.8.conv2,0.115072
35,19,layer2.0.conv1,0.156597
35,20,layer2.0.conv2,0.216976
35,21,layer2.1.conv1,0.235044
35,22,layer2.1.conv2,0.247861
35,23,layer2.2.conv1,0.250724
35,24,layer2.2.conv2,0.244626
35,25,layer2.3.conv1,0.213078
35,26,layer2.3.conv2,0.185332
35,27,layer2.4.conv1,0.155748
35,28,layer2.4.conv2,0.128249
35,29,layer2.5.conv1,0.116929
35,30,layer2.5.conv2,0.086547
35,31,layer2.6.conv1,0.0659071
35,32,layer2.6.conv2,0.0562282
35,33,layer2.7.conv1,0.0495381
35,34,layer2.7.conv2,0.0478249
35,35,layer2.8.conv1,0.047237
35,36,layer2.8.conv2,0.0502001
35,37,layer3.0.conv1,0.0610851
35,38,layer3.0.conv2,0.0856066
35,39,layer3.1.conv1,0.0934447
35,40,layer3.1.conv2,0.0882615
35,41,layer3.2.conv1,0.0806401
35,42,layer3.2.conv2,0.0711076
35,43,layer3.3.conv1,0.0628419
35,44,layer3.3.conv2,0.0580362
35,45,layer3.4.conv1,0.0568611
35,46,layer3.4.conv2,0.0557346
35,47,layer3.5.conv1,0.0556124
35,48,layer3.5.conv2,0.0606924
35,49,layer3.6.conv1,0.0677226
35,50,layer3.6.conv2,0.0768659
35,51,layer3.7.conv1,0.0879042
35,52,layer3.7.conv2,0.0988721
35,53,layer3.8.conv1,0.112843
35,54,layer3.8.conv2,0.12239
36,0,conv1,0.0353648
36,1,layer1.0.conv1,0.0182801
36,2,layer1.0.conv2,0.0229989
36,3,layer1.1.conv1,0.029811
36,4,layer1.1.conv2,0.0432573
36,5,layer1.2.conv1,0.0423655
36,6,layer1.2.conv2,0.0322956
36,7,layer1.3.conv1,0.0486925
36,8,layer1.3.conv2,0.060459
36,9,layer1.4.conv1,0.0520227
36,10,layer1.4.conv2,0.0562109
36,11,layer1.5.conv1,0.0686524
36,12,layer1.5.conv2,0.067332
36,13,layer1.6.conv1,0.0702326
36,14,layer1.6.conv2,0.0701262
36,15,layer1.7.conv1,0.0804295
36,16,layer1.7.conv2,0.0828548
36,17,layer1.8.conv1,0.0909894
36,18,layer1.8.conv2,0.111901
36,19,layer2.0.conv1,0.151085
36,20,layer2.0.conv2,0.2016
36,21,layer2.1.conv1,0.222935
36,22,layer2.1.conv2,0.246414
36,23,layer2.2.conv1,0.251149
36,24,layer2.2.conv2,0.247139
36,25,layer2.3.conv1,0.212515
36,26,layer2.3.conv2,0.183803
36,27,layer2.4.conv1,0.1576
36,28,layer2.4.conv2,0.130759
36,29,layer2.5.conv1,0.119934
36,30,layer2.5.conv2,0.0881656
36,31,layer2.6.conv1,0.0675508
36,32,layer2.6.conv2,0.0593746
36,33,layer2.7.conv1,0.0517631
36,34,layer2.7.conv2,0.0501369
36,35,layer2.8.conv1,0.0490313
36,36,layer2.8.conv2,0.0523053
36,37,layer3.0.conv1,0.0626109
36,38,layer3.0.conv2,0.0876633
36,39,layer3.1.conv1,0.0915353
36,40,layer3.1.conv2,0.0858713
36,41,layer3.2.conv1,0.0779668
36,42,layer3.2.conv2,0.0680942
36,43,layer3.3.conv1,0.0626884
36,44,layer3.3.conv2,0.0589407
36,45,layer3.4.conv1,0.0570301
36,46,layer3.4.conv2,0.0565025
36,47,layer3.5.conv1,0.0575923
36,48,layer3.5.conv2,0.0617048
36,49,layer3.6.conv1,0.068247
36,50,layer3.6.conv2,0.0779593
36,51,layer3.7.conv1,0.0887903
36,52,layer3.7.conv2,0.0984642
36,53,layer3.8.conv1,0.111609
36,54,layer3.8.conv2,0.118853
37,0,conv1,0.0360895
37,1,layer1.0.conv1,0.0205592
37,2,layer1.0.conv2,0.0244744
37,3,layer1.1.conv1,0.030378
37,4,layer1.1.conv2,0.0438176
37,5,layer1.2.conv1,0.0420996
37,6,layer1.2.conv2,0.0366642
37,7,layer1.3.conv1,0.0501821
37,8,layer1.3.conv2,0.0621725
37,9,layer1.4.conv1,0.0562698
37,10,layer1.4.conv2,0.0540751
37,11,layer1.5.conv1,0.0708134
37,12,layer1.5.conv2,0.0685229
37,13,layer1.6.conv1,0.0686699
37,14,layer1.6.conv2,0.0729699
37,15,layer1.7.conv1,0.0821105
37,16,layer1.7.conv2,0.0822228
37,17,layer1.8.conv1,0.0922618
37,18,layer1.8.conv2,0.113579
37,19,layer2.0.conv1,0.155654
37,20,layer2.0.conv2,0.207731
37,21,layer2.1.conv1,0.226006
37,22,layer2.1.conv2,0.245532
37,23,layer2.2.conv1,0.246719
37,24,layer2.2.conv2,0.237554
37,25,layer2.3.conv1,0.206152
37,26,layer2.3.conv2,0.179345
37,27,layer2.4.conv1,0.157249
37,28,layer2.4.conv2,0.131751
37,29,layer2.5.conv1,0.118275
37,30,layer2.5.conv2,0.090477
37,31,layer2.6.conv1,0.0718519
37,32,layer2.6.conv2,0.0623948
37,33,layer2.7.conv1,0.0527853
37,34,layer2.7.conv2,0.0518595
37,35,layer2.8.conv1,0.0508907
37,36,layer2.8.conv2,0.0535356
37,37,layer3.0.conv1,0.0638252
37,38,layer3.0.conv2,0.0894058
37,39,layer3.1.conv1,0.0945919
37,40,layer3.1.conv2,0.0866281
37,41,layer3.2.conv1,0.0764513
37,42,layer3.2.conv2,0.0685496
37,43,layer3.3.conv1,0.0620039
37,44,layer3.3.conv2,0.0578359
37,45,layer3.4.conv1,0.0562941
37,46,layer3.4.conv2,0.0553318
37,47,layer3.5.conv1,0.0556751
37,48,layer3.5.conv2,0.0595574
37,49,layer3.6.conv1,0.0660736
37,50,layer3.6.conv2,0.0772861
37,51,layer3.7.conv1,0.0920997
37,52,layer3.7.conv2,0.103289
37,53,layer3.8.conv1,0.114487
37,54,layer3.8.conv2,0.121215
38,0,conv1,0.0377783
38,1,layer1.0.conv1,0.0220338
38,2,layer1.0.conv2,0.02807
38,3,layer1.1.conv1,0.0338416
38,4,layer1.1.conv2,0.0449134
38,5,layer1.2.conv1,0.0468546
38,6,layer1.2.conv2,0.03761
38,7,layer1.3.conv1,0.0509892
38,8,layer1.3.conv2,0.0599821
38,9,layer1.4.conv1,0.0578604
38,10,layer1.4.conv2,0.0591933
38,11,layer1.5.conv1,0.0718898
38,12,layer1.5.conv2,0.0688764
38,13,layer1.6.conv1,0.0727932
38,14,layer1.6.conv2,0.0763568
38,15,layer1.7.conv1,0.0841058
38,16,layer1.7.conv2,0.0856365
38,17,layer1.8.conv1,0.0917082
38,18,layer1.8.conv2,0.111235
38,19,layer2.0.conv1,0.156621
38,20,layer2.0.conv2,0.213748
38,21,layer2.1.conv1,0.23406
38,22,layer2.1.conv2,0.253199
38,23,layer2.2.conv1,0.25678
38,24,layer2.2.conv2,0.253034
38,25,layer2.3.conv1,0.217378
38,26,layer2.3.conv2,0.184834
38,27,layer2.4.conv1,0.162777
38,28,layer2.4.conv2,0.133629
38,29,layer2.5.conv1,0.123648
38,30,layer2.5.conv2,0.0903421
38,31,layer2.6.conv1,0.0686721
38,32,layer2.6.conv2,0.0582733
38,33,layer2.7.conv1,0.0538609
38,34,layer2.7.conv2,0.0516444
38,35,layer2.8.conv1,0.0507584
38,36,layer2.8.conv2,0.0527012
38,37,layer3.0.conv1,0.06308
38,38,layer3.0.conv2,0.0879367
38,39,layer3.1.conv1,0.0925806
38,40,layer3.1.conv2,0.0873477
38,41,layer3.2.conv1,0.0779067
38,42,layer3.2.conv2,0.0677513
38,43,layer3.3.conv1,0.060702
38,44,layer3.3.conv2,0.0569443
38,45,layer3.4.conv1,0.0560468
38,46,layer3.4.conv2,0.0551282
38,47,layer3.5.conv1,0.0554427
38,48,layer3.5.conv2,0.0600749
38,49,layer3.6.conv1,0.0679537
38,50,layer3.6.conv2,0.0796187
38,51,layer3.7.conv1,0.0914938
38,52,layer3.7.conv2,0.102784
38,53,layer3.8.conv1,0.115408
38,54,layer3.8.conv2,0.123094
39,0,conv1,0.0401729
39,1,layer1.0.conv1,0.0212022
39,2,layer1.0.conv2,0.0255592
39,3,layer1.1.conv1,0.0291357
39,4,layer1.1.conv2,0.044131
39,5,layer1.2.conv1,0.044964
39,6,layer1.2.conv2,0.0371145
39,7,layer1.3.conv1,0.0502402
39,8,layer1.3.conv2,0.0614822
39,9,layer1.4.conv1,0.0596628
39,10,layer1.4.conv2,0.0612137
39,11,layer1.5.conv1,0.0789153
39,12,layer1.5.conv2,0.0725402
39,13,layer1.6.conv1,0.0760431
39,14,layer1.6.conv2,0.081564
39,15,layer1.7.conv1,0.0909643
39,16,layer1.7.conv2,0.0937249
39,17,layer1.8.conv1,0.104386
39,18,layer1.8.conv2,0.12307
39,19,layer2.0.conv1,0.167881
39,20,layer2.0.conv2,0.222831
39,21,layer2.1.conv1,0.240093
39,22,layer2.1.conv2,0.254834
39,23,layer2.2.conv1,0.258409
39,24,layer2.2.conv2,0.255319
39,25,layer2.3.conv1,0.221154
39,26,layer2.3.conv2,0.184515
39,27,layer2.4.conv1,0.160043
39,28,layer2.4.conv2,0.130983
39,29,layer2.5.conv1,0.1187
39,30,layer2.5.conv2,0.0901415
39,31,layer2.6.conv1,0.0712653
39,32,layer2.6.conv2,0.0591054
39,33,layer2.7.conv1,0.0530643
39,34,layer2.7.conv2,0.0495623
39,35,layer2.8.conv1,0.050415
39,36,layer2.8.conv2,0.0549688
39,37,layer3.0.conv1,0.0636057
39,38,layer3.0.conv2,0.0893745
39,39,layer3.1.conv1,0.0926458
39,40,layer3.1.conv2,0.0876704
39,41,layer3.2.conv1,0.0802295
39,42,layer3.2.conv2,0.0707979
39,43,layer3.3.conv1,0.0635363
39,44,layer3.3.conv2,0.0593098
39,45,layer3.4.conv1,0.0588931
39,46,layer3.4.conv2,0.0590433
39,47,layer3.5.conv1,0.0594353
39,48,layer3.5.conv2,0.0629557
39,49,layer3.6.conv1,0.0698056
39,50,layer3.6.conv2,0.078814
39,51,layer3.7.conv1,0.0908511
39,52,layer3.7.conv2,0.101974
39,53,layer3.8.conv1,0.113553
39,54,layer3.8.conv2,0.120463
40,0,conv1,0.0445305
40,1,layer1.0.conv1,0.0242513
40,2,layer1.0.conv2,0.0298546
40,3,layer1.1.conv1,0.0346661
40,4,layer1.1.conv2,0.0461513
40,5,layer1.2.conv1,0.0433707
40,6,layer1.2.conv2,0.0386255
40,7,layer1.3.conv1,0.0490673
40,8,layer1.3.conv2,0.0597158
40,9,layer1.4.conv1,0.0560627
40,10,layer1.4.conv2,0.0570968
40,11,layer1.5.conv1,0.0737987
40,12,layer1.5.conv2,0.070425
40,13,layer1.6.conv1,0.0729897
40,14,layer1.6.conv2,0.077165
40,15,layer1.7.conv1,0.0865527
40,16,layer1.7.conv2,0.0851216
40,17,layer1.8.conv1,0.0961872
40,18,layer1.8.conv2,0.115391
40,19,layer2.0.conv1,0.157709
40,20,layer2.0.conv2,0.212898
40,21,layer2.1.conv1,0.235299
40,22,layer2.1.conv2,0.251531
40,23,layer2.2.conv1,0.25819
40,24,layer2.2.conv2,0.25644
40,25,layer2.3.conv1,0.223244
40,26,layer2.3.conv2,0.189881
40,27,layer2.4.conv1,0.160224
40,28,layer2.4.conv2,0.13239
40,29,layer2.5.conv1,0.116616
40,30,layer2.5.conv2,0.0882197
40,31,layer2.6.conv1,0.0657526
40,32,layer2.6.conv2,0.0547251
40,33,layer2.7.conv1,0.0479119
40,34,layer2.7.conv2,0.047982
40,35,layer2.8.conv1,0.0474014
40,36,layer2.8.conv2,0.0493435
40,37,layer3.0.conv1,0.0576328
40,38,layer3.0.conv2,0.083901
40,39,layer3.1.conv1,0.0909487
40,40,layer3.1.conv2,0.0849063
40,41,layer3.2.conv1,0.0778775
40,42,layer3.2.conv2,0.0673049
40,43,layer3.3.conv1,0.059583
40,44,layer3.3.conv2,0.0553863
40,45,layer3.4.conv1,0.0532694
40,46,layer3.4.conv2,0.0534483
40,47,layer3.5.conv1,0.0540294
40,48,layer3.5.conv2,0.0580214
40,49,layer3.6.conv1,0.0652486
40,50,layer3.6.conv2,0.0762913
40,51,layer3.7.conv1,0.0904062
40,52,layer3.7.conv2,0.10199
40,53,layer3.8.conv1,0.114526
40,54,layer3.8.conv2,0.121904
41,0,conv1,0.0448986
41,1,layer1.0.conv1,0.0220371
41,2,layer1.0.conv2,0.0264083
41,3,layer1.1.conv1,0.0334174
41,4,layer1.1.conv2,0.0413916
41,5,layer1.2.conv1,0.0445594
41,6,layer1.2.conv2,0.0420482
41,7,layer1.3.conv1,0.0511823
41,8,layer1.3.conv2,0.0602308
41,9,layer1.4.conv1,0.0581322
41,10,layer1.4.conv2,0.0610548
41,11,layer1.5.conv1,0.0777277
41,12,layer1.5.conv2,0.0713983
41,13,layer1.6.conv1,0.0748387
41,14,layer1.6.conv2,0.0792223
41,15,layer1.7.conv1,0.0861344
41,16,layer1.7.conv2,0.0832066
41,17,layer1.8.conv1,0.0912263
41,18,layer1.8.conv2,0.113466
41,19,layer2.0.conv1,0.157529
41,20,layer2.0.conv2,0.20983
41,21,layer2.1.conv1,0.231796
41,22,layer2.1.conv2,0.248566
41,23,layer2.2.conv1,0.249709
41,24,layer2.2.conv2,0.246589
41,25,layer2.3.conv1,0.215821
41,26,layer2.3.conv2,0.188671
41,27,layer2.4.conv1,0.161707
41,28,layer2.4.conv2,0.133692
41,29,layer2.5.conv1,0.118279
41,30,layer2.5.conv2,0.0908824
41,31,layer2.6.conv1,0.0719792
41,32,layer2.6.conv2,0.0614797
41,33,layer2.7.conv1,0.0532796
41,34,layer2.7.conv2,0.0515622
41,35,layer2.8.conv1,0.0512278
41,36,layer2.8.conv2,0.053282
41,37,layer3.0.conv1,0.0637793
41,38,layer3.0.conv2,0.0866038
41,39,layer3.1.conv1,0.0940828
41,40,layer3.1.conv2,0.0870552
41,41,layer3.2.conv1,0.0795223
41,42,layer3.2.conv2,0.069656
41,43,layer3.3.conv1,0.0634954
41,44,layer3.3.conv2,0.0595188
41,45,layer3.4.conv1,0.057337
41,46,layer3.4.conv2,0.0579585
41,47,layer3.5.conv1,0.0574603
41,48,layer3.5.conv2,0.0612887
41,49,layer3.6.conv1,0.0675934
41,50,layer3.6.conv2,0.0761789
41,51,layer3.7.conv1,0.0892394
41,52,layer3.7.conv2,0.100911
41,53,layer3.8.conv1,0.113892
41,54,layer3.8.conv2,0.122477
42,0,conv1,0.0446313
42,1,layer1.0.conv1,0.0243197
42,2,layer1.0.conv2,0.031425
42,3,layer1.1.conv1,0.0338752
42,4,layer1.1.conv2,0.0467205
42,5,layer1.2.conv1,0.0467614
42,6,layer1.2.conv2,0.0420136
42,7,layer1.3.conv1,0.0544542
42,8,layer1.3.conv2,0.0624379
42,9,layer1.4.conv1,0.0602995
42,10,layer1.4.conv2,0.0596641
42,11,layer1.5.conv1,0.076029
42,12,layer1.5.conv2,0.0720046
42,13,layer1.6.conv1,0.0766139
42,14,layer1.6.conv2,0.0802894
42,15,layer1.7.conv1,0.0890101
42,16,layer1.7.conv2,0.0890859
42,17,layer1.8.conv1,0.0987875
42,18,layer1.8.conv2,0.113003
42,19,layer2.0.conv1,0.15592
42,20,layer2.0.conv2,0.209743
42,21,layer2.1.conv1,0.22763
42,22,layer2.1.conv2,0.246768
42,23,layer2.2.conv1,0.251731
42,24,layer2.2.conv2,0.247662
42,25,layer2.3.conv1,0.216769
42,26,layer2.3.conv2,0.18503
42,27,layer2.4.conv1,0.160826
42,28,layer2.4.conv2,0.129137
42,29,layer2.5.conv1,0.118262
42,30,layer2.5.conv2,0.0930079
42,31,layer2.6.conv1,0.0696565
42,32,layer2.6.conv2,0.0562075
42,33,layer2.7.conv1,0.048962
42,34,layer2.7.conv2,0.0459942
42,35,layer2.8.conv1,0.0455403
42,36,layer2.8.conv2,0.0485848
42,37,layer3.0.conv1,0.0603258
42,38,layer3.0.conv2,0.0848967
42,39,layer3.1.conv1,0.0905702
42,40,layer3.1.conv2,0.0840169
42,41,layer3.2.conv1,0.0758892
42,42,layer3.2.conv2,0.0656096
42,43,layer3.3.conv1,0.0582979
42,44,layer3.3.conv2,0.0545278
42,45,layer3.4.conv1,0.0530143
42,46,layer3.4.conv2,0.0528049
42,47,layer3.5.conv1,0.0532882
42,48,layer3.5.conv2,0.0558609
42,49,layer3.6.conv1,0.0621597
42,50,layer3.6.conv2,0.070284
42,51,layer3.7.conv1,0.0830765
42,52,layer3.7.conv2,0.0951406
42,53,layer3.8.conv1,0.108345
42,54,layer3.8.conv2,0.116489
43,0,conv1,0.0523707
43,1,layer1.0.conv1,0.025715
43,2,layer1.0.conv2,0.0322338
43,3,layer1.1.conv1,0.037266
43,4,layer1.1.conv2,0.0452555
43,5,layer1.2.conv1,0.0466049
43,6,layer1.2.conv2,0.0413256
43,7,layer1.3.conv1,0.054536
43,8,layer1.3.conv2,0.0651277
43,9,layer1.4.conv1,0.0694956
43,10,layer1.4.conv2,0.0689889
43,11,layer1.5.conv1,0.0819342
43,12,layer1.5.conv2,0.076912
43,13,layer1.6.conv1,0.0793288
43,14,layer1.6.conv2,0.0844333
43,15,layer1.7.conv1,0.091048
43,16,layer1.7.conv2,0.0911341
43,17,layer1.8.conv1,0.0975864
43,18,layer1.8.conv2,0.115939
43,19,layer2.0.conv1,0.155728
43,20,layer2.0.conv2,0.217427
43,21,layer2.1.conv1,0.235642
43,22,layer2.1.conv2,0.257244
43,23,layer2.2.conv1,0.256494
43,24,layer2.2.conv2,0.252791
43,25,layer2.3.conv1,0.224364
43,26,layer2.3.conv2,0.191797
43,27,layer2.4.conv1,0.162862
43,28,layer2.4.conv2,0.135467
43,29,layer2.5.conv1,0.124882
43,30,layer2.5.conv2,0.0972435
43,31,layer2.6.conv1,0.0755438
43,32,layer2.6.conv2,0.0649842
43,33,layer2.7.conv1,0.0544712
43,34,layer2.7.conv2,0.0526542
43,35,layer2.8.conv1,0.0492256
43,36,layer2.8.conv2,0.0505082
43,37,layer3.0.conv1,0.0612808
43,38,layer3.0.conv2,0.0836745
43,39,layer3.1.conv1,0.090468
43,40,layer3.1.conv2,0.0837568
43,41,layer3.2.conv1,0.075237
43,42,layer3.2.conv2,0.066058
43,43,layer3.3.conv1,0.0590478
43,44,layer3.3.conv2,0.0544091
43,45,layer3.4.conv1,0.0535537
43,46,layer3.4.conv2,0.053575
43,47,layer3.5.conv1,0.0539451
43,48,layer3.5.conv2,0.056692
43,49,layer3.6.conv1,0.0637052
43,50,layer3.6.conv2,0.0752083
43,51,layer3.7.conv1,0.0899364
43,52,layer3.7.conv2,0.101244
43,53,layer3.8.conv1,0.113805
43,54,layer3.8.conv2,0.123218
44,0,conv1,0.0528514
44,1,layer1.0.conv1,0.027069
44,2,layer1.0.conv2,0.0314103
44,3,layer1.1.conv1,0.0388274
44,4,layer1.1.conv2,0.0466613
44,5,layer1.2.conv1,0.0443919
44,6,layer1.2.conv2,0.0414857
44,7,layer1.3.conv1,0.0487258
44,8,layer1.3.conv2,0.0600881
44,9,layer1.4.conv1,0.0583932
44,10,layer1.4.conv2,0.066232
44,11,layer1.5.conv1,0.0766026
44,12,layer1.5.conv2,0.0720687
44,13,layer1.6.conv1,0.0770472
44,14,layer1.6.conv2,0.0830588
44,15,layer1.7.conv1,0.0883505
44,16,layer1.7.conv2,0.0912767
44,17,layer1.8.conv1,0.104133
44,18,layer1.8.conv2,0.119754
44,19,layer2.0.conv1,0.160236
44,20,layer2.0.conv2,0.216583
44,21,layer2.1.conv1,0.234498
44,22,layer2.1.conv2,0.255173
44,23,layer2.2.conv1,0.254069
44,24,layer2.2.conv2,0.253393
44,25,layer2.3.conv1,0.222461
44,26,layer2.3.conv2,0.191942
44,27,layer2.4.conv1,0.167942
44,28,layer2.4.conv2,0.139552
44,29,layer2.5.conv1,0.125178
44,30,layer2.5.conv2,0.0997038
44,31,layer2.6.conv1,0.0809751
44,32,layer2.6.conv2,0.0692393
44,33,layer2.7.conv1,0.0604796
44,34,layer2.7.conv2,0.0565227
44,35,layer2.8.conv1,0.055629
44,36,layer2.8.conv2,0.0568131
44,37,layer3.0.conv1,0.0666894
44,38,layer3.0.conv2,0.089752
44,39,layer3.1.conv1,0.0955364
44,40,layer3.1.conv2,0.0883499
44,41,layer3.2.conv1,0.0804889
44,42,layer3.2.conv2,0.0701553
44,43,layer3.3.conv1,0.0638757
44,44,layer3.3.conv2,0.0607338
44,45,layer3.4.conv1,0.0595688
44,46,layer3.4.conv2,0.0593969
44,47,layer3.5.conv1,0.0600964
44,48,layer3.5.conv2,0.0622864
44,49,layer3.6.conv1,0.0684065
44,50,layer3.6.conv2,0.0776947
44,51,layer3.7.conv1,0.0925892
44,52,layer3.7.conv2,0.105435
44,53,layer3.8.conv1,0.11793
44,54,layer3.8.conv2,0.126259
45,0,conv1,0.0506838
45,1,layer1.0.conv1,0.0284374
45,2,layer1.0.conv2,0.0318457
45,3,layer1.1.conv1,0.0376259
45,4,layer1.1.conv2,0.0508884
45,5,layer1.2.conv1,0.0442163
45,6,layer1.2.conv2,0.0407445
45,7,layer1.3.conv1,0.0563228
45,8,layer1.3.conv2,0.0681813
45,9,layer1.4.conv1,0.064835
45,10,layer1.4.conv2,0.0684939
45,11,layer1.5.conv1,0.0825276
45,12,layer1.5.conv2,0.0784703
45,13,layer1.6.conv1,0.0825923
45,14,layer1.6.conv2,0.0820206
45,15,layer1.7.conv1,0.0878952
45,16,layer1.7.conv2,0.0932493
45,17,layer1.8.conv1,0.100492
45,18,layer1.8.conv2,0.11791
45,19,layer2.0.conv1,0.160325
45,20,layer2.0.conv2,0.214121
45,21,layer2.1.conv1,0.232281
45,22,layer2.1.conv2,0.252059
45,23,layer2.2.conv1,0.25302
45,24,layer2.2.conv2,0.250424
45,25,layer2.3.conv1,0.221045
45,26,layer2.3.conv2,0.1905
45,27,layer2.4.conv1,0.169576
45,28,layer2.4.conv2,0.141301
45,29,layer2.5.conv1,0.126175
45,30,layer2.5.conv2,0.0994533
45,31,layer2.6.conv1,0.0798837
45,32,layer2.6.conv2,0.0646286
45,33,layer2.7.conv1,0.0510706
45,34,layer2.7.conv2,0.0471235
45,35,layer2.8.conv1,0.0480478
45,36,layer2.8.conv2,0.0514759
45,37,layer3.0.conv1,0.0629904
45,38,layer3.0.conv2,0.0891277
45,39,layer3.1.conv1,0.0973433
45,40,layer3.1.conv2,0.0897733
45,41,layer3.2.conv1,0.0790706
45,42,layer3.2.conv2,0.0691792
45,43,layer3.3.conv1,0.0623261
45,44,layer3.3.conv2,0.0574536
45,45,layer3.4.conv1,0.0558137
45,46,layer3.4.conv2,0.0557728
45,47,layer3.5.conv1,0.0568364
45,48,layer3.5.conv2,0.0605026
45,49,layer3.6.conv1,0.0671337
45,50,layer3.6.conv2,0.0772562
45,51,layer3.7.conv1,0.0916738
45,52,layer3.7.conv2,0.103811
45,53,layer3.8.conv1,0.115151
45,54,layer3.8.conv2,0.121725
46,0,conv1,0.0517867
46,1,layer1.0.conv1,0.0278465
46,2,layer1.0.conv2,0.0315347
46,3,layer1.1.conv1,0.035606
46,4,layer1.1.conv2,0.0438175
46,5,layer1.2.conv1,0.0466359
46,6,layer1.2.conv2,0.0458241
46,7,layer1.3.conv1,0.0571361
46,8,layer1.3.conv2,0.0650824
46,9,layer1.4.conv1,0.0625086
46,10,layer1.4.conv2,0.0629696
46,11,layer1.5.conv1,0.0787524
46,12,layer1.5.conv2,0.0742001
46,13,layer1.6.conv1,0.0795226
46,14,layer1.6.conv2,0.0814548
46,15,layer1.7.conv1,0.0846194
46,16,layer1.7.conv2,0.088459
46,17,layer1.8.conv1,0.0982404
46,18,layer1.8.conv2,0.118052
46,19,layer2.0.conv1,0.158745
46,20,layer2.0.conv2,0.214419
46,21,layer2.1.conv1,0.229515
46,22,layer2.1.conv2,0.24842
46,23,layer2.2.conv1,0.248044
46,24,layer2.2.conv2,0.246158
46,25,layer2.3.conv1,0.216894
46,26,layer2.3.conv2,0.184583
46,27,layer2.4.conv1,0.166285
46,28,layer2.4.conv2,0.138374
46,29,layer2.5.conv1,0.12662
46,30,layer2.5.conv2,0.100601
46,31,layer2.6.conv1,0.0782701
46,32,layer2.6.conv2,0.0623576
46,33,layer2.7.conv1,0.0528799
46,34,layer2.7.conv2,0.0522351
46,35,layer2.8.conv1,0.0505839
46,36,layer2.8.conv2,0.0535751
46,37,layer3.0.conv1,0.0637388
46,38,layer3.0.conv2,0.0891282
46,39,layer3.1.conv1,0.0976301
46,40,layer3.1.conv2,0.0919788
46,41,layer3.2.conv1,0.0816168
46,42,layer3.2.conv2,0.0707151
46,43,layer3.3.conv1,0.0632865
46,44,layer3.3.conv2,0.0583259
46,45,layer3.4.conv1,0.0559313
46,46,layer3.4.conv2,0.0558556
46,47,layer3.5.conv1,0.0564279
46,48,layer3.5.conv2,0.0598464
46,49,layer3.6.conv1,0.0668427
46,50,layer3.6.conv2,0.0746758
46,51,layer3.7.conv1,0.0882367
46,52,layer3.7.conv2,0.100645
46,53,layer3.8.conv1,0.1114
46,54,layer3.8.conv2,0.118682
47,0,conv1,0.0581422
47,1,layer1.0.conv1,0.0294198
47,2,layer1.0.conv2,0.0349013
47,3,layer1.1.conv1,0.0402368
47,4,layer1.1.conv2,0.0467471
47,5,layer1.2.conv1,0.0483689
47,6,layer1.2.conv2,0.0506407
47,7,layer1.3.conv1,0.0556408
47,8,layer1.3.conv2,0.0717861
47,9,layer1.4.conv1,0.069937
47,10,layer1.4.conv2,0.0695843
47,11,layer1.5.conv1,0.0822486
47,12,layer1.5.conv2,0.076585
47,13,layer1.6.conv1,0.0803286
47,14,layer1.6.conv2,0.0855522
47,15,layer1.7.conv1,0.0861167
47,16,layer1.7.conv2,0.0902642
47,17,layer1.8.conv1,0.103613
47,18,layer1.8.conv2,0.11751
47,19,layer2.0.conv1,0.164136
47,20,layer2.0.conv2,0.219378
47,21,layer2.1.conv1,0.236587
47,22,layer2.1.conv2,0.259149
47,23,layer2.2.conv1,0.258123
47,24,layer2.2.conv2,0.252826
47,25,layer2.3.conv1,0.22835
47,26,layer2.3.conv2,0.198052
47,27,layer2.4.conv1,0.173811
47,28,layer2.4.conv2,0.145159
47,29,layer2.5.conv1,0.131331
47,30,layer2.5.conv2,0.103246
47,31,layer2.6.conv1,0.0829673
47,32,layer2.6.conv2,0.068152
47,33,layer2.7.conv1,0.0557727
47,34,layer2.7.conv2,0.0542531
47,35,layer2.8.conv1,0.0536524
47,36,layer2.8.conv2,0.0545693
47,37,layer3.0.conv1,0.0632406
47,38,layer3.0.conv2,0.087669
47,39,layer3.1.conv1,0.0956351
47,40,layer3.1.conv2,0.0878802
47,41,layer3.2.conv1,0.0788256
47,42,layer3.2.conv2,0.0686857
47,43,layer3.3.conv1,0.0611635
47,44,layer3.3.conv2,0.0575278
47,45,layer3.4.conv1,0.0562441
47,46,layer3.4.conv2,0.0568342
47,47,layer3.5.conv1,0.0581458
47,48,layer3.5.conv2,0.0619435
47,49,layer3.6.conv1,0.0701768
47,50,layer3.6.conv2,0.0802779
47,51,layer3.7.conv1,0.0950312
47,52,layer3.7.conv2,0.106708
47,53,layer3.8.conv1,0.119788
47,54,layer3.8.conv2,0.131194
48,0,conv1,0.0570432
48,1,layer1.0.conv1,0.0304356
48,2,layer1.0.conv2,0.0349545
48,3,layer1.1.conv1,0.0440691
48,4,layer1.1.conv2,0.0497355
48,5,layer1.2.conv1,0.0481739
48,6,layer1.2.conv2,0.0478857
48,7,layer1.3.conv1,0.0548434
48,8,layer1.3.conv2,0.0686869
48,9,layer1.4.conv1,0.0702502
48,10,layer1.4.conv2,0.0663257
48,11,layer1.5.conv1,0.0803226
48,12,layer1.5.conv2,0.0745579
48,13,layer1.6.conv1,0.0818537
48,14,layer1.6.conv2,0.083026
48,15,layer1.7.conv1,0.0903376
48,16,layer1.7.conv2,0.0937237
48,17,layer1.8.conv1,0.104514
48,18,layer1.8.conv2,0.121963
48,19,layer2.0.conv1,0.168366
48,20,layer2.0.conv2,0.23079
48,21,layer2.1.conv1,0.246926
48,22,layer2.1.conv2,0.262888
48,23,layer2.2.conv1,0.267546
48,24,layer2.2.conv2,0.270792
48,25,layer2.3.conv1,0.241846
48,26,layer2.3.conv2,0.211414
48,27,layer2.4.conv1,0.182571
48,28,layer2.4.conv2,0.152994
48,29,layer2.5.conv1,0.132793
48,30,layer2.5.conv2,0.0999402
48,31,layer2.6.conv1,0.0777539
48,32,layer2.6.conv2,0.0634199
48,33,layer2.7.conv1,0.0542633
48,34,layer2.7.conv2,0.0491786
48,35,layer2.8.conv1,0.0486149
48,36,layer2.8.conv2,0.0506011
48,37,layer3.0.conv1,0.060898
48,38,layer3.0.conv2,0.0867406
48,39,layer3.1.conv1,0.0923064
48,40,layer3.1.conv2,0.0847464
48,41,layer3.2.conv1,0.0755092
48,42,layer3.2.conv2,0.0660304
48,43,layer3.3.conv1,0.0591971
48,44,layer3.3.conv2,0.0552548
48,45,layer3.4.conv1,0.0532362
48,46,layer3.4.conv2,0.0532893
48,47,layer3.5.conv1,0.053844
48,48,layer3.5.conv2,0.0574531
48,49,layer3.6.conv1,0.0652187
48,50,layer3.6.conv2,0.0763448
48,51,layer3.7.conv1,0.0920207
48,52,layer3.7.conv2,0.107732
48,53,layer3.8.conv1,0.11716
48,54,layer3.8.conv2,0.122463
49,0,conv1,0.0539429
49,1,layer1.0.conv1,0.0304863
49,2,layer1.0.conv2,0.032205
49,3,layer1.1.conv1,0.0444391
49,4,layer1.1.conv2,0.0501711
49,5,layer1.2.conv1,0.0465812
49,6,layer1.2.conv2,0.0447462
49,7,layer1.3.conv1,0.0528533
49,8,layer1.3.conv2,0.0638507
49,9,layer1.4.conv1,0.0631469
49,10,layer1.4.conv2,0.0662111
49,11,layer1.5.conv1,0.0852151
49,12,layer1.5.conv2,0.0718964
49,13,layer1.6.conv1,0.0834812
49,14,layer1.6.conv2,0.0832831
49,15,layer1.7.conv1,0.0871161
49,16,layer1.7.conv2,0.0870966
49,17,layer1.8.conv1,0.103978
49,18,layer1.8.conv2,0.117024
49,19,layer2.0.conv1,0.161417
49,20,layer2.0.conv2,0.216221
49,21,layer2.1.conv1,0.232768
49,22,layer2.1.conv2,0.24986
49,23,layer2.2.conv1,0.249796
49,24,layer2.2.conv2,0.252498
49,25,layer2.3.conv1,0.224006
49,26,layer2.3.conv2,0.193548
49,27,layer2.4.conv1,0.17354
49,28,layer2.4.conv2,0.142528
49,29,layer2.5.conv1,0.126562
49,30,layer2.5.conv2,0.0992074
49,31,layer2.6.conv1,0.0780188
49,32,layer2.6.conv2,0.0629672
49,33,layer2.7.conv1,0.0554598
49,34,layer2.7.conv2,0.0515835
49,35,layer2.8.conv1,0.0499128
49,36,layer2.8.conv2,0.0512197
49,37,layer3.0.conv1,0.0615874
49,38,layer3.0.conv2,0.0830742
49,39,layer3.1.conv1,0.0874181
49,40,layer3.1.conv2,0.0821836
49,41,layer3.2.conv1,0.0710121
49,42,layer3.2.conv2,0.0622733
49,43,layer3.3.conv1,0.0570809
49,44,layer3.3.conv2,0.0524655
49,45,layer3.4.conv1,0.0506873
49,46,layer3.4.conv2,0.050291
49,47,layer3.5.conv1,0.0503671
49,48,layer3.5.conv2,0.0544989
49,49,layer3.6.conv1,0.0613946
49,50,layer3.6.conv2,0.072542
49,51,layer3.7.conv1,0.0894308
49,52,layer3.7.conv2,0.104545
49,53,layer3.8.conv1,0.11505
49,54,layer3.8.conv2,0.119359
50,0,conv1,0.0602461
50,1,layer1.0.conv1,0.0308396
50,2,layer1.0.conv2,0.0351412
50,3,layer1.1.conv1,0.0413002
50,4,layer1.1.conv2,0.0468846
50,5,layer1.2.conv1,0.0479467
50,6,layer1.2.conv2,0.0501392
50,7,layer1.3.conv1,0.0568676
50,8,layer1.3.conv2,0.0658054
50,9,layer1.4.conv1,0.0676853
50,10,layer1.4.conv2,0.0714966
50,11,layer1.5.conv1,0.0800073
50,12,layer1.5.conv2,0.0751623
50,13,layer1.6.conv1,0.0789034
50,14,layer1.6.conv2,0.080636
50,15,layer1.7.conv1,0.0820257
50,16,layer1.7.conv2,0.0853022
50,17,layer1.8.conv1,0.100086
50,18,layer1.8.conv2,0.11664
50,19,layer2.0.conv1,0.159418
50,20,layer2.0.conv2,0.21571
50,21,layer2.1.conv1,0.231605
50,22,layer2.1.conv2,0.250764
50,23,layer2.2.conv1,0.25601
50,24,layer2.2.conv2,0.247178
50,25,layer2.3.conv1,0.218012
50,26,layer2.3.conv2,0.186163
50,27,layer2.4.conv1,0.164808
50,28,layer2.4.conv2,0.135921
50,29,layer2.5.conv1,0.122907
50,30,layer2.5.conv2,0.0952384
50,31,layer2.6.conv1,0.0716974
50,32,layer2.6.conv2,0.0596169
50,33,layer2.7.conv1,0.0469078
50,34,layer2.7.conv2,0.0423653
50,35,layer2.8.conv1,0.0430923
50,36,layer2.8.conv2,0.0452587
50,37,layer3.0.conv1,0.0560858
50,38,layer3.0.conv2,0.0794079
50,39,layer3.1.conv1,0.086347
50,40,layer3.1.conv2,0.0823273
50,41,layer3.2.conv1,0.0738753
50,42,layer3.2.conv2,0.0640443
50,43,layer3.3.conv1,0.0575948
50,44,layer3.3.conv2,0.0527291
50,45,layer3.4.conv1,0.0508887
50,46,layer3.4.conv2,0.0513095
50,47,layer3.5.conv1,0.0518074
50,48,layer3.5.conv2,0.0553825
50,49,layer3.6.conv1,0.0622649
50,50,layer3.6.conv2,0.0722873
50,51,layer3.7.conv1,0.0859505
50,52,layer3.7.conv2,0.0982704
50,53,layer3.8.conv1,0.113474
50,54,layer3.8.conv2,0.121719
51,0,conv1,0.0727228
51,1,layer1.0.conv1,0.0341823
51,2,layer1.0.conv2,0.0384583
51,3,layer1.1.conv1,0.0522493
51,4,layer1.1.conv2,0.0544414
51,5,layer1.2.conv1,0.0485735
51,6,layer1.2.conv2,0.050781
51,7,layer1.3.conv1,0.0595606
51,8,layer1.3.conv2,0.0733958
51,9,layer1.4.conv1,0.070683
51,10,layer1.4.conv2,0.0679573
51,11,layer1.5.conv1,0.0844056
51,12,layer1.5.conv2,0.0792667
51,13,layer1.6.conv1,0.083072
51,14,layer1.6.conv2,0.0863206
51,15,layer1.7.conv1,0.0913995
51,16,layer1.7.conv2,0.0942096
51,17,layer1.8.conv1,0.10245
51,18,layer1.8.conv2,0.120803
51,19,layer2.0.conv1,0.166085
51,20,layer2.0.conv2,0.220701
51,21,layer2.1.conv1,0.238026
51,22,layer2.1.conv2,0.260577
51,23,layer2.2.conv1,0.260539
51,24,layer2.2.conv2,0.257671
51,25,layer2.3.conv1,0.230808
51,26,layer2.3.conv2,0.196921
51,27,layer2.4.conv1,0.167712
51,28,layer2.4.conv2,0.139381
51,29,layer2.5.conv1,0.129791
51,30,layer2.5.conv2,0.101641
51,31,layer2.6.conv1,0.0780605
51,32,layer2.6.conv2,0.0621443
51,33,layer2.7.conv1,0.050091
51,34,layer2.7.conv2,0.0470954
51,35,layer2.8.conv1,0.0464678
51,36,layer2.8.conv2,0.0487328
51,37,layer3.0.conv1,0.0584483
51,38,layer3.0.conv2,0.0873563
51,39,layer3.1.conv1,0.0933982
51,40,layer3.1.conv2,0.0859689
51,41,layer3.2.conv1,0.0747345
51,42,layer3.2.conv2,0.0653676
51,43,layer3.3.conv1,0.0589037
51,44,layer3.3.conv2,0.0548432
51,45,layer3.4.conv1,0.0536829
51,46,layer3.4.conv2,0.0530246
51,47,layer3.5.conv1,0.0531936
51,48,layer3.5.conv2,0.0561138
51,49,layer3.6.conv1,0.0634803
51,50,layer3.6.conv2,0.0737701
51,51,layer3.7.conv1,0.0885565
51,52,layer3.7.conv2,0.102297
51,53,layer3.8.conv1,0.114388
51,54,layer3.8.conv2,0.123181
52,0,conv1,0.068996
52,1,layer1.0.conv1,0.0317461
52,2,layer1.0.conv2,0.0371221
52,3,layer1.1.conv1,0.0453012
52,4,layer1.1.conv2,0.0500427
52,5,layer1.2.conv1,0.0469388
52,6,layer1.2.conv2,0.0497595
52,7,layer1.3.conv1,0.0562498
52,8,layer1.3.conv2,0.0692556
52,9,layer1.4.conv1,0.0685759
52,10,layer1.4.conv2,0.0695414
52,11,layer1.5.conv1,0.0768064
52,12,layer1.5.conv2,0.0742385
52,13,layer1.6.conv1,0.0750368
52,14,layer1.6.conv2,0.0784335
52,15,layer1.7.conv1,0.0763285
52,16,layer1.7.conv2,0.0817554
52,17,layer1.8.conv1,0.0953336
52,18,layer1.8.conv2,0.111356
52,19,layer2.0.conv1,0.159187
52,20,layer2.0.conv2,0.207408
52,21,layer2.1.conv1,0.222919
52,22,layer2.1.conv2,0.250353
52,23,layer2.2.conv1,0.25329
52,24,layer2.2.conv2,0.246035
52,25,layer2.3.conv1,0.226068
52,26,layer2.3.conv2,0.19374
52,27,layer2.4.conv1,0.16617
52,28,layer2.4.conv2,0.138094
52,29,layer2.5.conv1,0.126212
52,30,layer2.5.conv2,0.0974643
52,31,layer2.6.conv1,0.0762048
52,32,layer2.6.conv2,0.062558
52,33,layer2.7.conv1,0.0496656
52,34,layer2.7.conv2,0.0476149
52,35,layer2.8.conv1,0.0463083
52,36,layer2.8.conv2,0.0492772
52,37,layer3.0.conv1,0.0595075
52,38,layer3.0.conv2,0.0849491
52,39,layer3.1.conv1,0.0918297
52,40,layer3.1.conv2,0.083805
52,41,layer3.2.conv1,0.0756488
52,42,layer3.2.conv2,0.0660263
52,43,layer3.3.conv1,0.0575666
52,44,layer3.3.conv2,0.0537145
52,45,layer3.4.conv1,0.0525392
52,46,layer3.4.conv2,0.0516984
52,47,layer3.5.conv1,0.0524758
52,48,layer3.5.conv2,0.0564416
52,49,layer3.6.conv1,0.063898
52,50,layer3.6.conv2,0.0730917
52,51,layer3.7.conv1,0.088001
52,52,layer3.7.conv2,0.101031
52,53,layer3.8.conv1,0.114126
52,54,layer3.8.conv2,0.117408
53,0,conv1,0.0608756
53,1,layer1.0.conv1,0.0308928
53,2,layer1.0.conv2,0.0391333
53,3,layer1.1.conv1,0.0445684
53,4,layer1.1.conv2,0.0463098
53,5,layer1.2.conv1,0.0483407
53,6,layer1.2.conv2,0.0513061
53,7,layer1.3.conv1,0.0575691
53,8,layer1.3.conv2,0.0676046
53,9,layer1.4.conv1,0.0667555
53,10,layer1.4.conv2,0.0688666
53,11,layer1.5.conv1,0.0766736
53,12,layer1.5.conv2,0.0740873
53,13,layer1.6.conv1,0.0738799
53,14,layer1.6.conv2,0.0788547
53,15,layer1.7.conv1,0.0781052
53,16,layer1.7.conv2,0.0795109
53,17,layer1.8.conv1,0.0975249
53,18,layer1.8.conv2,0.118112
53,19,layer2.0.conv1,0.160606
53,20,layer2.0.conv2,0.213028
53,21,layer2.1.conv1,0.237588
53,22,layer2.1.conv2,0.260585
53,23,layer2.2.conv1,0.25738
53,24,layer2.2.conv2,0.249501
53,25,layer2.3.conv1,0.224449
53,26,layer2.3.conv2,0.189258
53,27,layer2.4.conv1,0.162433
53,28,layer2.4.conv2,0.137024
53,29,layer2.5.conv1,0.12461
53,30,layer2.5.conv2,0.101624
53,31,layer2.6.conv1,0.0780855
53,32,layer2.6.conv2,0.0662834
53,33,layer2.7.conv1,0.0525566
53,34,layer2.7.conv2,0.0486364
53,35,layer2.8.conv1,0.0472235
53,36,layer2.8.conv2,0.0502295
53,37,layer3.0.conv1,0.0587534
53,38,layer3.0.conv2,0.0843231
53,39,layer3.1.conv1,0.0893441
53,40,layer3.1.conv2,0.0813782
53,41,layer3.2.conv1,0.0704456
53,42,layer3.2.conv2,0.0609655
53,43,layer3.3.conv1,0.0543363
53,44,layer3.3.conv2,0.050687
53,45,layer3.4.conv1,0.049809
53,46,layer3.4.conv2,0.0488048
53,47,layer3.5.conv1,0.0504884
53,48,layer3.5.conv2,0.0534677
53,49,layer3.6.conv1,0.0597807
53,50,layer3.6.conv2,0.0701917
53,51,layer3.7.conv1,0.0841322
53,52,layer3.7.conv2,0.0978282
53,53,layer3.8.conv1,0.109906
53,54,layer3.8.conv2,0.113661
54,0,conv1,0.0707323
54,1,layer1.0.conv1,0.0329153
54,2,layer1.0.conv2,0.0405981
54,3,layer1.1.conv1,0.0453453
54,4,layer1.1.conv2,0.0512599
54,5,layer1.2.conv1,0.0479886
54,6,layer1.2.conv2,0.052647
54,7,layer1.3.conv1,0.0610935
54,8,layer1.3.conv2,0.0679956
54,9,layer1.4.conv1,0.0688689
54,10,layer1.4.conv2,0.0724011
54,11,layer1.5.conv1,0.0797345
54,12,layer1.5.conv2,0.0761491
54,13,layer1.6.conv1,0.0778957
54,14,layer1.6.conv2,0.0811891
54,15,layer1.7.conv1,0.0801482
54,16,layer1.7.conv2,0.0824526
54,17,layer1.8.conv1,0.0986496
54,18,layer1.8.conv2,0.116279
54,19,layer2.0.conv1,0.161361
54,20,layer2.0.conv2,0.209435
54,21,layer2.1.conv1,0.230201
54,22,layer2.1.conv2,0.249534
54,23,layer2.2.conv1,0.255212
54,24,layer2.2.conv2,0.252685
54,25,layer2.3.conv1,0.227898
54,26,layer2.3.conv2,0.198354
54,27,layer2.4.conv1,0.170216
54,28,layer2.4.conv2,0.141408
54,29,layer2.5.conv1,0.130452
54,30,layer2.5.conv2,0.108025
54,31,layer2.6.conv1,0.0846903
54,32,layer2.6.conv2,0.071976
54,33,layer2.7.conv1,0.0591931
54,34,layer2.7.conv2,0.0544151
54,35,layer2.8.conv1,0.0530429
54,36,layer2.8.conv2,0.0544391
54,37,layer3.0.conv1,0.0633481
54,38,layer3.0.conv2,0.084125
54,39,layer3.1.conv1,0.0921989
54,40,layer3.1.conv2,0.0837129
54,41,layer3.2.conv1,0.0716664
54,42,layer3.2.conv2,0.0610464
54,43,layer3.3.conv1,0.0539007
54,44,layer3.3.conv2,0.0507004
54,45,layer3.4.conv1,0.0503038
54,46,layer3.4.conv2,0.0497921
54,47,layer3.5.conv1,0.0504532
54,48,layer3.5.conv2,0.0525608
54,49,layer3.6.conv1,0.0604576
54,50,layer3.6.conv2,0.070784
54,51,layer3.7.conv1,0.0858529
54,52,layer3.7.conv2,0.0996503
54,53,layer3.8.conv1,0.10906
54,54,layer3.8.conv2,0.11402
55,0,conv1,0.0666601
55,1,layer1.0.conv1,0.037788
55,2,layer1.0.conv2,0.0452428
55,3,layer1.1.conv1,0.0497018
55,4,layer1.1.conv2,0.05525
55,5,layer1.2.conv1,0.0552059
55,6,layer1.2.conv2,0.0567822
55,7,layer1.3.conv1,0.061767
55,8,layer1.3.conv2,0.0674558
55,9,layer1.4.conv1,0.0728543
55,10,layer1.4.conv2,0.0736991
55,11,layer1.5.conv1,0.0816089
55,12,layer1.5.conv2,0.0778389
55,13,layer1.6.conv1,0.0783026
55,14,layer1.6.conv2,0.081825
55,15,layer1.7.conv1,0.0818692
55,16,layer1.7.conv2,0.084479
55,17,layer1.8.conv1,0.104023
55,18,layer1.8.conv2,0.122394
55,19,layer2.0.conv1,0.172318
55,20,layer2.0.conv2,0.226812
55,21,layer2.1.conv1,0.243063
55,22,layer2.1.conv2,0.262705
55,23,layer2.2.conv1,0.261838
55,24,layer2.2.conv2,0.251682
55,25,layer2.3.conv1,0.230499
55,26,layer2.3.conv2,0.203189
55,27,layer2.4.conv1,0.175904
55,28,layer2.4.conv2,0.148978
55,29,layer2.5.conv1,0.134862
55,30,layer2.5.conv2,0.105621
55,31,layer2.6.conv1,0.0832983
55,32,layer2.6.conv2,0.0717049
55,33,layer2.7.conv1,0.0573623
55,34,layer2.7.conv2,0.0522671
55,35,layer2.8.conv1,0.0499801
55,36,layer2.8.conv2,0.0519983
55,37,layer3.0.conv1,0.0624853
55,38,layer3.0.conv2,0.0862983
55,39,layer3.1.conv1,0.0934816
55,40,layer3.1.conv2,0.0857801
55,41,layer3.2.conv1,0.0752517
55,42,layer3.2.conv2,0.0640034
55,43,layer3.3.conv1,0.0572054
55,44,layer3.3.conv2,0.0523458
55,45,layer3.4.conv1,0.0516879
55,46,layer3.4.conv2,0.0515976
55,47,layer3.5.conv1,0.0528593
55,48,layer3.5.conv2,0.0557467
55,49,layer3.6.conv1,0.0622796
55,50,layer3.6.conv2,0.0711377
55,51,layer3.7.conv1,0.0872427
55,52,layer3.7.conv2,0.101423
55,53,layer3.8.conv1,0.114137
55,54,layer3.8.conv2,0.121005
56,0,conv1,0.0731821
56,1,layer1.0.conv1,0.0366594
56,2,layer1.0.conv2,0.04145
56,3,layer1.1.conv1,0.0470112
56,4,layer1.1.conv2,0.0489238
56,5,layer1.2.conv1,0.0554497
56,6,layer1.2.conv2,0.0561494
56,7,layer1.3.conv1,0.059149
56,8,layer1.3.conv2,0.0665081
56,9,layer1.4.conv1,0.0692483
56,10,layer1.4.conv2,0.0751697
56,11,layer1.5.conv1,0.0807344
56,12,layer1.5.conv2,0.0795504
56,13,layer1.6.conv1,0.0804966
56,14,layer1.6.conv2,0.0813621
56,15,layer1.7.conv1,0.0804189
56,16,layer1.7.conv2,0.0791177
56,17,layer1.8.conv1,0.0981742
56,18,layer1.8.conv2,0.114459
56,19,layer2.0.conv1,0.158249
56,20,layer2.0.conv2,0.210029
56,21,layer2.1.conv1,0.222884
56,22,layer2.1.conv2,0.24631
56,23,layer2.2.conv1,0.250011
56,24,layer2.2.conv2,0.241061
56,25,layer2.3.conv1,0.218605
56,26,layer2.3.conv2,0.191363
56,27,layer2.4.conv1,0.165645
56,28,layer2.4.conv2,0.139574
56,29,layer2.5.conv1,0.12743
56,30,layer2.5.conv2,0.102097
56,31,layer2.6.conv1,0.0795481
56,32,layer2.6.conv2,0.065307
56,33,layer2.7.conv1,0.0506027
56,34,layer2.7.conv2,0.0457104
56,35,layer2.8.conv1,0.0439833
56,36,layer2.8.conv2,0.0466395
56,37,layer3.0.conv1,0.0581849
56,38,layer3.0.conv2,0.0834511
56,39,layer3.1.conv1,0.0886851
56,40,layer3.1.conv2,0.0823883
56,41,layer3.2.conv1,0.0727752
56,42,layer3.2.conv2,0.062428
56,43,layer3.3.conv1,0.0573045
56,44,layer3.3.conv2,0.0532854
56,45,layer3.4.conv1,0.0528735
56,46,layer3.4.conv2,0.0534524
56,47,layer3.5.conv1,0.0542306
56,48,layer3.5.conv2,0.0566226
56,49,layer3.6.conv1,0.0634631
56,50,layer3.6.conv2,0.0724688
56,51,layer3.7.conv1,0.0875317
56,52,layer3.7.conv2,0.101501
56,53,layer3.8.conv1,0.113482
56,54,layer3.8.conv2,0.118413
57,0,conv1,0.0734531
57,1,layer1.0.conv1,0.0370106
57,2,layer1.0.conv2,0.0445322
57,3,layer1.1.conv1,0.0538089
57,4,layer1.1.conv2,0.053314
57,5,layer1.2.conv1,0.053027
57,6,layer1.2.conv2,0.0556731
57,7,layer1.3.conv1,0.0598227
57,8,layer1.3.conv2,0.0649609
57,9,layer1.4.conv1,0.0669214
57,10,layer1.4.conv2,0.071823
57,11,layer1.5.conv1,0.0784669
57,12,layer1.5.conv2,0.0760571
57,13,layer1.6.conv1,0.0788446
57,14,layer1.6.conv2,0.0796901
57,15,layer1.7.conv1,0.0793952
57,16,layer1.7.conv2,0.0851412
57,17,layer1.8.conv1,0.101587
57,18,layer1.8.conv2,0.118026
57,19,layer2.0.conv1,0.16172
57,20,layer2.0.conv2,0.221206
57,21,layer2.1.conv1,0.238956
57,22,layer2.1.conv2,0.253055
57,23,layer2.2.conv1,0.257212
57,24,layer2.2.conv2,0.246522
57,25,layer2.3.conv1,0.22563
57,26,layer2.3.conv2,0.190456
57,27,layer2.4.conv1,0.163931
57,28,layer2.4.conv2,0.140887
57,29,layer2.5.conv1,0.127469
57,30,layer2.5.conv2,0.100947
57,31,layer2.6.conv1,0.0781239
57,32,layer2.6.conv2,0.0660355
57,33,layer2.7.conv1,0.0531451
57,34,layer2.7.conv2,0.0493015
57,35,layer2.8.conv1,0.0478611
57,36,layer2.8.conv2,0.0490931
57,37,layer3.0.conv1,0.05934
57,38,layer3.0.conv2,0.0839518
57,39,layer3.1.conv1,0.0899864
57,40,layer3.1.conv2,0.0806866
57,41,layer3.2.conv1,0.0706972
57,42,layer3.2.conv2,0.0620249
57,43,layer3.3.conv1,0.0562609
57,44,layer3.3.conv2,0.0520529
57,45,layer3.4.conv1,0.0514645
57,46,layer3.4.conv2,0.0516826
57,47,layer3.5.conv1,0.0533057
57,48,layer3.5.conv2,0.0551728
57,49,layer3.6.conv1,0.0610947
57,50,layer3.6.conv2,0.0717949
57,51,layer3.7.conv1,0.0892813
57,52,layer3.7.conv2,0.102333
57,53,layer3.8.conv1,0.113722
57,54,layer3.8.conv2,0.120884
58,0,conv1,0.0684561
58,1,layer1.0.conv1,0.0349389
58,2,layer1.0.conv2,0.0398247
58,3,layer1.1.conv1,0.0541848
58,4,layer1.1.conv2,0.0523459
58,5,layer1.2.conv1,0.0508452
58,6,layer1.2.conv2,0.0573922
58,7,layer1.3.conv1,0.0620761
58,8,layer1.3.conv2,0.0670094
58,9,layer1.4.conv1,0.0669467
58,10,layer1.4.conv2,0.0751605
58,11,layer1.5.conv1,0.081943
58,12,layer1.5.conv2,0.0762669
58,13,layer1.6.conv1,0.0805872
58,14,layer1.6.conv2,0.0804028
58,15,layer1.7.conv1,0.0789994
58,16,layer1.7.conv2,0.0834574
58,17,layer1.8.conv1,0.0956231
58,18,layer1.8.conv2,0.111377
58,19,layer2.0.conv1,0.159257
58,20,layer2.0.conv2,0.212358
58,21,layer2.1.conv1,0.229582
58,22,layer2.1.conv2,0.248485
58,23,layer2.2.conv1,0.257396
58,24,layer2.2.conv2,0.247768
58,25,layer2.3.conv1,0.226796
58,26,layer2.3.conv2,0.196664
58,27,layer2.4.conv1,0.167086
58,28,layer2.4.conv2,0.141828
58,29,layer2.5.conv1,0.12694
58,30,layer2.5.conv2,0.103068
58,31,layer2.6.conv1,0.0779592
58,32,layer2.6.conv2,0.0695557
58,33,layer2.7.conv1,0.0555189
58,34,layer2.7.conv2,0.0508447
58,35,layer2.8.conv1,0.0490123
58,36,layer2.8.conv2,0.0517406
58,37,layer3.0.conv1,0.0606392
58,38,layer3.0.conv2,0.0831298
58,39,layer3.1.conv1,0.0877089
58,40,layer3.1.conv2,0.07792
58,41,layer3.2.conv1,0.0680812
58,42,layer3.2.conv2,0.0591755
58,43,layer3.3.conv1,0.0525809
58,44,layer3.3.conv2,0.0488259
58,45,layer3.4.conv1,0.0479868
58,46,layer3.4.conv2,0.047714
58,47,layer3.5.conv1,0.0493832
58,48,layer3.5.conv2,0.053327
58,49,layer3.6.conv1,0.0587709
58,50,layer3.6.conv2,0.0679517
58,51,layer3.7.conv1,0.0835995
58,52,layer3.7.conv2,0.09955
58,53,layer3.8.conv1,0.111905
58,54,layer3.8.conv2,0.120498
59,0,conv1,0.0745259
59,1,layer1.0.conv1,0.0366163
59,2,layer1.0.conv2,0.0438878
59,3,layer1.1.conv1,0.051062
59,4,layer1.1.conv2,0.0508799
59,5,layer1.2.conv1,0.0522676
59,6,layer1.2.conv2,0.0524185
59,7,layer1.3.conv1,0.058093
59,8,layer1.3.conv2,0.0642171
59,9,layer1.4.conv1,0.066889
59,10,layer1.4.conv2,0.0742725
59,11,layer1.5.conv1,0.0770429
59,12,layer1.5.conv2,0.0759651
59,13,layer1.6.conv1,0.0794578
59,14,layer1.6.conv2,0.0781639
59,15,layer1.7.conv1,0.0774436
59,16,layer1.7.conv2,0.0818437
59,17,layer1.8.conv1,0.10043
59,18,layer1.8.conv2,0.119071
59,19,layer2.0.conv1,0.161979
59,20,layer2.0.conv2,0.219522
59,21,layer2.1.conv1,0.234101
59,22,layer2.1.conv2,0.254526
59,23,layer2.2.conv1,0.259457
59,24,layer2.2.conv2,0.250613
59,25,layer2.3.conv1,0.22369
59,26,layer2.3.conv2,0.192067
59,27,layer2.4.conv1,0.167271
59,28,layer2.4.conv2,0.141694
59,29,layer2.5.conv1,0.128422
59,30,layer2.5.conv2,0.102075
59,31,layer2.6.conv1,0.081847
59,32,layer2.6.conv2,0.0729675
59,33,layer2.7.conv1,0.0545964
59,34,layer2.7.conv2,0.0480158
59,35,layer2.8.conv1,0.0469276
59,36,layer2.8.conv2,0.0482117
59,37,layer3.0.conv1,0.0595627
59,38,layer3.0.conv2,0.0829924
59,39,layer3.1.conv1,0.0903208
59,40,layer3.1.conv2,0.0812385
59,41,layer3.2.conv1,0.0694264
59,42,layer3.2.conv2,0.0597847
59,43,layer3.3.conv1,0.0537024
59,44,layer3.3.conv2,0.0504247
59,45,layer3.4.conv1,0.0494877
59,46,layer3.4.conv2,0.0495979
59,47,layer3.5.conv1,0.0514932
59,48,layer3.5.conv2,0.0548156
59,49,layer3.6.conv1,0.0602633
59,50,layer3.6.conv2,0.0701699
59,51,layer3.7.conv1,0.0861381
59,52,layer3.7.conv2,0.100794
59,53,layer3.8.conv1,0.11385
59,54,layer3.8.conv2,0.122352
60,0,conv1,0.0880683
60,1,layer1.0.conv1,0.0398654
60,2,layer1.0.conv2,0.0473698
60,3,layer1.1.conv1,0.0519178
60,4,layer1.1.conv2,0.0507592
60,5,layer1.2.conv1,0.0518315
60,6,layer1.2.conv2,0.0531176
60,7,layer1.3.conv1,0.0581336
60,8,layer1.3.conv2,0.0643883
60,9,layer1.4.conv1,0.0663244
60,10,layer1.4.conv2,0.0731047
60,11,layer1.5.conv1,0.0749078
60,12,layer1.5.conv2,0.0748116
60,13,layer1.6.conv1,0.0785824
60,14,layer1.6.conv2,0.0784629
60,15,layer1.7.conv1,0.079372
60,16,layer1.7.conv2,0.0846987
60,17,layer1.8.conv1,0.0989661
60,18,layer1.8.conv2,0.116637
60,19,layer2.0.conv1,0.168012
60,20,layer2.0.conv2,0.225709
60,21,layer2.1.conv1,0.238289
60,22,layer2.1.conv2,0.255003
60,23,layer2.2.conv1,0.259808
60,24,layer2.2.conv2,0.250379
60,25,layer2.3.conv1,0.233192
60,26,layer2.3.conv2,0.202833
60,27,layer2.4.conv1,0.181214
60,28,layer2.4.conv2,0.153867
60,29,layer2.5.conv1,0.138111
60,30,layer2.5.conv2,0.110592
60,31,layer2.6.conv1,0.0852985
60,32,layer2.6.conv2,0.067538
60,33,layer2.7.conv1,0.0527206
60,34,layer2.7.conv2,0.0466752
60,35,layer2.8.conv1,0.0464768
60,36,layer2.8.conv2,0.0472203
60,37,layer3.0.conv1,0.0593705
60,38,layer3.0.conv2,0.0830721
60,39,layer3.1.conv1,0.0908813
60,40,layer3.1.conv2,0.0821471
60,41,layer3.2.conv1,0.0719893
60,42,layer3.2.conv2,0.0624091
60,43,layer3.3.conv1,0.0566027
60,44,layer3.3.conv2,0.0526709
60,45,layer3.4.conv1,0.0516152
60,46,layer3.4.conv2,0.0518686
60,47,layer3.5.conv1,0.0527183
60,48,layer3.5.conv2,0.0557061
60,49,layer3.6.conv1,0.0614605
60,50,layer3.6.conv2,0.0716184
60,51,layer3.7.conv1,0.088278
60,52,layer3.7.conv2,0.103113
60,53,layer3.8.conv1,0.114728
60,54,layer3.8.conv2,0.121541
61,0,conv1,0.079573
61,1,layer1.0.conv1,0.0430325
61,2,layer1.0.conv2,0.0476025
61,3,layer1.1.conv1,0.0580769
61,4,layer1.1.conv2,0.0611068
61,5,layer1.2.conv1,0.0584236
61,6,layer1.2.conv2,0.0598646
61,7,layer1.3.conv1,0.0661926
61,8,layer1.3.conv2,0.0674191
61,9,layer1.4.conv1,0.0709789
61,10,layer1.4.conv2,0.0766777
61,11,layer1.5.conv1,0.0805993
61,12,layer1.5.conv2,0.0833129
61,13,layer1.6.conv1,0.0865727
61,14,layer1.6.conv2,0.0850179
61,15,layer1.7.conv1,0.082647
61,16,layer1.7.conv2,0.0874522
61,17,layer1.8.conv1,0.104359
61,18,layer1.8.conv2,0.120595
61,19,layer2.0.conv1,0.172983
61,20,layer2.0.conv2,0.233744
61,21,layer2.1.conv1,0.250945
61,22,layer2.1.conv2,0.276293
61,23,layer2.2.conv1,0.275679
61,24,layer2.2.conv2,0.265531
61,25,layer2.3.conv1,0.238997
61,26,layer2.3.conv2,0.209793
61,27,layer2.4.conv1,0.183687
61,28,layer2.4.conv2,0.154599
61,29,layer2.5.conv1,0.137811
61,30,layer2.5.conv2,0.106961
61,31,layer2.6.conv1,0.0830605
61,32,layer2.6.conv2,0.0726589
61,33,layer2.7.conv1,0.0552076
61,34,layer2.7.conv2,0.0487131
61,35,layer2.8.conv1,0.0477172
61,36,layer2.8.conv2,0.0497013
61,37,layer3.0.conv1,0.0604234
61,38,layer3.0.conv2,0.0845459
61,39,layer3.1.conv1,0.0936798
61,40,layer3.1.conv2,0.08583
61,41,layer3.2.conv1,0.0724839
61,42,layer3.2.conv2,0.0624114
61,43,layer3.3.conv1,0.0553248
61,44,layer3.3.conv2,0.0514697
61,45,layer3.4.conv1,0.050547
61,46,layer3.4.conv2,0.0512508
61,47,layer3.5.conv1,0.0522456
61,48,layer3.5.conv2,0.0557124
61,49,layer3.6.conv1,0.0632504
61,50,layer3.6.conv2,0.0747101
61,51,layer3.7.conv1,0.0898448
61,52,layer3.7.conv2,0.102851
61,53,layer3.8.conv1,0.117669
61,54,layer3.8.conv2,0.124656
62,0,conv1,0.0783239
62,1,layer1.0.conv1,0.0422797
62,2,layer1.0.conv2,0.0524688
62,3,layer1.1.conv1,0.0596963
62,4,layer1.1.conv2,0.0617329
62,5,layer1.2.conv1,0.0582814
62,6,layer1.2.conv2,0.0593582
62,7,layer1.3.conv1,0.0661746
62,8,layer1.3.conv2,0.0731385
62,9,layer1.4.conv1,0.0740666
62,10,layer1.4.conv2,0.0832954
62,11,layer1.5.conv1,0.0891894
62,12,layer1.5.conv2,0.0887126
62,13,layer1.6.conv1,0.0913788
62,14,layer1.6.conv2,0.0867345
62,15,layer1.7.conv1,0.0848232
62,16,layer1.7.conv2,0.0874335
62,17,layer1.8.conv1,0.101823
62,18,layer1.8.conv2,0.123364
62,19,layer2.0.conv1,0.172149
62,20,layer2.0.conv2,0.228987
62,21,layer2.1.conv1,0.245096
62,22,layer2.1.conv2,0.260353
62,23,layer2.2.conv1,0.260523
62,24,layer2.2.conv2,0.253625
62,25,layer2.3.conv1,0.232547
62,26,layer2.3.conv2,0.199467
62,27,layer2.4.conv1,0.171924
62,28,layer2.4.conv2,0.145636
62,29,layer2.5.conv1,0.132669
62,30,layer2.5.conv2,0.108612
62,31,layer2.6.conv1,0.0832184
62,32,layer2.6.conv2,0.0696777
62,33,layer2.7.conv1,0.053039
62,34,layer2.7.conv2,0.0482701
62,35,layer2.8.conv1,0.0478247
62,36,layer2.8.conv2,0.0499132
62,37,layer3.0.conv1,0.0604131
62,38,layer3.0.conv2,0.0857049
62,39,layer3.1.conv1,0.0925226
62,40,layer3.1.conv2,0.0850007
62,41,layer3.2.conv1,0.0732032
62,42,layer3.2.conv2,0.0617487
62,43,layer3.3.conv1,0.0546641
62,44,layer3.3.conv2,0.0506827
62,45,layer3.4.conv1,0.0494566
62,46,layer3.4.conv2,0.0503172
62,47,layer3.5.conv1,0.0515104
62,48,layer3.5.conv2,0.0542803
62,49,layer3.6.conv1,0.0602099
62,50,layer3.6.conv2,0.0711637
62,51,layer3.7.conv1,0.0877214
62,52,layer3.7.conv2,0.100853
62,53,layer3.8.conv1,0.112824
62,54,layer3.8.conv2,0.117883
63,0,conv1,0.0796821
63,1,layer1.0.conv1,0.0381846
63,2,layer1.0.conv2,0.0515819
63,3,layer1.1.conv1,0.0555775
63,4,layer1.1.conv2,0.0564455
63,5,layer1.2.conv1,0.0557451
63,6,layer1.2.conv2,0.0551886
63,7,layer1.3.conv1,0.0631819
63,8,layer1.3.conv2,0.0660026
63,9,layer1.4.conv1,0.0700406
63,10,layer1.4.conv2,0.0763109
63,11,layer1.5.conv1,0.0799156
63,12,layer1.5.conv2,0.0796184
63,13,layer1.6.conv1,0.0855863
63,14,layer1.6.conv2,0.0837473
63,15,layer1.7.conv1,0.0799138
63,16,layer1.7.conv2,0.0845677
63,17,layer1.8.conv1,0.100647
63,18,layer1.8.conv2,0.120205
63,19,layer2.0.conv1,0.17046
63,20,layer2.0.conv2,0.221761
63,21,layer2.1.conv1,0.239311
63,22,layer2.1.conv2,0.257627
63,23,layer2.2.conv1,0.260638
63,24,layer2.2.conv2,0.251598
63,25,layer2.3.conv1,0.228343
63,26,layer2.3.conv2,0.196292
63,27,layer2.4.conv1,0.170765
63,28,layer2.4.conv2,0.146042
63,29,layer2.5.conv1,0.129312
63,30,layer2.5.conv2,0.101317
63,31,layer2.6.conv1,0.0750159
63,32,layer2.6.conv2,0.0631914
63,33,layer2.7.conv1,0.0489332
63,34,layer2.7.conv2,0.0453953
63,35,layer2.8.conv1,0.0439893
63,36,layer2.8.conv2,0.0455367
63,37,layer3.0.conv1,0.0572143
63,38,layer3.0.conv2,0.0835355
63,39,layer3.1.conv1,0.0892243
63,40,layer3.1.conv2,0.0801585
63,41,layer3.2.conv1,0.0687831
63,42,layer3.2.conv2,0.0602367
63,43,layer3.3.conv1,0.0535877
63,44,layer3.3.conv2,0.0502482
63,45,layer3.4.conv1,0.0494875
63,46,layer3.4.conv2,0.0505746
63,47,layer3.5.conv1,0.0515828
63,48,layer3.5.conv2,0.0538971
63,49,layer3.6.conv1,0.0608376
63,50,layer3.6.conv2,0.0713992
63,51,layer3.7.conv1,0.089625
63,52,layer3.7.conv2,0.102021
63,53,layer3.8.conv1,0.111441
63,54,layer3.8.conv2,0.11526
64,0,conv1,0.0792306
64,1,layer1.0.conv1,0.0409836
64,2,layer1.0.conv2,0.051991
64,3,layer1.1.conv1,0.0524755
64,4,layer1.1.conv2,0.0562732
64,5,layer1.2.conv1,0.0522901
64,6,layer1.2.conv2,0.0531831
64,7,layer1.3.conv1,0.0580622
64,8,layer1.3.conv2,0.0629885
64,9,layer1.4.conv1,0.0671209
64,10,layer1.4.conv2,0.0714134
64,11,layer1.5.conv1,0.0759121
64,12,layer1.5.conv2,0.0740809
64,13,layer1.6.conv1,0.0786221
64,14,layer1.6.conv2,0.0790565
64,15,layer1.7.conv1,0.0806669
64,16,layer1.7.conv2,0.0826551
64,17,layer1.8.conv1,0.0910688
64,18,layer1.8.conv2,0.112098
64,19,layer2.0.conv1,0.158449
64,20,layer2.0.conv2,0.212821
64,21,layer2.1.conv1,0.226599
64,22,layer2.1.conv2,0.247946
64,23,layer2.2.conv1,0.248471
64,24,layer2.2.conv2,0.240094
64,25,layer2.3.conv1,0.224586
64,26,layer2.3.conv2,0.19256
64,27,layer2.4.conv1,0.163681
64,28,layer2.4.conv2,0.138316
64,29,layer2.5.conv1,0.126212
64,30,layer2.5.conv2,0.105816
64,31,layer2.6.conv1,0.0829856
64,32,layer2.6.conv2,0.0692794
64,33,layer2.7.conv1,0.0522212
64,34,layer2.7.conv2,0.0472808
64,35,layer2.8.conv1,0.0464634
64,36,layer2.8.conv2,0.0482616
64,37,layer3.0.conv1,0.0595867
64,38,layer3.0.conv2,0.0793807
64,39,layer3.1.conv1,0.0879845
64,40,layer3.1.conv2,0.0800231
64,41,layer3.2.conv1,0.06741
64,42,layer3.2.conv2,0.0560934
64,43,layer3.3.conv1,0.0493893
64,44,layer3.3.conv2,0.0463931
64,45,layer3.4.conv1,0.0451918
64,46,layer3.4.conv2,0.0460697
64,47,layer3.5.conv1,0.04771
64,48,layer3.5.conv2,0.0510137
64,49,layer3.6.conv1,0.0576195
64,50,layer3.6.conv2,0.0690721
64,51,layer3.7.conv1,0.0852854
64,52,layer3.7.conv2,0.09979
64,53,layer3.8.conv1,0.110343
64,54,layer3.8.conv2,0.117295
65,0,conv1,0.0859573
65,1,layer1.0.conv1,0.039712
65,2,layer1.0.conv2,0.0541452
65,3,layer1.1.conv1,0.0562226
65,4,layer1.1.conv2,0.0586185
65,5,layer1.2.conv1,0.0568342
65,6,layer1.2.conv2,0.0595926
65,7,layer1.3.conv1,0.0647497
65,8,layer1.3.conv2,0.0716125
65,9,layer1.4.conv1,0.0770717
65,10,layer1.4.conv2,0.0837675
65,11,layer1.5.conv1,0.0810201
65,12,layer1.5.conv2,0.0785551
65,13,layer1.6.conv1,0.0806736
65,14,layer1.6.conv2,0.0765926
65,15,layer1.7.conv1,0.0779633
65,16,layer1.7.conv2,0.0814837
65,17,layer1.8.conv1,0.0894726
65,18,layer1.8.conv2,0.113032
65,19,layer2.0.conv1,0.160853
65,20,layer2.0.conv2,0.213942
65,21,layer2.1.conv1,0.227388
65,22,layer2.1.conv2,0.245846
65,23,layer2.2.conv1,0.250856
65,24,layer2.2.conv2,0.241463
65,25,layer2.3.conv1,0.223078
65,26,layer2.3.conv2,0.194629
65,27,layer2.4.conv1,0.172031
65,28,layer2.4.conv2,0.14455
65,29,layer2.5.conv1,0.129743
65,30,layer2.5.conv2,0.10071
65,31,layer2.6.conv1,0.0741804
65,32,layer2.6.conv2,0.0587146
65,33,layer2.7.conv1,0.0473318
65,34,layer2.7.conv2,0.0440636
65,35,layer2.8.conv1,0.0423777
65,36,layer2.8.conv2,0.0454176
65,37,layer3.0.conv1,0.0539504
65,38,layer3.0.conv2,0.0791076
65,39,layer3.1.conv1,0.0839501
65,40,layer3.1.conv2,0.0749071
65,41,layer3.2.conv1,0.0634437
65,42,layer3.2.conv2,0.0544477
65,43,layer3.3.conv1,0.0475573
65,44,layer3.3.conv2,0.0438814
65,45,layer3.4.conv1,0.0432925
65,46,layer3.4.conv2,0.0444251
65,47,layer3.5.conv1,0.0455783
65,48,layer3.5.conv2,0.0479667
65,49,layer3.6.conv1,0.0549007
65,50,layer3.6.conv2,0.0671677
65,51,layer3.7.conv1,0.0851535
65,52,layer3.7.conv2,0.0993661
65,53,layer3.8.conv1,0.111348
65,54,layer3.8.conv2,0.11685
66,0,conv1,0.0851649
66,1,layer1.0.conv1,0.0442291
66,2,layer1.0.conv2,0.0557951
66,3,layer1.1.conv1,0.0617874
66,4,layer1.1.conv2,0.0633399
66,5,layer1.2.conv1,0.0595272
66,6,layer1.2.conv2,0.0596126
66,7,layer1.3.conv1,0.0659999
66,8,layer1.3.conv2,0.0675791
66,9,layer1.4.conv1,0.0745898
66,10,layer1.4.conv2,0.0782887
66,11,layer1.5.conv1,0.0806905
66,12,layer1.5.conv2,0.0769625
66,13,layer1.6.conv1,0.0818336
66,14,layer1.6.conv2,0.0791921
66,15,layer1.7.conv1,0.0763676
66,16,layer1.7.conv2,0.0803759
66,17,layer1.8.conv1,0.0924606
66,18,layer1.8.conv2,0.116511
66,19,layer2.0.conv1,0.165685
66,20,layer2.0.conv2,0.216991
66,21,layer2.1.conv1,0.226931
66,22,layer2.1.conv2,0.24759
66,23,layer2.2.conv1,0.25683
66,24,layer2.2.conv2,0.247442
66,25,layer2.3.conv1,0.228997
66,26,layer2.3.conv2,0.199747
66,27,layer2.4.conv1,0.169332
66,28,layer2.4.conv2,0.142588
66,29,layer2.5.conv1,0.129498
66,30,layer2.5.conv2,0.102896
66,31,layer2.6.conv1,0.0760014
66,32,layer2.6.conv2,0.0638703
66,33,layer2.7.conv1,0.0521968
66,34,layer2.7.conv2,0.0459602
66,35,layer2.8.conv1,0.0453663
66,36,layer2.8.conv2,0.0464464
66,37,layer3.0.conv1,0.0557941
66,38,layer3.0.conv2,0.0805468
66,39,layer3.1.conv1,0.0878759
66,40,layer3.1.conv2,0.0770667
66,41,layer3.2.conv1,0.064621
66,42,layer3.2.conv2,0.0550776
66,43,layer3.3.conv1,0.0479985
66,44,layer3.3.conv2,0.044779
66,45,layer3.4.conv1,0.0437288
66,46,layer3.4.conv2,0.0453763
66,47,layer3.5.conv1,0.0468083
66,48,layer3.5.conv2,0.0499335
66,49,layer3.6.conv1,0.0568293
66,50,layer3.6.conv2,0.0671462
66,51,layer3.7.conv1,0.082268
66,52,layer3.7.conv2,0.0967588
66,53,layer3.8.conv1,0.111213
66,54,layer3.8.conv2,0.117765
67,0,conv1,0.0858794
67,1,layer1.0.conv1,0.0475323
67,2,layer1.0.conv2,0.0653552
67,3,layer1.1.conv1,0.0645425
67,4,layer1.1.conv2,0.0681295
67,5,layer1.2.conv1,0.0657579
67,6,layer1.2.conv2,0.0639022
67,7,layer1.3.conv1,0.0733403
67,8,layer1.3.conv2,0.0774648
67,9,layer1.4.conv1,0.0836419
67,10,layer1.4.conv2,0.0862831
67,11,layer1.5.conv1,0.0901349
67,12,layer1.5.conv2,0.0842034
67,13,layer1.6.conv1,0.0872923
67,14,layer1.6.conv2,0.0857448
67,15,layer1.7.conv1,0.0826018
67,16,layer1.7.conv2,0.090048
67,17,layer1.8.conv1,0.108717
67,18,layer1.8.conv2,0.125544
67,19,layer2.0.conv1,0.17762
67,20,layer2.0.conv2,0.237459
67,21,layer2.1.conv1,0.253187
67,22,layer2.1.conv2,0.273119
67,23,layer2.2.conv1,0.2767
67,24,layer2.2.conv2,0.265512
67,25,layer2.3.conv1,0.246507
67,26,layer2.3.conv2,0.216766
67,27,layer2.4.conv1,0.180218
67,28,layer2.4.conv2,0.146615
67,29,layer2.5.conv1,0.131756
67,30,layer2.5.conv2,0.105105
67,31,layer2.6.conv1,0.0761019
67,32,layer2.6.conv2,0.060967
67,33,layer2.7.conv1,0.0475002
67,34,layer2.7.conv2,0.0432077
67,35,layer2.8.conv1,0.0412279
67,36,layer2.8.conv2,0.0439563
67,37,layer3.0.conv1,0.0537494
67,38,layer3.0.conv2,0.0806764
67,39,layer3.1.conv1,0.0870483
67,40,layer3.1.conv2,0.0784178
67,41,layer3.2.conv1,0.0662216
67,42,layer3.2.conv2,0.0572335
67,43,layer3.3.conv1,0.0502568
67,44,layer3.3.conv2,0.0477273
67,45,layer3.4.conv1,0.0456669
67,46,layer3.4.conv2,0.0466475
67,47,layer3.5.conv1,0.0482598
67,48,layer3.5.conv2,0.0509265
67,49,layer3.6.conv1,0.0575352
67,50,layer3.6.conv2,0.0691436
67,51,layer3.7.conv1,0.0863119
67,52,layer3.7.conv2,0.100652
67,53,layer3.8.conv1,0.112083
67,54,layer3.8.conv2,0.117776
68,0,conv1,0.083213
68,1,layer1.0.conv1,0.0425612
68,2,layer1.0.conv2,0.060931
68,3,layer1.1.conv1,0.0631656
68,4,layer1.1.conv2,0.0651489
68,5,layer1.2.conv1,0.0625897
68,6,layer1.2.conv2,0.0581661
68,7,layer1.3.conv1,0.0665442
68,8,layer1.3.conv2,0.0691375
68,9,layer1.4.conv1,0.0781451
68,10,layer1.4.conv2,0.0783949
68,11,layer1.5.conv1,0.0785853
68,12,layer1.5.conv2,0.0784391
68,13,layer1.6.conv1,0.0798316
68,14,layer1.6.conv2,0.0812802
68,15,layer1.7.conv1,0.0811268
68,16,layer1.7.conv2,0.0830895
68,17,layer1.8.conv1,0.0977245
68,18,layer1.8.conv2,0.121229
68,19,layer2.0.conv1,0.167199
68,20,layer2.0.conv2,0.22171
68,21,layer2.1.conv1,0.235624
68,22,layer2.1.conv2,0.254233
68,23,layer2.2.conv1,0.259377
68,24,layer2.2.conv2,0.249508
68,25,layer2.3.conv1,0.229415
68,26,layer2.3.conv2,0.197126
68,27,layer2.4.conv1,0.174459
68,28,layer2.4.conv2,0.146301
68,29,layer2.5.conv1,0.129016
68,30,layer2.5.conv2,0.104996
68,31,layer2.6.conv1,0.0782855
68,32,layer2.6.conv2,0.063372
68,33,layer2.7.conv1,0.0516992
68,34,layer2.7.conv2,0.0470842
68,35,layer2.8.conv1,0.0456834
68,36,layer2.8.conv2,0.0472771
68,37,layer3.0.conv1,0.0578967
68,38,layer3.0.conv2,0.0801956
68,39,layer3.1.conv1,0.0880966
68,40,layer3.1.conv2,0.078075
68,41,layer3.2.conv1,0.0651248
68,42,layer3.2.conv2,0.0566199
68,43,layer3.3.conv1,0.0513737
68,44,layer3.3.conv2,0.0490491
68,45,layer3.4.conv1,0.0469589
68,46,layer3.4.conv2,0.0484779
68,47,layer3.5.conv1,0.0499274
68,48,layer3.5.conv2,0.0515193
68,49,layer3.6.conv1,0.0571532
68,50,layer3.6.conv2,0.0687237
68,51,layer3.7.conv1,0.0842518
68,52,layer3.7.conv2,0.0990586
68,53,layer3.8.conv1,0.112112
68,54,layer3.8.conv2,0.116047
69,0,conv1,0.0909626
69,1,layer1.0.conv1,0.0448375
69,2,layer1.0.conv2,0.0617471
69,3,layer1.1.conv1,0.0656728
69,4,layer1.1.conv2,0.0641899
69,5,layer1.2.conv1,0.0618512
69,6,layer1.2.conv2,0.0593447
69,7,layer1.3.conv1,0.0688192
69,8,layer1.3.conv2,0.0689582
69,9,layer1.4.conv1,0.0778733
69,10,layer1.4.conv2,0.078058
69,11,layer1.5.conv1,0.0822343
69,12,layer1.5.conv2,0.078899
69,13,layer1.6.conv1,0.0773224
69,14,layer1.6.conv2,0.0786365
69,15,layer1.7.conv1,0.0790577
69,16,layer1.7.conv2,0.0809727
69,17,layer1.8.conv1,0.0996454
69,18,layer1.8.conv2,0.116251
69,19,layer2.0.conv1,0.165228
69,20,layer2.0.conv2,0.220399
69,21,layer2.1.conv1,0.230838
69,22,layer2.1.conv2,0.249371
69,23,layer2.2.conv1,0.249104
69,24,layer2.2.conv2,0.244417
69,25,layer2.3.conv1,0.229055
69,26,layer2.3.conv2,0.199365
69,27,layer2.4.conv1,0.176552
69,28,layer2.4.conv2,0.148538
69,29,layer2.5.conv1,0.133558
69,30,layer2.5.conv2,0.105583
69,31,layer2.6.conv1,0.0793468
69,32,layer2.6.conv2,0.0632551
69,33,layer2.7.conv1,0.0474157
69,34,layer2.7.conv2,0.0425174
69,35,layer2.8.conv1,0.0408275
69,36,layer2.8.conv2,0.0431411
69,37,layer3.0.conv1,0.054306
69,38,layer3.0.conv2,0.0807666
69,39,layer3.1.conv1,0.0861866
69,40,layer3.1.conv2,0.0768808
69,41,layer3.2.conv1,0.0661021
69,42,layer3.2.conv2,0.0576784
69,43,layer3.3.conv1,0.0518806
69,44,layer3.3.conv2,0.0490251
69,45,layer3.4.conv1,0.0473946
69,46,layer3.4.conv2,0.0477322
69,47,layer3.5.conv1,0.0496779
69,48,layer3.5.conv2,0.0517181
69,49,layer3.6.conv1,0.056955
69,50,layer3.6.conv2,0.068601
69,51,layer3.7.conv1,0.0845827
69,52,layer3.7.conv2,0.0984587
69,53,layer3.8.conv1,0.109806
69,54,layer3.8.conv2,0.113668
70,0,conv1,0.0933695
70,1,layer1.0.conv1,0.0535121
70,2,layer1.0.conv2,0.0647009
70,3,layer1.1.conv1,0.0699219
70,4,layer1.1.conv2,0.0725584
70,5,layer1.2.conv1,0.0669664
70,6,layer1.2.conv2,0.0649693
70,7,layer1.3.conv1,0.079467
70,8,layer1.3.conv2,0.0777825
70,9,layer1.4.conv1,0.0861419
70,10,layer1.4.conv2,0.0870488
70,11,layer1.5.conv1,0.0887402
70,12,layer1.5.conv2,0.0860342
70,13,layer1.6.conv1,0.0828273
70,14,layer1.6.conv2,0.0857084
70,15,layer1.7.conv1,0.0870551
70,16,layer1.7.conv2,0.088687
70,17,layer1.8.conv1,0.105504
70,18,layer1.8.conv2,0.1247
70,19,layer2.0.conv1,0.177077
70,20,layer2.0.conv2,0.229373
70,21,layer2.1.conv1,0.24408
70,22,layer2.1.conv2,0.263662
70,23,layer2.2.conv1,0.265881
70,24,layer2.2.conv2,0.256534
70,25,layer2.3.conv1,0.239426
70,26,layer2.3.conv2,0.206206
70,27,layer2.4.conv1,0.174752
70,28,layer2.4.conv2,0.147742
70,29,layer2.5.conv1,0.133809
70,30,layer2.5.conv2,0.108173
70,31,layer2.6.conv1,0.0799559
70,32,layer2.6.conv2,0.0697472
70,33,layer2.7.conv1,0.0535469
70,34,layer2.7.conv2,0.0491021
70,35,layer2.8.conv1,0.049377
70,36,layer2.8.conv2,0.0498659
70,37,layer3.0.conv1,0.0605543
70,38,layer3.0.conv2,0.0829754
70,39,layer3.1.conv1,0.0889621
70,40,layer3.1.conv2,0.0791808
70,41,layer3.2.conv1,0.065996
70,42,layer3.2.conv2,0.0558082
70,43,layer3.3.conv1,0.0497623
70,44,layer3.3.conv2,0.0471849
70,45,layer3.4.conv1,0.0470021
70,46,layer3.4.conv2,0.0464415
70,47,layer3.5.conv1,0.0483907
70,48,layer3.5.conv2,0.0501176
70,49,layer3.6.conv1,0.0554791
70,50,layer3.6.conv2,0.0658994
70,51,layer3.7.conv1,0.0816446
70,52,layer3.7.conv2,0.0969363
70,53,layer3.8.conv1,0.109315
70,54,layer3.8.conv2,0.114011
71,0,conv1,0.0997631
71,1,layer1.0.conv1,0.0515435
71,2,layer1.0.conv2,0.0730939
71,3,layer1.1.conv1,0.0746883
71,4,layer1.1.conv2,0.0717721
71,5,layer1.2.conv1,0.0670279
71,6,layer1.2.conv2,0.0639042
71,7,layer1.3.conv1,0.0743009
71,8,layer1.3.conv2,0.0748233
71,9,layer1.4.conv1,0.0826433
71,10,layer1.4.conv2,0.0866353
71,11,layer1.5.conv1,0.0843458
71,12,layer1.5.conv2,0.0847906
71,13,layer1.6.conv1,0.0859704
71,14,layer1.6.conv2,0.0858063
71,15,layer1.7.conv1,0.0884569
71,16,layer1.7.conv2,0.0934894
71,17,layer1.8.conv1,0.110851
71,18,layer1.8.conv2,0.124154
71,19,layer2.0.conv1,0.17687
71,20,layer2.0.conv2,0.236275
71,21,layer2.1.conv1,0.248425
71,22,layer2.1.conv2,0.270642
71,23,layer2.2.conv1,0.274187
71,24,layer2.2.conv2,0.267199
71,25,layer2.3.conv1,0.246609
71,26,layer2.3.conv2,0.210654
71,27,layer2.4.conv1,0.181486
71,28,layer2.4.conv2,0.153273
71,29,layer2.5.conv1,0.135625
71,30,layer2.5.conv2,0.107502
71,31,layer2.6.conv1,0.0832541
71,32,layer2.6.conv2,0.0699793
71,33,layer2.7.conv1,0.0524631
71,34,layer2.7.conv2,0.045544
71,35,layer2.8.conv1,0.0457453
71,36,layer2.8.conv2,0.0465899
71,37,layer3.0.conv1,0.0586038
71,38,layer3.0.conv2,0.0842493
71,39,layer3.1.conv1,0.0916848
71,40,layer3.1.conv2,0.0814798
71,41,layer3.2.conv1,0.0681584
71,42,layer3.2.conv2,0.0589496
71,43,layer3.3.conv1,0.0524494
71,44,layer3.3.conv2,0.0487854
71,45,layer3.4.conv1,0.0482457
71,46,layer3.4.conv2,0.0486135
71,47,layer3.5.conv1,0.0500746
71,48,layer3.5.conv2,0.0515799
71,49,layer3.6.conv1,0.0580193
71,50,layer3.6.conv2,0.0675411
71,51,layer3.7.conv1,0.0870058
71,52,layer3.7.conv2,0.103248
71,53,layer3.8.conv1,0.116874
71,54,layer3.8.conv2,0.122171
72,0,conv1,0.0966848
72,1,layer1.0.conv1,0.0519136
72,2,layer1.0.conv2,0.0735437
72,3,layer1.1.conv1,0.068899
72,4,layer1.1.conv2,0.0728328
72,5,layer1.2.conv1,0.0711948
72,6,layer1.2.conv2,0.0654723
72,7,layer1.3.conv1,0.0743252
72,8,layer1.3.conv2,0.0749907
72,9,layer1.4.conv1,0.0810969
72,10,layer1.4.conv2,0.0817651
72,11,layer1.5.conv1,0.0851514
72,12,layer1.5.conv2,0.0857451
72,13,layer1.6.conv1,0.0851236
72,14,layer1.6.conv2,0.0871055
72,15,layer1.7.conv1,0.0885523
72,16,layer1.7.conv2,0.0935042
72,17,layer1.8.conv1,0.112508
72,18,layer1.8.conv2,0.129448
72,19,layer2.0.conv1,0.175697
72,20,layer2.0.conv2,0.24021
72,21,layer2.1.conv1,0.252649
72,22,layer2.1.conv2,0.270554
72,23,layer2.2.conv1,0.271043
72,24,layer2.2.conv2,0.264352
72,25,layer2.3.conv1,0.237312
72,26,layer2.3.conv2,0.208161
72,27,layer2.4.conv1,0.179146
72,28,layer2.4.conv2,0.151825
72,29,layer2.5.conv1,0.133533
72,30,layer2.5.conv2,0.106966
72,31,layer2.6.conv1,0.080078
72,32,layer2.6.conv2,0.0661218
72,33,layer2.7.conv1,0.0507935
72,34,layer2.7.conv2,0.0459481
72,35,layer2.8.conv1,0.0460735
72,36,layer2.8.conv2,0.0480389
72,37,layer3.0.conv1,0.0617581
72,38,layer3.0.conv2,0.0830927
72,39,layer3.1.conv1,0.0902516
72,40,layer3.1.conv2,0.0819547
72,41,layer3.2.conv1,0.0694115
72,42,layer3.2.conv2,0.0582656
72,43,layer3.3.conv1,0.0510141
72,44,layer3.3.conv2,0.0473209
72,45,layer3.4.conv1,0.0469837
72,46,layer3.4.conv2,0.0477917
72,47,layer3.5.conv1,0.0488906
72,48,layer3.5.conv2,0.051902
72,49,layer3.6.conv1,0.057436
72,50,layer3.6.conv2,0.0667357
72,51,layer3.7.conv1,0.0839276
72,52,layer3.7.conv2,0.102063
72,53,layer3.8.conv1,0.116266
72,54,layer3.8.conv2,0.118833
73,0,conv1,0.0988008
73,1,layer1.0.conv1,0.0520842
73,2,layer1.0.conv2,0.062986
73,3,layer1.1.conv1,0.0697711
73,4,layer1.1.conv2,0.070131
73,5,layer1.2.conv1,0.0651678
73,6,layer1.2.conv2,0.0620018
73,7,layer1.3.conv1,0.0695101
73,8,layer1.3.conv2,0.0676524
73,9,layer1.4.conv1,0.0719808
73,10,layer1.4.conv2,0.0780019
73,11,layer1.5.conv1,0.0810128
73,12,layer1.5.conv2,0.0803017
73,13,layer1.6.conv1,0.0806753
73,14,layer1.6.conv2,0.079607
73,15,layer1.7.conv1,0.0845084
73,16,layer1.7.conv2,0.0905549
73,17,layer1.8.conv1,0.104772
73,18,layer1.8.conv2,0.123666
73,19,layer2.0.conv1,0.171826
73,20,layer2.0.conv2,0.229194
73,21,layer2.1.conv1,0.243327
73,22,layer2.1.conv2,0.259565
73,23,layer2.2.conv1,0.259934
73,24,layer2.2.conv2,0.254826
73,25,layer2.3.conv1,0.23881
73,26,layer2.3.conv2,0.209446
73,27,layer2.4.conv1,0.177373
73,28,layer2.4.conv2,0.152164
73,29,layer2.5.conv1,0.138224
73,30,layer2.5.conv2,0.11185
73,31,layer2.6.conv1,0.0820595
73,32,layer2.6.conv2,0.0663186
73,33,layer2.7.conv1,0.0518703
73,34,layer2.7.conv2,0.0496934
73,35,layer2.8.conv1,0.047295
73,36,layer2.8.conv2,0.049866
73,37,layer3.0.conv1,0.058487
73,38,layer3.0.conv2,0.0847026
73,39,layer3.1.conv1,0.0937927
73,40,layer3.1.conv2,0.085256
73,41,layer3.2.conv1,0.0704229
73,42,layer3.2.conv2,0.060146
73,43,layer3.3.conv1,0.0535855
73,44,layer3.3.conv2,0.0497679
73,45,layer3.4.conv1,0.0484314
73,46,layer3.4.conv2,0.0492691
73,47,layer3.5.conv1,0.0503449
73,48,layer3.5.conv2,0.0528832
73,49,layer3.6.conv1,0.0578777
73,50,layer3.6.conv2,0.0678238
73,51,layer3.7.conv1,0.0863652
73,52,layer3.7.conv2,0.102174
73,53,layer3.8.conv1,0.114736
73,54,layer3.8.conv2,0.117612
74,0,conv1,0.0902022
74,1,layer1.0.conv1,0.0556444
74,2,layer1.0.conv2,0.0718414
74,3,layer1.1.conv1,0.0752013
74,4,layer1.1.conv2,0.0720111
74,5,layer1.2.conv1,0.0716841
74,6,layer1.2.conv2,0.06525
74,7,layer1.3.conv1,0.0766591
74,8,layer1.3.conv2,0.0722313
74,9,layer1.4.conv1,0.0811604
74,10,layer1.4.conv2,0.0873348
74,11,layer1.5.conv1,0.0887294
74,12,layer1.5.conv2,0.0837263
74,13,layer1.6.conv1,0.0826734
74,14,layer1.6.conv2,0.0855373
74,15,layer1.7.conv1,0.0863482
74,16,layer1.7.conv2,0.0926814
74,17,layer1.8.conv1,0.109707
74,18,layer1.8.conv2,0.1221
74,19,layer2.0.conv1,0.173185
74,20,layer2.0.conv2,0.227421
74,21,layer2.1.conv1,0.246965
74,22,layer2.1.conv2,0.264336
74,23,layer2.2.conv1,0.263096
74,24,layer2.2.conv2,0.254054
74,25,layer2.3.conv1,0.232154
74,26,layer2.3.conv2,0.203192
74,27,layer2.4.conv1,0.173665
74,28,layer2.4.conv2,0.149208
74,29,layer2.5.conv1,0.132047
74,30,layer2.5.conv2,0.108697
74,31,layer2.6.conv1,0.0793526
74,32,layer2.6.conv2,0.0630469
74,33,layer2.7.conv1,0.0496198
74,34,layer2.7.conv2,0.0437738
74,35,layer2.8.conv1,0.041697
74,36,layer2.8.conv2,0.042965
74,37,layer3.0.conv1,0.0533124
74,38,layer3.0.conv2,0.0787367
74,39,layer3.1.conv1,0.0881381
74,40,layer3.1.conv2,0.0783349
74,41,layer3.2.conv1,0.0638655
74,42,layer3.2.conv2,0.0551548
74,43,layer3.3.conv1,0.0503866
74,44,layer3.3.conv2,0.04652
74,45,layer3.4.conv1,0.0452487
74,46,layer3.4.conv2,0.0465809
74,47,layer3.5.conv1,0.0476339
74,48,layer3.5.conv2,0.0508038
74,49,layer3.6.conv1,0.056859
74,50,layer3.6.conv2,0.0658114
74,51,layer3.7.conv1,0.0845816
74,52,layer3.7.conv2,0.0993861
74,53,layer3.8.conv1,0.110761
74,54,layer3.8.conv2,0.113368
75,0,conv1,0.104325
75,1,layer1.0.conv1,0.0576952
75,2,layer1.0.conv2,0.0733414
75,3,layer1.1.conv1,0.073633
75,4,layer1.1.conv2,0.0722492
75,5,layer1.2.conv1,0.068621
75,6,layer1.2.conv2,0.0639061
75,7,layer1.3.conv1,0.0728396
75,8,layer1.3.conv2,0.0716793
75,9,layer1.4.conv1,0.0777653
75,10,layer1.4.conv2,0.0839936
75,11,layer1.5.conv1,0.087947
75,12,layer1.5.conv2,0.0863359
75,13,layer1.6.conv1,0.08526
75,14,layer1.6.conv2,0.0824429
75,15,layer1.7.conv1,0.0848671
75,16,layer1.7.conv2,0.0905866
75,17,layer1.8.conv1,0.111376
75,18,layer1.8.conv2,0.129237
75,19,layer2.0.conv1,0.176956
75,20,layer2.0.conv2,0.234635
75,21,layer2.1.conv1,0.248334
75,22,layer2.1.conv2,0.266469
75,23,layer2.2.conv1,0.269347
75,24,layer2.2.conv2,0.26249
75,25,layer2.3.conv1,0.240694
75,26,layer2.3.conv2,0.210671
75,27,layer2.4.conv1,0.181337
75,28,layer2.4.conv2,0.158894
75,29,layer2.5.conv1,0.144007
75,30,layer2.5.conv2,0.116445
75,31,layer2.6.conv1,0.0903586
75,32,layer2.6.conv2,0.0743848
75,33,layer2.7.conv1,0.0555921
75,34,layer2.7.conv2,0.0510141
75,35,layer2.8.conv1,0.0478824
75,36,layer2.8.conv2,0.0486753
75,37,layer3.0.conv1,0.0571103
75,38,layer3.0.conv2,0.0807728
75,39,layer3.1.conv1,0.0906541
75,40,layer3.1.conv2,0.0837734
75,41,layer3.2.conv1,0.0710252
75,42,layer3.2.conv2,0.0602163
75,43,layer3.3.conv1,0.0536946
75,44,layer3.3.conv2,0.0498297
75,45,layer3.4.conv1,0.0486254
75,46,layer3.4.conv2,0.0487461
75,47,layer3.5.conv1,0.0509126
75,48,layer3.5.conv2,0.0532671
75,49,layer3.6.conv1,0.058749
75,50,layer3.6.conv2,0.0715576
75,51,layer3.7.conv1,0.0909504
75,52,layer3.7.conv2,0.107082
75,53,layer3.8.conv1,0.120069
75,54,layer3.8.conv2,0.124247
76,0,conv1,0.109127
76,1,layer1.0.conv1,0.0561598
76,2,layer1.0.conv2,0.0671639
76,3,layer1.1.conv1,0.0707245
76,4,layer1.1.conv2,0.0702483
76,5,layer1.2.conv1,0.0681256
76,6,layer1.2.conv2,0.0647476
76,7,layer1.3.conv1,0.0744727
76,8,layer1.3.conv2,0.0710531
76,9,layer1.4.conv1,0.07685
76,10,layer1.4.conv2,0.0793968
76,11,layer1.5.conv1,0.0812045
76,12,layer1.5.conv2,0.0810606
76,13,layer1.6.conv1,0.0810408
76,14,layer1.6.conv2,0.0801524
76,15,layer1.7.conv1,0.0834751
76,16,layer1.7.conv2,0.0874597
76,17,layer1.8.conv1,0.106649
76,18,layer1.8.conv2,0.123411
76,19,layer2.0.conv1,0.174914
76,20,layer2.0.conv2,0.229829
76,21,layer2.1.conv1,0.241867
76,22,layer2.1.conv2,0.259895
76,23,layer2.2.conv1,0.257694
76,24,layer2.2.conv2,0.251582
76,25,layer2.3.conv1,0.230412
76,26,layer2.3.conv2,0.197751
76,27,layer2.4.conv1,0.166473
76,28,layer2.4.conv2,0.142395
76,29,layer2.5.conv1,0.128588
76,30,layer2.5.conv2,0.105733
76,31,layer2.6.conv1,0.0797136
76,32,layer2.6.conv2,0.0666764
76,33,layer2.7.conv1,0.0497645
76,34,layer2.7.conv2,0.044818
76,35,layer2.8.conv1,0.0429139
76,36,layer2.8.conv2,0.0426935
76,37,layer3.0.conv1,0.05211
76,38,layer3.0.conv2,0.0752428
76,39,layer3.1.conv1,0.0824045
76,40,layer3.1.conv2,0.0751549
76,41,layer3.2.conv1,0.0612617
76,42,layer3.2.conv2,0.0520849
76,43,layer3.3.conv1,0.046309
76,44,layer3.3.conv2,0.0436187
76,45,layer3.4.conv1,0.0426099
76,46,layer3.4.conv2,0.0430794
76,47,layer3.5.conv1,0.0446469
76,48,layer3.5.conv2,0.0472297
76,49,layer3.6.conv1,0.0528265
76,50,layer3.6.conv2,0.0624554
76,51,layer3.7.conv1,0.0790613
76,52,layer3.7.conv2,0.093861
76,53,layer3.8.conv1,0.105002
76,54,layer3.8.conv2,0.10809
77,0,conv1,0.107011
77,1,layer1.0.conv1,0.0542102
77,2,layer1.0.conv2,0.0755167
77,3,layer1.1.conv1,0.0730183
77,4,layer1.1.conv2,0.0710744
77,5,layer1.2.conv1,0.0699544
77,6,layer1.2.conv2,0.0704002
77,7,layer1.3.conv1,0.0761513
77,8,layer1.3.conv2,0.074416
77,9,layer1.4.conv1,0.0791415
77,10,layer1.4.conv2,0.0875456
77,11,layer1.5.conv1,0.0897793
77,12,layer1.5.conv2,0.0838677
77,13,layer1.6.conv1,0.0851982
77,14,layer1.6.conv2,0.0827694
77,15,layer1.7.conv1,0.0878142
77,16,layer1.7.conv2,0.091298
77,17,layer1.8.conv1,0.105444
77,18,layer1.8.conv2,0.128523
77,19,layer2.0.conv1,0.177877
77,20,layer2.0.conv2,0.240274
77,21,layer2.1.conv1,0.251196
77,22,layer2.1.conv2,0.273851
77,23,layer2.2.conv1,0.270949
77,24,layer2.2.conv2,0.260445
77,25,layer2.3.conv1,0.246474
77,26,layer2.3.conv2,0.214318
77,27,layer2.4.conv1,0.185754
77,28,layer2.4.conv2,0.160595
77,29,layer2.5.conv1,0.145843
77,30,layer2.5.conv2,0.118427
77,31,layer2.6.conv1,0.0870629
77,32,layer2.6.conv2,0.068722
77,33,layer2.7.conv1,0.0514907
77,34,layer2.7.conv2,0.046606
77,35,layer2.8.conv1,0.0443774
77,36,layer2.8.conv2,0.045888
77,37,layer3.0.conv1,0.0563991
77,38,layer3.0.conv2,0.0837243
77,39,layer3.1.conv1,0.0902956
77,40,layer3.1.conv2,0.082603
77,41,layer3.2.conv1,0.0691507
77,42,layer3.2.conv2,0.0580117
77,43,layer3.3.conv1,0.0518989
77,44,layer3.3.conv2,0.0485159
77,45,layer3.4.conv1,0.0476655
77,46,layer3.4.conv2,0.0489682
77,47,layer3.5.conv1,0.0506161
77,48,layer3.5.conv2,0.0538564
77,49,layer3.6.conv1,0.0601157
77,50,layer3.6.conv2,0.0692301
77,51,layer3.7.conv1,0.0872313
77,52,layer3.7.conv2,0.10232
77,53,layer3.8.conv1,0.11685
77,54,layer3.8.conv2,0.12388
78,0,conv1,0.112085
78,1,layer1.0.conv1,0.06567
78,2,layer1.0.conv2,0.0780167
78,3,layer1.1.conv1,0.0778904
78,4,layer1.1.conv2,0.0787086
78,5,layer1.2.conv1,0.0820707
78,6,layer1.2.conv2,0.0732378
78,7,layer1.3.conv1,0.082776
78,8,layer1.3.conv2,0.0846353
78,9,layer1.4.conv1,0.0877838
78,10,layer1.4.conv2,0.0840259
78,11,layer1.5.conv1,0.0908509
78,12,layer1.5.conv2,0.0891632
78,13,layer1.6.conv1,0.0920486
78,14,layer1.6.conv2,0.0956507
78,15,layer1.7.conv1,0.099395
78,16,layer1.7.conv2,0.103238
78,17,layer1.8.conv1,0.11619
78,18,layer1.8.conv2,0.137982
78,19,layer2.0.conv1,0.1903
78,20,layer2.0.conv2,0.251447
78,21,layer2.1.conv1,0.265979
78,22,layer2.1.conv2,0.28749
78,23,layer2.2.conv1,0.283648
78,24,layer2.2.conv2,0.274538
78,25,layer2.3.conv1,0.254232
78,26,layer2.3.conv2,0.219568
78,27,layer2.4.conv1,0.190818
78,28,layer2.4.conv2,0.157549
78,29,layer2.5.conv1,0.1437
78,30,layer2.5.conv2,0.122479
78,31,layer2.6.conv1,0.0931243
78,32,layer2.6.conv2,0.0737371
78,33,layer2.7.conv1,0.0553288
78,34,layer2.7.conv2,0.0493854
78,35,layer2.8.conv1,0.047511
78,36,layer2.8.conv2,0.0507899
78,37,layer3.0.conv1,0.0632131
78,38,layer3.0.conv2,0.0885347
78,39,layer3.1.conv1,0.0949279
78,40,layer3.1.conv2,0.0854058
78,41,layer3.2.conv1,0.0708939
78,42,layer3.2.conv2,0.0586517
78,43,layer3.3.conv1,0.0519413
78,44,layer3.3.conv2,0.0487422
78,45,layer3.4.conv1,0.0474029
78,46,layer3.4.conv2,0.0485753
78,47,layer3.5.conv1,0.0498377
78,48,layer3.5.conv2,0.0531127
78,49,layer3.6.conv1,0.0595963
78,50,layer3.6.conv2,0.0724456
78,51,layer3.7.conv1,0.0904859
78,52,layer3.7.conv2,0.103751
78,53,layer3.8.conv1,0.116567
78,54,layer3.8.conv2,0.122126
79,0,conv1,0.113623
79,1,layer1.0.conv1,0.0623181
79,2,layer1.0.conv2,0.0759916
79,3,layer1.1.conv1,0.0787444
79,4,layer1.1.conv2,0.0793617
79,5,layer1.2.conv1,0.0776403
79,6,layer1.2.conv2,0.0716323
79,7,layer1.3.conv1,0.0792618
79,8,layer1.3.conv2,0.0786177
79,9,layer1.4.conv1,0.0867009
79,10,layer1.4.conv2,0.0846617
79,11,layer1.5.conv1,0.0864692
79,12,layer1.5.conv2,0.0860341
79,13,layer1.6.conv1,0.0882936
79,14,layer1.6.conv2,0.0882535
79,15,layer1.7.conv1,0.0927434
79,16,layer1.7.conv2,0.0953745
79,17,layer1.8.conv1,0.114542
79,18,layer1.8.conv2,0.133972
79,19,layer2.0.conv1,0.186724
79,20,layer2.0.conv2,0.241263
79,21,layer2.1.conv1,0.255127
79,22,layer2.1.conv2,0.27279
79,23,layer2.2.conv1,0.275481
79,24,layer2.2.conv2,0.261836
79,25,layer2.3.conv1,0.244127
79,26,layer2.3.conv2,0.212493
79,27,layer2.4.conv1,0.180923
79,28,layer2.4.conv2,0.154464
79,29,layer2.5.conv1,0.138048
79,30,layer2.5.conv2,0.113
79,31,layer2.6.conv1,0.0844448
79,32,layer2.6.conv2,0.0641422
79,33,layer2.7.conv1,0.0518237
79,34,layer2.7.conv2,0.0471993
79,35,layer2.8.conv1,0.0467328
79,36,layer2.8.conv2,0.0478474
79,37,layer3.0.conv1,0.059015
79,38,layer3.0.conv2,0.0829604
79,39,layer3.1.conv1,0.0909059
79,40,layer3.1.conv2,0.0804394
79,41,layer3.2.conv1,0.0645073
79,42,layer3.2.conv2,0.0533147
79,43,layer3.3.conv1,0.0468347
79,44,layer3.3.conv2,0.0433104
79,45,layer3.4.conv1,0.0428236
79,46,layer3.4.conv2,0.0444727
79,47,layer3.5.conv1,0.0459514
79,48,layer3.5.conv2,0.0501184
79,49,layer3.6.conv1,0.0560504
79,50,layer3.6.conv2,0.0660593
79,51,layer3.7.conv1,0.0846909
79,52,layer3.7.conv2,0.100289
79,53,layer3.8.conv1,0.113558
79,54,layer3.8.conv2,0.120072
80,0,conv1,0.095422
80,1,layer1.0.conv1,0.0565359
80,2,layer1.0.conv2,0.0725899
80,3,layer1.1.conv1,0.0801585
80,4,layer1.1.conv2,0.0783204
80,5,layer1.2.conv1,0.0734053
80,6,layer1.2.conv2,0.0691977
80,7,layer1.3.conv1,0.0773977
80,8,layer1.3.conv2,0.0748686
80,9,layer1.4.conv1,0.0787075
80,10,layer1.4.conv2,0.0799122
80,11,layer1.5.conv1,0.0784602
80,12,layer1.5.conv2,0.0778804
80,13,layer1.6.conv1,0.083352
80,14,layer1.6.conv2,0.0826403
80,15,layer1.7.conv1,0.085137
80,16,layer1.7.conv2,0.0889438
80,17,layer1.8.conv1,0.102626
80,18,layer1.8.conv2,0.123244
80,19,layer2.0.conv1,0.174348
80,20,layer2.0.conv2,0.226982
80,21,layer2.1.conv1,0.239273
80,22,layer2.1.conv2,0.261745
80,23,layer2.2.conv1,0.265227
80,24,layer2.2.conv2,0.254986
80,25,layer2.3.conv1,0.235135
80,26,layer2.3.conv2,0.206216
80,27,layer2.4.conv1,0.178207
80,28,layer2.4.conv2,0.147471
80,29,layer2.5.conv1,0.135368
80,30,layer2.5.conv2,0.115853
80,31,layer2.6.conv1,0.0853964
80,32,layer2.6.conv2,0.0718375
80,33,layer2.7.conv1,0.0545434
80,34,layer2.7.conv2,0.0478563
80,35,layer2.8.conv1,0.047026
80,36,layer2.8.conv2,0.0479742
80,37,layer3.0.conv1,0.0577436
80,38,layer3.0.conv2,0.0809979
80,39,layer3.1.conv1,0.0885352
80,40,layer3.1.conv2,0.0796618
80,41,layer3.2.conv1,0.0661996
80,42,layer3.2.conv2,0.0544005
80,43,layer3.3.conv1,0.0482879
80,44,layer3.3.conv2,0.045263
80,45,layer3.4.conv1,0.0440734
80,46,layer3.4.conv2,0.0447265
80,47,layer3.5.conv1,0.0470022
80,48,layer3.5.conv2,0.0504914
80,49,layer3.6.conv1,0.0571928
80,50,layer3.6.conv2,0.067785
80,51,layer3.7.conv1,0.0884375
80,52,layer3.7.conv2,0.10523
80,53,layer3.8.conv1,0.117948
80,54,layer3.8.conv2,0.12328
81,0,conv1,0.0935849
81,1,layer1.0.conv1,0.0625206
81,2,layer1.0.conv2,0.0688694
81,3,layer1.1.conv1,0.0720529
81,4,layer1.1.conv2,0.0734271
81,5,layer1.2.conv1,0.0663498
81,6,layer1.2.conv2,0.0657364
81,7,layer1.3.conv1,0.0718188
81,8,layer1.3.conv2,0.0731331
81,9,layer1.4.conv1,0.0825617
81,10,layer1.4.conv2,0.0811205
81,11,layer1.5.conv1,0.0808138
81,12,layer1.5.conv2,0.0829543
81,13,layer1.6.conv1,0.083991
81,14,layer1.6.conv2,0.0822618
81,15,layer1.7.conv1,0.084037
81,16,layer1.7.conv2,0.0900302
81,17,layer1.8.conv1,0.100998
81,18,layer1.8.conv2,0.124285
81,19,layer2.0.conv1,0.169897
81,20,layer2.0.conv2,0.229527
81,21,layer2.1.conv1,0.241057
81,22,layer2.1.conv2,0.261928
81,23,layer2.2.conv1,0.259745
81,24,layer2.2.conv2,0.253751
81,25,layer2.3.conv1,0.235464
81,26,layer2.3.conv2,0.203161
81,27,layer2.4.conv1,0.174276
81,28,layer2.4.conv2,0.150683
81,29,layer2.5.conv1,0.134562
81,30,layer2.5.conv2,0.10793
81,31,layer2.6.conv1,0.08207
81,32,layer2.6.conv2,0.0639854
81,33,layer2.7.conv1,0.0478036
81,34,layer2.7.conv2,0.0425345
81,35,layer2.8.conv1,0.0419181
81,36,layer2.8.conv2,0.0445058
81,37,layer3.0.conv1,0.0541925
81,38,layer3.0.conv2,0.0777763
81,39,layer3.1.conv1,0.0859026
81,40,layer3.1.conv2,0.0796477
81,41,layer3.2.conv1,0.066263
81,42,layer3.2.conv2,0.0554318
81,43,layer3.3.conv1,0.0497828
81,44,layer3.3.conv2,0.0471869
81,45,layer3.4.conv1,0.0455272
81,46,layer3.4.conv2,0.0467855
81,47,layer3.5.conv1,0.0488646
81,48,layer3.5.conv2,0.0503306
81,49,layer3.6.conv1,0.0548323
81,50,layer3.6.conv2,0.0629382
81,51,layer3.7.conv1,0.081464
81,52,layer3.7.conv2,0.0976596
81,53,layer3.8.conv1,0.10919
81,54,layer3.8.conv2,0.115566
82,0,conv1,0.110293
82,1,layer1.0.conv1,0.0690049
82,2,layer1.0.conv2,0.071968
82,3,layer1.1.conv1,0.0744013
82,4,layer1.1.conv2,0.0736128
82,5,layer1.2.conv1,0.06956
82,6,layer1.2.conv2,0.0655124
82,7,layer1.3.conv1,0.0704805
82,8,layer1.3.conv2,0.0701093
82,9,layer1.4.conv1,0.0757091
82,10,layer1.4.conv2,0.0763733
82,11,layer1.5.conv1,0.0763176
82,12,layer1.5.conv2,0.0776069
82,13,layer1.6.conv1,0.0789782
82,14,layer1.6.conv2,0.080855
82,15,layer1.7.conv1,0.0816117
82,16,layer1.7.conv2,0.0886553
82,17,layer1.8.conv1,0.101656
82,18,layer1.8.conv2,0.123551
82,19,layer2.0.conv1,0.171193
82,20,layer2.0.conv2,0.225056
82,21,layer2.1.conv1,0.237521
82,22,layer2.1.conv2,0.254044
82,23,layer2.2.conv1,0.255114
82,24,layer2.2.conv2,0.247196
82,25,layer2.3.conv1,0.233169
82,26,layer2.3.conv2,0.201668
82,27,layer2.4.conv1,0.17365
82,28,layer2.4.conv2,0.144801
82,29,layer2.5.conv1,0.1295
82,30,layer2.5.conv2,0.103211
82,31,layer2.6.conv1,0.0787937
82,32,layer2.6.conv2,0.0653691
82,33,layer2.7.conv1,0.0491815
82,34,layer2.7.conv2,0.0417618
82,35,layer2.8.conv1,0.0391268
82,36,layer2.8.conv2,0.0426072
82,37,layer3.0.conv1,0.0528237
82,38,layer3.0.conv2,0.0791582
82,39,layer3.1.conv1,0.0860479
82,40,layer3.1.conv2,0.0773792
82,41,layer3.2.conv1,0.0655475
82,42,layer3.2.conv2,0.0548204
82,43,layer3.3.conv1,0.0475458
82,44,layer3.3.conv2,0.0434058
82,45,layer3.4.conv1,0.0422886
82,46,layer3.4.conv2,0.0430958
82,47,layer3.5.conv1,0.0449589
82,48,layer3.5.conv2,0.0470311
82,49,layer3.6.conv1,0.0527056
82,50,layer3.6.conv2,0.0607153
82,51,layer3.7.conv1,0.0787414
82,52,layer3.7.conv2,0.0941129
82,53,layer3.8.conv1,0.10621
82,54,layer3.8.conv2,0.112558
83,0,conv1,0.0845888
83,1,layer1.0.conv1,0.0558884
83,2,layer1.0.conv2,0.0649147
83,3,layer1.1.conv1,0.0640745
83,4,layer1.1.conv2,0.0657279
83,5,layer1.2.conv1,0.0614823
83,6,layer1.2.conv2,0.0583191
83,7,layer1.3.conv1,0.0630338
83,8,layer1.3.conv2,0.0613249
83,9,layer1.4.conv1,0.0674214
83,10,layer1.4.conv2,0.0669094
83,11,layer1.5.conv1,0.0700585
83,12,layer1.5.conv2,0.071647
83,13,layer1.6.conv1,0.0730499
83,14,layer1.6.conv2,0.0736108
83,15,layer1.7.conv1,0.076188
83,16,layer1.7.conv2,0.0776538
83,17,layer1.8.conv1,0.0913734
83,18,layer1.8.conv2,0.109661
83,19,layer2.0.conv1,0.156506
83,20,layer2.0.conv2,0.205761
83,21,layer2.1.conv1,0.219703
83,22,layer2.1.conv2,0.235375
83,23,layer2.2.conv1,0.238053
83,24,layer2.2.conv2,0.229682
83,25,layer2.3.conv1,0.21453
83,26,layer2.3.conv2,0.185379
83,27,layer2.4.conv1,0.159055
83,28,layer2.4.conv2,0.135011
83,29,layer2.5.conv1,0.120855
83,30,layer2.5.conv2,0.0968194
83,31,layer2.6.conv1,0.0689777
83,32,layer2.6.conv2,0.0584845
83,33,layer2.7.conv1,0.0428784
83,34,layer2.7.conv2,0.0350503
83,35,layer2.8.conv1,0.0332121
83,36,layer2.8.conv2,0.0363526
83,37,layer3.0.conv1,0.0449683
83,38,layer3.0.conv2,0.0699452
83,39,layer3.1.conv1,0.0783561
83,40,layer3.1.conv2,0.071109
83,41,layer3.2.conv1,0.0583332
83,42,layer3.2.conv2,0.0474549
83,43,layer3.3.conv1,0.0403779
83,44,layer3.3.conv2,0.036442
83,45,layer3.4.conv1,0.0353626
83,46,layer3.4.conv2,0.0364404
83,47,layer3.5.conv1,0.0371403
83,48,layer3.5.conv2,0.0392075
83,49,layer3.6.conv1,0.0440926
83,50,layer3.6.conv2,0.0505051
83,51,layer3.7.conv1,0.0683142
83,52,layer3.7.conv2,0.0836906
83,53,layer3.8.conv1,0.0922768
83,54,layer3.8.conv2,0.0965504
84,0,conv1,0.0892081
84,1,layer1.0.conv1,0.0606831
84,2,layer1.0.conv2,0.0692442
84,3,layer1.1.conv1,0.0647533
84,4,layer1.1.conv2,0.0685005
84,5,layer1.2.conv1,0.065265
84,6,layer1.2.conv2,0.0634605
84,7,layer1.3.conv1,0.0659646
84,8,layer1.3.conv2,0.0657229
84,9,layer1.4.conv1,0.0705296
84,10,layer1.4.conv2,0.0707106
84,11,layer1.5.conv1,0.0733548
84,12,layer1.5.conv2,0.0742126
84,13,layer1.6.conv1,0.0767458
84,14,layer1.6.conv2,0.0774582
84,15,layer1.7.conv1,0.0750573
84,16,layer1.7.conv2,0.0796377
84,17,layer1.8.conv1,0.0935459
84,18,layer1.8.conv2,0.114656
84,19,layer2.0.conv1,0.160321
84,20,layer2.0.conv2,0.210862
84,21,layer2.1.conv1,0.224401
84,22,layer2.1.conv2,0.242951
84,23,layer2.2.conv1,0.245946
84,24,layer2.2.conv2,0.235093
84,25,layer2.3.conv1,0.218463
84,26,layer2.3.conv2,0.19096
84,27,layer2.4.conv1,0.163265
84,28,layer2.4.conv2,0.136506
84,29,layer2.5.conv1,0.120265
84,30,layer2.5.conv2,0.0985925
84,31,layer2.6.conv1,0.0732549
84,32,layer2.6.conv2,0.0630555
84,33,layer2.7.conv1,0.0464991
84,34,layer2.7.conv2,0.0381114
84,35,layer2.8.conv1,0.036406
84,36,layer2.8.conv2,0.0383296
84,37,layer3.0.conv1,0.0473675
84,38,layer3.0.conv2,0.0716726
84,39,layer3.1.conv1,0.0821723
84,40,layer3.1.conv2,0.0750919
84,41,layer3.2.conv1,0.0596408
84,42,layer3.2.conv2,0.0470054
84,43,layer3.3.conv1,0.0390792
84,44,layer3.3.conv2,0.0349732
84,45,layer3.4.conv1,0.0346432
84,46,layer3.4.conv2,0.0363242
84,47,layer3.5.conv1,0.0380439
84,48,layer3.5.conv2,0.0397384
84,49,layer3.6.conv1,0.0446215
84,50,layer3.6.conv2,0.0519453
84,51,layer3.7.conv1,0.0706741
84,52,layer3.7.conv2,0.0851275
84,53,layer3.8.conv1,0.0938621
84,54,layer3.8.conv2,0.0977231
85,0,conv1,0.0868396
85,1,layer1.0.conv1,0.0628803
85,2,layer1.0.conv2,0.0699778
85,3,layer1.1.conv1,0.0661788
85,4,layer1.1.conv2,0.0675189
85,5,layer1.2.conv1,0.0638857
85,6,layer1.2.conv2,0.0590664
85,7,layer1.3.conv1,0.0636631
85,8,layer1.3.conv2,0.0604549
85,9,layer1.4.conv1,0.065686
85,10,layer1.4.conv2,0.0656279
85,11,layer1.5.conv1,0.0696155
85,12,layer1.5.conv2,0.0711766
85,13,layer1.6.conv1,0.0726895
85,14,layer1.6.conv2,0.0733597
85,15,layer1.7.conv1,0.0747158
85,16,layer1.7.conv2,0.0770847
85,17,layer1.8.conv1,0.0924577
85,18,layer1.8.conv2,0.11725
85,19,layer2.0.conv1,0.158996
85,20,layer2.0.conv2,0.208105
85,21,layer2.1.conv1,0.220984
85,22,layer2.1.conv2,0.240553
85,23,layer2.2.conv1,0.246535
85,24,layer2.2.conv2,0.237577
85,25,layer2.3.conv1,0.223065
85,26,layer2.3.conv2,0.19484
85,27,layer2.4.conv1,0.163971
85,28,layer2.4.conv2,0.136162
85,29,layer2.5.conv1,0.122382
85,30,layer2.5.conv2,0.100393
85,31,layer2.6.conv1,0.07755
85,32,layer2.6.conv2,0.0637015
85,33,layer2.7.conv1,0.049065
85,34,layer2.7.conv2,0.0414988
85,35,layer2.8.conv1,0.0389875
85,36,layer2.8.conv2,0.041344
85,37,layer3.0.conv1,0.0482109
85,38,layer3.0.conv2,0.0701263
85,39,layer3.1.conv1,0.0797919
85,40,layer3.1.conv2,0.0743206
85,41,layer3.2.conv1,0.060584
85,42,layer3.2.conv2,0.0482022
85,43,layer3.3.conv1,0.0406633
85,44,layer3.3.conv2,0.0363754
85,45,layer3.4.conv1,0.0359475
85,46,layer3.4.conv2,0.0378129
85,47,layer3.5.conv1,0.0390762
85,48,layer3.5.conv2,0.0405257
85,49,layer3.6.conv1,0.0461572
85,50,layer3.6.conv2,0.0528314
85,51,layer3.7.conv1,0.0698952
85,52,layer3.7.conv2,0.0852618
85,53,layer3.8.conv1,0.0947434
85,54,layer3.8.conv2,0.0989473
86,0,conv1,0.088155
86,1,layer1.0.conv1,0.0644015
86,2,layer1.0.conv2,0.072667
86,3,layer1.1.conv1,0.0727165
86,4,layer1.1.conv2,0.0749498
86,5,layer1.2.conv1,0.0677581
86,6,layer1.2.conv2,0.0608081
86,7,layer1.3.conv1,0.0673609
86,8,layer1.3.conv2,0.067218
86,9,layer1.4.conv1,0.0719243
86,10,layer1.4.conv2,0.0719397
86,11,layer1.5.conv1,0.0765136
86,12,layer1.5.conv2,0.0770975
86,13,layer1.6.conv1,0.078633
86,14,layer1.6.conv2,0.0828522
86,15,layer1.7.conv1,0.0820366
86,16,layer1.7.conv2,0.0851769
86,17,layer1.8.conv1,0.10256
86,18,layer1.8.conv2,0.123235
86,19,layer2.0.conv1,0.167913
86,20,layer2.0.conv2,0.220217
86,21,layer2.1.conv1,0.233384
86,22,layer2.1.conv2,0.253784
86,23,layer2.2.conv1,0.260478
86,24,layer2.2.conv2,0.254833
86,25,layer2.3.conv1,0.236031
86,26,layer2.3.conv2,0.202443
86,27,layer2.4.conv1,0.177061
86,28,layer2.4.conv2,0.146513
86,29,layer2.5.conv1,0.130447
86,30,layer2.5.conv2,0.105749
86,31,layer2.6.conv1,0.0769882
86,32,layer2.6.conv2,0.0616435
86,33,layer2.7.conv1,0.0438765
86,34,layer2.7.conv2,0.0363008
86,35,layer2.8.conv1,0.0346706
86,36,layer2.8.conv2,0.036648
86,37,layer3.0.conv1,0.0459652
86,38,layer3.0.conv2,0.0728356
86,39,layer3.1.conv1,0.0827928
86,40,layer3.1.conv2,0.075172
86,41,layer3.2.conv1,0.0606547
86,42,layer3.2.conv2,0.0478429
86,43,layer3.3.conv1,0.0400319
86,44,layer3.3.conv2,0.035698
86,45,layer3.4.conv1,0.0350017
86,46,layer3.4.conv2,0.0365598
86,47,layer3.5.conv1,0.0380938
86,48,layer3.5.conv2,0.0400142
86,49,layer3.6.conv1,0.0449361
86,50,layer3.6.conv2,0.0518473
86,51,layer3.7.conv1,0.0702152
86,52,layer3.7.conv2,0.085444
86,53,layer3.8.conv1,0.0960649
86,54,layer3.8.conv2,0.0995335
87,0,conv1,0.093941
87,1,layer1.0.conv1,0.0662648
87,2,layer1.0.conv2,0.077555
87,3,layer1.1.conv1,0.0742892
87,4,layer1.1.conv2,0.0763692
87,5,layer1.2.conv1,0.0714739
87,6,layer1.2.conv2,0.0682833
87,7,layer1.3.conv1,0.0724848
87,8,layer1.3.conv2,0.0739744
87,9,layer1.4.conv1,0.0793177
87,10,layer1.4.conv2,0.0778108
87,11,layer1.5.conv1,0.0799568
87,12,layer1.5.conv2,0.0814523
87,13,layer1.6.conv1,0.0844815
87,14,layer1.6.conv2,0.0870433
87,15,layer1.7.conv1,0.0879161
87,16,layer1.7.conv2,0.0915977
87,17,layer1.8.conv1,0.106678
87,18,layer1.8.conv2,0.132389
87,19,layer2.0.conv1,0.177366
87,20,layer2.0.conv2,0.239271
87,21,layer2.1.conv1,0.252232
87,22,layer2.1.conv2,0.275622
87,23,layer2.2.conv1,0.285135
87,24,layer2.2.conv2,0.275128
87,25,layer2.3.conv1,0.256565
87,26,layer2.3.conv2,0.22072
87,27,layer2.4.conv1,0.189328
87,28,layer2.4.conv2,0.160503
87,29,layer2.5.conv1,0.141404
87,30,layer2.5.conv2,0.115112
87,31,layer2.6.conv1,0.0838491
87,32,layer2.6.conv2,0.0691448
87,33,layer2.7.conv1,0.048978
87,34,layer2.7.conv2,0.0388628
87,35,layer2.8.conv1,0.0370984
87,36,layer2.8.conv2,0.0393267
87,37,layer3.0.conv1,0.0515113
87,38,layer3.0.conv2,0.0803819
87,39,layer3.1.conv1,0.0919066
87,40,layer3.1.conv2,0.0841833
87,41,layer3.2.conv1,0.0691721
87,42,layer3.2.conv2,0.0557705
87,43,layer3.3.conv1,0.0481051
87,44,layer3.3.conv2,0.0435836
87,45,layer3.4.conv1,0.0425999
87,46,layer3.4.conv2,0.0437397
87,47,layer3.5.conv1,0.0450566
87,48,layer3.5.conv2,0.0466825
87,49,layer3.6.conv1,0.0522218
87,50,layer3.6.conv2,0.0598483
87,51,layer3.7.conv1,0.0793018
87,52,layer3.7.conv2,0.0958298
87,53,layer3.8.conv1,0.106797
87,54,layer3.8.conv2,0.111249
88,0,conv1,0.0911668
88,1,layer1.0.conv1,0.0667225
88,2,layer1.0.conv2,0.0747839
88,3,layer1.1.conv1,0.069403
88,4,layer1.1.conv2,0.0760605
88,5,layer1.2.conv1,0.068259
88,6,layer1.2.conv2,0.0647414
88,7,layer1.3.conv1,0.068138
88,8,layer1.3.conv2,0.068573
88,9,layer1.4.conv1,0.0780002
88,10,layer1.4.conv2,0.0778841
88,11,layer1.5.conv1,0.0793452
88,12,layer1.5.conv2,0.0807835
88,13,layer1.6.conv1,0.0820157
88,14,layer1.6.conv2,0.0858171
88,15,layer1.7.conv1,0.0847789
88,16,layer1.7.conv2,0.0890715
88,17,layer1.8.conv1,0.105022
88,18,layer1.8.conv2,0.128799
88,19,layer2.0.conv1,0.17669
88,20,layer2.0.conv2,0.233095
88,21,layer2.1.conv1,0.253559
88,22,layer2.1.conv2,0.275993
88,23,layer2.2.conv1,0.280628
88,24,layer2.2.conv2,0.272825
88,25,layer2.3.conv1,0.254974
88,26,layer2.3.conv2,0.22169
88,27,layer2.4.conv1,0.190435
88,28,layer2.4.conv2,0.159194
88,29,layer2.5.conv1,0.144375
88,30,layer2.5.conv2,0.116232
88,31,layer2.6.conv1,0.0851965
88,32,layer2.6.conv2,0.0721701
88,33,layer2.7.conv1,0.0537305
88,34,layer2.7.conv2,0.0403577
88,35,layer2.8.conv1,0.0383655
88,36,layer2.8.conv2,0.0402918
88,37,layer3.0.conv1,0.0508498
88,38,layer3.0.conv2,0.0792845
88,39,layer3.1.conv1,0.0904385
88,40,layer3.1.conv2,0.0813451
88,41,layer3.2.conv1,0.065855
88,42,layer3.2.conv2,0.0522319
88,43,layer3.3.conv1,0.0448701
88,44,layer3.3.conv2,0.0399268
88,45,layer3.4.conv1,0.0393524
88,46,layer3.4.conv2,0.0410554
88,47,layer3.5.conv1,0.0421777
88,48,layer3.5.conv2,0.0446294
88,49,layer3.6.conv1,0.0495573
88,50,layer3.6.conv2,0.057561
88,51,layer3.7.conv1,0.0783347
88,52,layer3.7.conv2,0.094028
88,53,layer3.8.conv1,0.104178
88,54,layer3.8.conv2,0.108273
89,0,conv1,0.0974543
89,1,layer1.0.conv1,0.0659562
89,2,layer1.0.conv2,0.0745486
89,3,layer1.1.conv1,0.0737775
89,4,layer1.1.conv2,0.0791033
89,5,layer1.2.conv1,0.0713289
89,6,layer1.2.conv2,0.0630133
89,7,layer1.3.conv1,0.0721337
89,8,layer1.3.conv2,0.070604
89,9,layer1.4.conv1,0.0772895
89,10,layer1.4.conv2,0.0757113
89,11,layer1.5.conv1,0.0784824
89,12,layer1.5.conv2,0.0813684
89,13,layer1.6.conv1,0.0849569
89,14,layer1.6.conv2,0.0876668
89,15,layer1.7.conv1,0.0886228
89,16,layer1.7.conv2,0.0917003
89,17,layer1.8.conv1,0.107205
89,18,layer1.8.conv2,0.128163
89,19,layer2.0.conv1,0.16978
89,20,layer2.0.conv2,0.227594
89,21,layer2.1.conv1,0.244119
89,22,layer2.1.conv2,0.268207
89,23,layer2.2.conv1,0.271434
89,24,layer2.2.conv2,0.263838
89,25,layer2.3.conv1,0.250919
89,26,layer2.3.conv2,0.218492
89,27,layer2.4.conv1,0.189857
89,28,layer2.4.conv2,0.162076
89,29,layer2.5.conv1,0.145304
89,30,layer2.5.conv2,0.121519
89,31,layer2.6.conv1,0.0882991
89,32,layer2.6.conv2,0.0733487
89,33,layer2.7.conv1,0.0550747
89,34,layer2.7.conv2,0.0418461
89,35,layer2.8.conv1,0.0396026
89,36,layer2.8.conv2,0.0414053
89,37,layer3.0.conv1,0.0534644
89,38,layer3.0.conv2,0.080901
89,39,layer3.1.conv1,0.0909595
89,40,layer3.1.conv2,0.0838729
89,41,layer3.2.conv1,0.0679672
89,42,layer3.2.conv2,0.0554063
89,43,layer3.3.conv1,0.0474788
89,44,layer3.3.conv2,0.0423675
89,45,layer3.4.conv1,0.0418707
89,46,layer3.4.conv2,0.0436309
89,47,layer3.5.conv1,0.0448397
89,48,layer3.5.conv2,0.0470279
89,49,layer3.6.conv1,0.0529243
89,50,layer3.6.conv2,0.0601207
89,51,layer3.7.conv1,0.0796187
89,52,layer3.7.conv2,0.0950006
89,53,layer3.8.conv1,0.103932
89,54,layer3.8.conv2,0.108653
90,0,conv1,0.0933194
90,1,layer1.0.conv1,0.0641018
90,2,layer1.0.conv2,0.0729597
90,3,layer1.1.conv1,0.0698333
90,4,layer1.1.conv2,0.0726682
90,5,layer1.2.conv1,0.0663237
90,6,layer1.2.conv2,0.0625551
90,7,layer1.3.conv1,0.0681508
90,8,layer1.3.conv2,0.0684071
90,9,layer1.4.conv1,0.0759717
90,10,layer1.4.conv2,0.0752046
90,11,layer1.5.conv1,0.0757396
90,12,layer1.5.conv2,0.0767881
90,13,layer1.6.conv1,0.0815986
90,14,layer1.6.conv2,0.0844213
90,15,layer1.7.conv1,0.0845009
90,16,layer1.7.conv2,0.0883441
90,17,layer1.8.conv1,0.103098
90,18,layer1.8.conv2,0.129175
90,19,layer2.0.conv1,0.171183
90,20,layer2.0.conv2,0.226842
90,21,layer2.1.conv1,0.24366
90,22,layer2.1.conv2,0.26481
90,23,layer2.2.conv1,0.268005
90,24,layer2.2.conv2,0.257703
90,25,layer2.3.conv1,0.24003
90,26,layer2.3.conv2,0.210871
90,27,layer2.4.conv1,0.178717
90,28,layer2.4.conv2,0.149971
90,29,layer2.5.conv1,0.132835
90,30,layer2.5.conv2,0.106791
90,31,layer2.6.conv1,0.0787543
90,32,layer2.6.conv2,0.0666049
90,33,layer2.7.conv1,0.0506134
90,34,layer2.7.conv2,0.037776
90,35,layer2.8.conv1,0.0354029
90,36,layer2.8.conv2,0.0386825
90,37,layer3.0.conv1,0.0495524
90,38,layer3.0.conv2,0.0784249
90,39,layer3.1.conv1,0.0898581
90,40,layer3.1.conv2,0.0811687
90,41,layer3.2.conv1,0.0653195
90,42,layer3.2.conv2,0.050758
90,43,layer3.3.conv1,0.0430547
90,44,layer3.3.conv2,0.0385526
90,45,layer3.4.conv1,0.0385256
90,46,layer3.4.conv2,0.0396667
90,47,layer3.5.conv1,0.0410439
90,48,layer3.5.conv2,0.0430416
90,49,layer3.6.conv1,0.048551
90,50,layer3.6.conv2,0.0558859
90,51,layer3.7.conv1,0.0731732
90,52,layer3.7.conv2,0.0892715
90,53,layer3.8.conv1,0.0994346
90,54,layer3.8.conv2,0.102348
91,0,conv1,0.0988527
91,1,layer1.0.conv1,0.0663535
91,2,layer1.0.conv2,0.072985
91,3,layer1.1.conv1,0.0740753
91,4,layer1.1.conv2,0.0775884
91,5,layer1.2.conv1,0.0728131
91,6,layer1.2.conv2,0.0655191
91,7,layer1.3.conv1,0.0734309
91,8,layer1.3.conv2,0.0726637
91,9,layer1.4.conv1,0.0772985
91,10,layer1.4.conv2,0.0767419
91,11,layer1.5.conv1,0.0802354
91,12,layer1.5.conv2,0.0825718
91,13,layer1.6.conv1,0.0853182
91,14,layer1.6.conv2,0.0882944
91,15,layer1.7.conv1,0.0896108
91,16,layer1.7.conv2,0.0980088
91,17,layer1.8.conv1,0.111119
91,18,layer1.8.conv2,0.134602
91,19,layer2.0.conv1,0.185468
91,20,layer2.0.conv2,0.24493
91,21,layer2.1.conv1,0.264664
91,22,layer2.1.conv2,0.287859
91,23,layer2.2.conv1,0.289567
91,24,layer2.2.conv2,0.278415
91,25,layer2.3.conv1,0.262496
91,26,layer2.3.conv2,0.233581
91,27,layer2.4.conv1,0.20579
91,28,layer2.4.conv2,0.171111
91,29,layer2.5.conv1,0.157063
91,30,layer2.5.conv2,0.130611
91,31,layer2.6.conv1,0.0929221
91,32,layer2.6.conv2,0.0734772
91,33,layer2.7.conv1,0.057026
91,34,layer2.7.conv2,0.0437054
91,35,layer2.8.conv1,0.0416975
91,36,layer2.8.conv2,0.0443194
91,37,layer3.0.conv1,0.0551663
91,38,layer3.0.conv2,0.0845602
91,39,layer3.1.conv1,0.0968027
91,40,layer3.1.conv2,0.0875595
91,41,layer3.2.conv1,0.0700347
91,42,layer3.2.conv2,0.0554305
91,43,layer3.3.conv1,0.0468496
91,44,layer3.3.conv2,0.0411236
91,45,layer3.4.conv1,0.041449
91,46,layer3.4.conv2,0.0431192
91,47,layer3.5.conv1,0.0444883
91,48,layer3.5.conv2,0.047569
91,49,layer3.6.conv1,0.0530651
91,50,layer3.6.conv2,0.0619295
91,51,layer3.7.conv1,0.0812448
91,52,layer3.7.conv2,0.100261
91,53,layer3.8.conv1,0.113008
91,54,layer3.8.conv2,0.117201
92,0,conv1,0.10049
92,1,layer1.0.conv1,0.0686557
92,2,layer1.0.conv2,0.0751026
92,3,layer1.1.conv1,0.0786323
92,4,layer1.1.conv2,0.0842434
92,5,layer1.2.conv1,0.0768681
92,6,layer1.2.conv2,0.0710015
92,7,layer1.3.conv1,0.0763276
92,8,layer1.3.conv2,0.0780359
92,9,layer1.4.conv1,0.0870161
92,10,layer1.4.conv2,0.0858266
92,11,layer1.5.conv1,0.0881407
92,12,layer1.5.conv2,0.0886298
92,13,layer1.6.conv1,0.0938017
92,14,layer1.6.conv2,0.0952271
92,15,layer1.7.conv1,0.0973378
92,16,layer1.7.conv2,0.100955
92,17,layer1.8.conv1,0.117458
92,18,layer1.8.conv2,0.138872
92,19,layer2.0.conv1,0.187746
92,20,layer2.0.conv2,0.248165
92,21,layer2.1.conv1,0.267247
92,22,layer2.1.conv2,0.290187
92,23,layer2.2.conv1,0.29737
92,24,layer2.2.conv2,0.287271
92,25,layer2.3.conv1,0.268803
92,26,layer2.3.conv2,0.236094
92,27,layer2.4.conv1,0.203436
92,28,layer2.4.conv2,0.173252
92,29,layer2.5.conv1,0.153191
92,30,layer2.5.conv2,0.122587
92,31,layer2.6.conv1,0.0879034
92,32,layer2.6.conv2,0.0716698
92,33,layer2.7.conv1,0.049642
92,34,layer2.7.conv2,0.0395598
92,35,layer2.8.conv1,0.0386106
92,36,layer2.8.conv2,0.0414223
92,37,layer3.0.conv1,0.0528572
92,38,layer3.0.conv2,0.0838865
92,39,layer3.1.conv1,0.095877
92,40,layer3.1.conv2,0.0859743
92,41,layer3.2.conv1,0.068069
92,42,layer3.2.conv2,0.0542262
92,43,layer3.3.conv1,0.0456374
92,44,layer3.3.conv2,0.039744
92,45,layer3.4.conv1,0.0393754
92,46,layer3.4.conv2,0.0410386
92,47,layer3.5.conv1,0.0428142
92,48,layer3.5.conv2,0.0455074
92,49,layer3.6.conv1,0.0506562
92,50,layer3.6.conv2,0.0599925
92,51,layer3.7.conv1,0.0795812
92,52,layer3.7.conv2,0.0991059
92,53,layer3.8.conv1,0.112164
92,54,layer3.8.conv2,0.114566
93,0,conv1,0.107144
93,1,layer1.0.conv1,0.068305
93,2,layer1.0.conv2,0.07302
93,3,layer1.1.conv1,0.0744043
93,4,layer1.1.conv2,0.0792359
93,5,layer1.2.conv1,0.0768461
93,6,layer1.2.conv2,0.0690408
93,7,layer1.3.conv1,0.0757283
93,8,layer1.3.conv2,0.0757795
93,9,layer1.4.conv1,0.0821295
93,10,layer1.4.conv2,0.0807244
93,11,layer1.5.conv1,0.0822755
93,12,layer1.5.conv2,0.0861559
93,13,layer1.6.conv1,0.0908942
93,14,layer1.6.conv2,0.0931715
93,15,layer1.7.conv1,0.0929993
93,16,layer1.7.conv2,0.0979657
93,17,layer1.8.conv1,0.11328
93,18,layer1.8.conv2,0.135415
93,19,layer2.0.conv1,0.18774
93,20,layer2.0.conv2,0.249123
93,21,layer2.1.conv1,0.266317
93,22,layer2.1.conv2,0.288625
93,23,layer2.2.conv1,0.292351
93,24,layer2.2.conv2,0.280077
93,25,layer2.3.conv1,0.259506
93,26,layer2.3.conv2,0.23069
93,27,layer2.4.conv1,0.196718
93,28,layer2.4.conv2,0.166848
93,29,layer2.5.conv1,0.149227
93,30,layer2.5.conv2,0.121092
93,31,layer2.6.conv1,0.0871921
93,32,layer2.6.conv2,0.0753616
93,33,layer2.7.conv1,0.0576435
93,34,layer2.7.conv2,0.0458311
93,35,layer2.8.conv1,0.0434428
93,36,layer2.8.conv2,0.0445416
93,37,layer3.0.conv1,0.0563157
93,38,layer3.0.conv2,0.0859325
93,39,layer3.1.conv1,0.0962364
93,40,layer3.1.conv2,0.0854386
93,41,layer3.2.conv1,0.068
93,42,layer3.2.conv2,0.0544725
93,43,layer3.3.conv1,0.0462254
93,44,layer3.3.conv2,0.0416595
93,45,layer3.4.conv1,0.0413062
93,46,layer3.4.conv2,0.0427696
93,47,layer3.5.conv1,0.0444477
93,48,layer3.5.conv2,0.047086
93,49,layer3.6.conv1,0.0525093
93,50,layer3.6.conv2,0.0612318
93,51,layer3.7.conv1,0.0794414
93,52,layer3.7.conv2,0.096853
93,53,layer3.8.conv1,0.107446
93,54,layer3.8.conv2,0.110666
94,0,conv1,0.113375
94,1,layer1.0.conv1,0.0738792
94,2,layer1.0.conv2,0.0838511
94,3,layer1.1.conv1,0.0790937
94,4,layer1.1.conv2,0.0837564
94,5,layer1.2.conv1,0.079718
94,6,layer1.2.conv2,0.0709787
94,7,layer1.3.conv1,0.0800471
94,8,layer1.3.conv2,0.0796266
94,9,layer1.4.conv1,0.0940338
94,10,layer1.4.conv2,0.0889181
94,11,layer1.5.conv1,0.0908214
94,12,layer1.5.conv2,0.0899927
94,13,layer1.6.conv1,0.097796
94,14,layer1.6.conv2,0.100988
94,15,layer1.7.conv1,0.100585
94,16,layer1.7.conv2,0.10432
94,17,layer1.8.conv1,0.122923
94,18,layer1.8.conv2,0.14901
94,19,layer2.0.conv1,0.191967
94,20,layer2.0.conv2,0.257212
94,21,layer2.1.conv1,0.277103
94,22,layer2.1.conv2,0.300277
94,23,layer2.2.conv1,0.305929
94,24,layer2.2.conv2,0.300236
94,25,layer2.3.conv1,0.276461
94,26,layer2.3.conv2,0.241133
94,27,layer2.4.conv1,0.213198
94,28,layer2.4.conv2,0.179847
94,29,layer2.5.conv1,0.16278
94,30,layer2.5.conv2,0.132614
94,31,layer2.6.conv1,0.0961334
94,32,layer2.6.conv2,0.0825229
94,33,layer2.7.conv1,0.0592857
94,34,layer2.7.conv2,0.0449563
94,35,layer2.8.conv1,0.0433662
94,36,layer2.8.conv2,0.0446483
94,37,layer3.0.conv1,0.0577484
94,38,layer3.0.conv2,0.0882622
94,39,layer3.1.conv1,0.0985949
94,40,layer3.1.conv2,0.0903811
94,41,layer3.2.conv1,0.0740096
94,42,layer3.2.conv2,0.0604979
94,43,layer3.3.conv1,0.0501521
94,44,layer3.3.conv2,0.0449608
94,45,layer3.4.conv1,0.0444099
94,46,layer3.4.conv2,0.0456882
94,47,layer3.5.conv1,0.0474471
94,48,layer3.5.conv2,0.0495423
94,49,layer3.6.conv1,0.054941
94,50,layer3.6.conv2,0.0641156
94,51,layer3.7.conv1,0.0843335
94,52,layer3.7.conv2,0.104523
94,53,layer3.8.conv1,0.11731
94,54,layer3.8.conv2,0.119559
95,0,conv1,0.102872
95,1,layer1.0.conv1,0.0717996
95,2,layer1.0.conv2,0.0781179
95,3,layer1.1.conv1,0.0797693
95,4,layer1.1.conv2,0.084906
95,5,layer1.2.conv1,0.0773329
95,6,layer1.2.conv2,0.0711645
95,7,layer1.3.conv1,0.0790421
95,8,layer1.3.conv2,0.0813246
95,9,layer1.4.conv1,0.0849024
95,10,layer1.4.conv2,0.0846939
95,11,layer1.5.conv1,0.0847524
95,12,layer1.5.conv2,0.0867011
95,13,layer1.6.conv1,0.0874001
95,14,layer1.6.conv2,0.0922703
95,15,layer1.7.conv1,0.0929572
95,16,layer1.7.conv2,0.0976258
95,17,layer1.8.conv1,0.116398
95,18,layer1.8.conv2,0.13854
95,19,layer2.0.conv1,0.185748
95,20,layer2.0.conv2,0.245194
95,21,layer2.1.conv1,0.265941
95,22,layer2.1.conv2,0.292392
95,23,layer2.2.conv1,0.294688
95,24,layer2.2.conv2,0.28616
95,25,layer2.3.conv1,0.265735
95,26,layer2.3.conv2,0.233482
95,27,layer2.4.conv1,0.198571
95,28,layer2.4.conv2,0.165207
95,29,layer2.5.conv1,0.147713
95,30,layer2.5.conv2,0.118313
95,31,layer2.6.conv1,0.0855482
95,32,layer2.6.conv2,0.0697995
95,33,layer2.7.conv1,0.0524424
95,34,layer2.7.conv2,0.0405012
95,35,layer2.8.conv1,0.0385421
95,36,layer2.8.conv2,0.0412843
95,37,layer3.0.conv1,0.053676
95,38,layer3.0.conv2,0.0822667
95,39,layer3.1.conv1,0.0933501
95,40,layer3.1.conv2,0.0838599
95,41,layer3.2.conv1,0.0686108
95,42,layer3.2.conv2,0.0548697
95,43,layer3.3.conv1,0.0465021
95,44,layer3.3.conv2,0.041284
95,45,layer3.4.conv1,0.0406952
95,46,layer3.4.conv2,0.0421304
95,47,layer3.5.conv1,0.0433098
95,48,layer3.5.conv2,0.0452736
95,49,layer3.6.conv1,0.0508668
95,50,layer3.6.conv2,0.0589744
95,51,layer3.7.conv1,0.0775914
95,52,layer3.7.conv2,0.0953269
95,53,layer3.8.conv1,0.106798
95,54,layer3.8.conv2,0.109121
96,0,conv1,0.100026
96,1,layer1.0.conv1,0.0739142
96,2,layer1.0.conv2,0.0805647
96,3,layer1.1.conv1,0.081419
96,4,layer1.1.conv2,0.0861942
96,5,layer1.2.conv1,0.0751306
96,6,layer1.2.conv2,0.0707326
96,7,layer1.3.conv1,0.080168
96,8,layer1.3.conv2,0.0785271
96,9,layer1.4.conv1,0.0887654
96,10,layer1.4.conv2,0.0870419
96,11,layer1.5.conv1,0.0889227
96,12,layer1.5.conv2,0.0891793
96,13,layer1.6.conv1,0.094401
96,14,layer1.6.conv2,0.0966161
96,15,layer1.7.conv1,0.0972581
96,16,layer1.7.conv2,0.100232
96,17,layer1.8.conv1,0.12156
96,18,layer1.8.conv2,0.14203
96,19,layer2.0.conv1,0.19199
96,20,layer2.0.conv2,0.248721
96,21,layer2.1.conv1,0.268494
96,22,layer2.1.conv2,0.293116
96,23,layer2.2.conv1,0.29923
96,24,layer2.2.conv2,0.285872
96,25,layer2.3.conv1,0.270542
96,26,layer2.3.conv2,0.236122
96,27,layer2.4.conv1,0.203216
96,28,layer2.4.conv2,0.172685
96,29,layer2.5.conv1,0.155828
96,30,layer2.5.conv2,0.124169
96,31,layer2.6.conv1,0.0929174
96,32,layer2.6.conv2,0.0780365
96,33,layer2.7.conv1,0.0589334
96,34,layer2.7.conv2,0.0441261
96,35,layer2.8.conv1,0.0419648
96,36,layer2.8.conv2,0.0447417
96,37,layer3.0.conv1,0.0578556
96,38,layer3.0.conv2,0.0893375
96,39,layer3.1.conv1,0.101649
96,40,layer3.1.conv2,0.0915013
96,41,layer3.2.conv1,0.0722099
96,42,layer3.2.conv2,0.0574363
96,43,layer3.3.conv1,0.0483622
96,44,layer3.3.conv2,0.0426789
96,45,layer3.4.conv1,0.0424523
96,46,layer3.4.conv2,0.0438385
96,47,layer3.5.conv1,0.0455354
96,48,layer3.5.conv2,0.0483405
96,49,layer3.6.conv1,0.0538989
96,50,layer3.6.conv2,0.0628153
96,51,layer3.7.conv1,0.0820872
96,52,layer3.7.conv2,0.0998743
96,53,layer3.8.conv1,0.111449
96,54,layer3.8.conv2,0.114533
97,0,conv1,0.11874
97,1,layer1.0.conv1,0.0740867
97,2,layer1.0.conv2,0.079873
97,3,layer1.1.conv1,0.0788301
97,4,layer1.1.conv2,0.082171
97,5,layer1.2.conv1,0.0769346
97,6,layer1.2.conv2,0.0736119
97,7,layer1.3.conv1,0.0816037
97,8,layer1.3.conv2,0.0797617
97,9,layer1.4.conv1,0.0915477
97,10,layer1.4.conv2,0.0902846
97,11,layer1.5.conv1,0.0888907
97,12,layer1.5.conv2,0.0892738
97,13,layer1.6.conv1,0.0935366
97,14,layer1.6.conv2,0.0952549
97,15,layer1.7.conv1,0.0990551
97,16,layer1.7.conv2,0.10341
97,17,layer1.8.conv1,0.120323
97,18,layer1.8.conv2,0.142064
97,19,layer2.0.conv1,0.191713
97,20,layer2.0.conv2,0.252818
97,21,layer2.1.conv1,0.273912
97,22,layer2.1.conv2,0.297079
97,23,layer2.2.conv1,0.303084
97,24,layer2.2.conv2,0.296061
97,25,layer2.3.conv1,0.276864
97,26,layer2.3.conv2,0.248421
97,27,layer2.4.conv1,0.21325
97,28,layer2.4.conv2,0.17902
97,29,layer2.5.conv1,0.160946
97,30,layer2.5.conv2,0.132855
97,31,layer2.6.conv1,0.0974755
97,32,layer2.6.conv2,0.0821261
97,33,layer2.7.conv1,0.0620254
97,34,layer2.7.conv2,0.049206
97,35,layer2.8.conv1,0.0472161
97,36,layer2.8.conv2,0.0485844
97,37,layer3.0.conv1,0.0624182
97,38,layer3.0.conv2,0.0936588
97,39,layer3.1.conv1,0.104858
97,40,layer3.1.conv2,0.0947464
97,41,layer3.2.conv1,0.0768916
97,42,layer3.2.conv2,0.0614458
97,43,layer3.3.conv1,0.0517856
97,44,layer3.3.conv2,0.0458527
97,45,layer3.4.conv1,0.0452001
97,46,layer3.4.conv2,0.0463452
97,47,layer3.5.conv1,0.0479321
97,48,layer3.5.conv2,0.0501856
97,49,layer3.6.conv1,0.0554546
97,50,layer3.6.conv2,0.0652395
97,51,layer3.7.conv1,0.084908
97,52,layer3.7.conv2,0.104145
97,53,layer3.8.conv1,0.11556
97,54,layer3.8.conv2,0.118901
98,0,conv1,0.109396
98,1,layer1.0.conv1,0.0765069
98,2,layer1.0.conv2,0.0837043
98,3,layer1.1.conv1,0.085799
98,4,layer1.1.conv2,0.0872459
98,5,layer1.2.conv1,0.0818295
98,6,layer1.2.conv2,0.0760862
98,7,layer1.3.conv1,0.0845501
98,8,layer1.3.conv2,0.0859018
98,9,layer1.4.conv1,0.094905
98,10,layer1.4.conv2,0.0900386
98,11,layer1.5.conv1,0.0938682
98,12,layer1.5.conv2,0.0969882
98,13,layer1.6.conv1,0.0980292
98,14,layer1.6.conv2,0.101319
98,15,layer1.7.conv1,0.101698
98,16,layer1.7.conv2,0.107844
98,17,layer1.8.conv1,0.129266
98,18,layer1.8.conv2,0.157754
98,19,layer2.0.conv1,0.207929
98,20,layer2.0.conv2,0.272909
98,21,layer2.1.conv1,0.294838
98,22,layer2.1.conv2,0.321594
98,23,layer2.2.conv1,0.328797
98,24,layer2.2.conv2,0.318068
98,25,layer2.3.conv1,0.300691
98,26,layer2.3.conv2,0.265493
98,27,layer2.4.conv1,0.226342
98,28,layer2.4.conv2,0.188294
98,29,layer2.5.conv1,0.169056
98,30,layer2.5.conv2,0.136573
98,31,layer2.6.conv1,0.0992606
98,32,layer2.6.conv2,0.0830896
98,33,layer2.7.conv1,0.0625684
98,34,layer2.7.conv2,0.0487224
98,35,layer2.8.conv1,0.0463021
98,36,layer2.8.conv2,0.0481049
98,37,layer3.0.conv1,0.0625669
98,38,layer3.0.conv2,0.0942092
98,39,layer3.1.conv1,0.107454
98,40,layer3.1.conv2,0.0957635
98,41,layer3.2.conv1,0.0775242
98,42,layer3.2.conv2,0.0611071
98,43,layer3.3.conv1,0.051472
98,44,layer3.3.conv2,0.0456419
98,45,layer3.4.conv1,0.0440135
98,46,layer3.4.conv2,0.0457334
98,47,layer3.5.conv1,0.0477618
98,48,layer3.5.conv2,0.0500281
98,49,layer3.6.conv1,0.056755
98,50,layer3.6.conv2,0.065765
98,51,layer3.7.conv1,0.0862926
98,52,layer3.7.conv2,0.106834
98,53,layer3.8.conv1,0.119065
98,54,layer3.8.conv2,0.120291
99,0,conv1,0.112623
99,1,layer1.0.conv1,0.0769151
99,2,layer1.0.conv2,0.088332
99,3,layer1.1.conv1,0.0923168
99,4,layer1.1.conv2,0.0904856
99,5,layer1.2.conv1,0.0819751
99,6,layer1.2.conv2,0.0773308
99,7,layer1.3.conv1,0.0848892
99,8,layer1.3.conv2,0.0864939
99,9,layer1.4.conv1,0.0946436
99,10,layer1.4.conv2,0.088317
99,11,layer1.5.conv1,0.0915833
99,12,layer1.5.conv2,0.0927232
99,13,layer1.6.conv1,0.0970479
99,14,layer1.6.conv2,0.10072
99,15,layer1.7.conv1,0.101317
99,16,layer1.7.conv2,0.105419
99,17,layer1.8.conv1,0.128629
99,18,layer1.8.conv2,0.149966
99,19,layer2.0.conv1,0.197384
99,20,layer2.0.conv2,0.262547
99,21,layer2.1.conv1,0.285876
99,22,layer2.1.conv2,0.307066
99,23,layer2.2.conv1,0.31491
99,24,layer2.2.conv2,0.306715
99,25,layer2.3.conv1,0.290221
99,26,layer2.3.conv2,0.257166
99,27,layer2.4.conv1,0.221682
99,28,layer2.4.conv2,0.188358
99,29,layer2.5.conv1,0.168185
99,30,layer2.5.conv2,0.138912
99,31,layer2.6.conv1,0.102009
99,32,layer2.6.conv2,0.0854369
99,33,layer2.7.conv1,0.0637774
99,34,layer2.7.conv2,0.0497989
99,35,layer2.8.conv1,0.047178
99,36,layer2.8.conv2,0.0499297
99,37,layer3.0.conv1,0.0633433
99,38,layer3.0.conv2,0.0934128
99,39,layer3.1.conv1,0.105607
99,40,layer3.1.conv2,0.0939639
99,41,layer3.2.conv1,0.0762458
99,42,layer3.2.conv2,0.0606678
99,43,layer3.3.conv1,0.0509317
99,44,layer3.3.conv2,0.0447721
99,45,layer3.4.conv1,0.0439772
99,46,layer3.4.conv2,0.0452057
99,47,layer3.5.conv1,0.0470511
99,48,layer3.5.conv2,0.0492303
99,49,layer3.6.conv1,0.056628
99,50,layer3.6.conv2,0.0665534
99,51,layer3.7.conv1,0.0867597
99,52,layer3.7.conv2,0.106979
99,53,layer3.8.conv1,0.118544
99,54,layer3.8.conv2,0.121528
100,0,conv1,0.119997
100,1,layer1.0.conv1,0.0794605
100,2,layer1.0.conv2,0.0869445
100,3,layer1.1.conv1,0.0894562
100,4,layer1.1.conv2,0.0911885
100,5,layer1.2.conv1,0.0825306
100,6,layer1.2.conv2,0.0809223
100,7,layer1.3.conv1,0.0889699
100,8,layer1.3.conv2,0.0852838
100,9,layer1.4.conv1,0.0989005
100,10,layer1.4.conv2,0.0946947
100,11,layer1.5.conv1,0.095801
100,12,layer1.5.conv2,0.0954488
100,13,layer1.6.conv1,0.0986023
100,14,layer1.6.conv2,0.103212
100,15,layer1.7.conv1,0.104864
100,16,layer1.7.conv2,0.111869
100,17,layer1.8.conv1,0.128035
100,18,layer1.8.conv2,0.148512
100,19,layer2.0.conv1,0.204287
100,20,layer2.0.conv2,0.274768
100,21,layer2.1.conv1,0.290292
100,22,layer2.1.conv2,0.314032
100,23,layer2.2.conv1,0.323281
100,24,layer2.2.conv2,0.307312
100,25,layer2.3.conv1,0.290711
100,26,layer2.3.conv2,0.260348
100,27,layer2.4.conv1,0.22753
100,28,layer2.4.conv2,0.194639
100,29,layer2.5.conv1,0.175473
100,30,layer2.5.conv2,0.143096
100,31,layer2.6.conv1,0.100575
100,32,layer2.6.conv2,0.0851041
100,33,layer2.7.conv1,0.0669192
100,34,layer2.7.conv2,0.0492294
100,35,layer2.8.conv1,0.0462252
100,36,layer2.8.conv2,0.0487655
100,37,layer3.0.conv1,0.0653005
100,38,layer3.0.conv2,0.100092
100,39,layer3.1.conv1,0.111838
100,40,layer3.1.conv2,0.100959
100,41,layer3.2.conv1,0.0810149
100,42,layer3.2.conv2,0.0643931
100,43,layer3.3.conv1,0.0545035
100,44,layer3.3.conv2,0.0474702
100,45,layer3.4.conv1,0.046719
100,46,layer3.4.conv2,0.0480448
100,47,layer3.5.conv1,0.049734
100,48,layer3.5.conv2,0.0531838
100,49,layer3.6.conv1,0.0609231
100,50,layer3.6.conv2,0.0712659
100,51,layer3.7.conv1,0.0929082
100,52,layer3.7.conv2,0.113348
100,53,layer3.8.conv1,0.124763
100,54,layer3.8.conv2,0.127278
101,0,conv1,0.110695
101,1,layer1.0.conv1,0.071257
101,2,layer1.0.conv2,0.0772742
101,3,layer1.1.conv1,0.0802861
101,4,layer1.1.conv2,0.0879089
101,5,layer1.2.conv1,0.0824552
101,6,layer1.2.conv2,0.0809225
101,7,layer1.3.conv1,0.0882939
101,8,layer1.3.conv2,0.0859127
101,9,layer1.4.conv1,0.0922205
101,10,layer1.4.conv2,0.0900835
101,11,layer1.5.conv1,0.0930565
101,12,layer1.5.conv2,0.0940441
101,13,layer1.6.conv1,0.0923756
101,14,layer1.6.conv2,0.0991168
101,15,layer1.7.conv1,0.100536
101,16,layer1.7.conv2,0.105898
101,17,layer1.8.conv1,0.122886
101,18,layer1.8.conv2,0.147219
101,19,layer2.0.conv1,0.199052
101,20,layer2.0.conv2,0.260302
101,21,layer2.1.conv1,0.282615
101,22,layer2.1.conv2,0.310807
101,23,layer2.2.conv1,0.314401
101,24,layer2.2.conv2,0.305274
101,25,layer2.3.conv1,0.291096
101,26,layer2.3.conv2,0.260789
101,27,layer2.4.conv1,0.225705
101,28,layer2.4.conv2,0.19149
101,29,layer2.5.conv1,0.169867
101,30,layer2.5.conv2,0.137736
101,31,layer2.6.conv1,0.0994561
101,32,layer2.6.conv2,0.0813438
101,33,layer2.7.conv1,0.0613609
101,34,layer2.7.conv2,0.0492086
101,35,layer2.8.conv1,0.0457911
101,36,layer2.8.conv2,0.0490077
101,37,layer3.0.conv1,0.0629179
101,38,layer3.0.conv2,0.0963385
101,39,layer3.1.conv1,0.10831
101,40,layer3.1.conv2,0.0980952
101,41,layer3.2.conv1,0.0800141
101,42,layer3.2.conv2,0.0641873
101,43,layer3.3.conv1,0.0545556
101,44,layer3.3.conv2,0.0480743
101,45,layer3.4.conv1,0.0472468
101,46,layer3.4.conv2,0.0488604
101,47,layer3.5.conv1,0.0503992
101,48,layer3.5.conv2,0.0528574
101,49,layer3.6.conv1,0.0592408
101,50,layer3.6.conv2,0.0683816
101,51,layer3.7.conv1,0.0906225
101,52,layer3.7.conv2,0.110323
101,53,layer3.8.conv1,0.123976
101,54,layer3.8.conv2,0.124214
102,0,conv1,0.109346
102,1,layer1.0.conv1,0.0736652
102,2,layer1.0.conv2,0.0805296
102,3,layer1.1.conv1,0.0806634
102,4,layer1.1.conv2,0.0864396
102,5,layer1.2.conv1,0.0761104
102,6,layer1.2.conv2,0.0728376
102,7,layer1.3.conv1,0.0827733
102,8,layer1.3.conv2,0.0811165
102,9,layer1.4.conv1,0.0889635
102,10,layer1.4.conv2,0.086921
102,11,layer1.5.conv1,0.0905148
102,12,layer1.5.conv2,0.091696
102,13,layer1.6.conv1,0.0917434
102,14,layer1.6.conv2,0.0985105
102,15,layer1.7.conv1,0.0998101
102,16,layer1.7.conv2,0.105563
102,17,layer1.8.conv1,0.125683
102,18,layer1.8.conv2,0.144405
102,19,layer2.0.conv1,0.201585
102,20,layer2.0.conv2,0.265151
102,21,layer2.1.conv1,0.288292
102,22,layer2.1.conv2,0.315348
102,23,layer2.2.conv1,0.316523
102,24,layer2.2.conv2,0.313787
102,25,layer2.3.conv1,0.295015
102,26,layer2.3.conv2,0.262597
102,27,layer2.4.conv1,0.229709
102,28,layer2.4.conv2,0.195365
102,29,layer2.5.conv1,0.17418
102,30,layer2.5.conv2,0.144512
102,31,layer2.6.conv1,0.104078
102,32,layer2.6.conv2,0.0865523
102,33,layer2.7.conv1,0.064179
102,34,layer2.7.conv2,0.0484797
102,35,layer2.8.conv1,0.0463532
102,36,layer2.8.conv2,0.0488698
102,37,layer3.0.conv1,0.0630772
102,38,layer3.0.conv2,0.0970842
102,39,layer3.1.conv1,0.108423
102,40,layer3.1.conv2,0.0994322
102,41,layer3.2.conv1,0.0804847
102,42,layer3.2.conv2,0.0632956
102,43,layer3.3.conv1,0.0521016
102,44,layer3.3.conv2,0.0454935
102,45,layer3.4.conv1,0.0448491
102,46,layer3.4.conv2,0.0462404
102,47,layer3.5.conv1,0.0478977
102,48,layer3.5.conv2,0.0496228
102,49,layer3.6.conv1,0.0566241
102,50,layer3.6.conv2,0.06648
102,51,layer3.7.conv1,0.0872931
102,52,layer3.7.conv2,0.108596
102,53,layer3.8.conv1,0.122084
102,54,layer3.8.conv2,0.122882
103,0,conv1,0.1123
103,1,layer1.0.conv1,0.0800274
103,2,layer1.0.conv2,0.0854189
103,3,layer1.1.conv1,0.0922821
103,4,layer1.1.conv2,0.0916087
103,5,layer1.2.conv1,0.081069
103,6,layer1.2.conv2,0.0768727
103,7,layer1.3.conv1,0.0830503
103,8,layer1.3.conv2,0.0840836
103,9,layer1.4.conv1,0.095929
103,10,layer1.4.conv2,0.0930943
103,11,layer1.5.conv1,0.0959911
103,12,layer1.5.conv2,0.0958089
103,13,layer1.6.conv1,0.0952925
103,14,layer1.6.conv2,0.104353
103,15,layer1.7.conv1,0.104442
103,16,layer1.7.conv2,0.110201
103,17,layer1.8.conv1,0.125185
103,18,layer1.8.conv2,0.152072
103,19,layer2.0.conv1,0.204457
103,20,layer2.0.conv2,0.267929
103,21,layer2.1.conv1,0.292028
103,22,layer2.1.conv2,0.31691
103,23,layer2.2.conv1,0.322356
103,24,layer2.2.conv2,0.315184
103,25,layer2.3.conv1,0.301081
103,26,layer2.3.conv2,0.26583
103,27,layer2.4.conv1,0.230745
103,28,layer2.4.conv2,0.1948
103,29,layer2.5.conv1,0.173641
103,30,layer2.5.conv2,0.14153
103,31,layer2.6.conv1,0.0993397
103,32,layer2.6.conv2,0.0821242
103,33,layer2.7.conv1,0.0621883
103,34,layer2.7.conv2,0.0471867
103,35,layer2.8.conv1,0.0438941
103,36,layer2.8.conv2,0.0474723
103,37,layer3.0.conv1,0.0608274
103,38,layer3.0.conv2,0.0949021
103,39,layer3.1.conv1,0.106526
103,40,layer3.1.conv2,0.0967972
103,41,layer3.2.conv1,0.0780177
103,42,layer3.2.conv2,0.0605441
103,43,layer3.3.conv1,0.0507558
103,44,layer3.3.conv2,0.044619
103,45,layer3.4.conv1,0.0438367
103,46,layer3.4.conv2,0.045748
103,47,layer3.5.conv1,0.0468313
103,48,layer3.5.conv2,0.049752
103,49,layer3.6.conv1,0.0565469
103,50,layer3.6.conv2,0.0658197
103,51,layer3.7.conv1,0.0870668
103,52,layer3.7.conv2,0.108767
103,53,layer3.8.conv1,0.120461
103,54,layer3.8.conv2,0.12121
104,0,conv1,0.10815
104,1,layer1.0.conv1,0.0705929
104,2,layer1.0.conv2,0.0796807
104,3,layer1.1.conv1,0.086697
104,4,layer1.1.conv2,0.0846092
104,5,layer1.2.conv1,0.0789011
104,6,layer1.2.conv2,0.0730048
104,7,layer1.3.conv1,0.0806636
104,8,layer1.3.conv2,0.0779644
104,9,layer1.4.conv1,0.0913446
104,10,layer1.4.conv2,0.0893255
104,11,layer1.5.conv1,0.0928777
104,12,layer1.5.conv2,0.094479
104,13,layer1.6.conv1,0.0937495
104,14,layer1.6.conv2,0.0976844
104,15,layer1.7.conv1,0.097137
104,16,layer1.7.conv2,0.102261
104,17,layer1.8.conv1,0.12046
104,18,layer1.8.conv2,0.145395
104,19,layer2.0.conv1,0.196367
104,20,layer2.0.conv2,0.269288
104,21,layer2.1.conv1,0.294626
104,22,layer2.1.conv2,0.322253
104,23,layer2.2.conv1,0.321543
104,24,layer2.2.conv2,0.315108
104,25,layer2.3.conv1,0.297133
104,26,layer2.3.conv2,0.263349
104,27,layer2.4.conv1,0.22694
104,28,layer2.4.conv2,0.191298
104,29,layer2.5.conv1,0.168394
104,30,layer2.5.conv2,0.140154
104,31,layer2.6.conv1,0.100232
104,32,layer2.6.conv2,0.083445
104,33,layer2.7.conv1,0.0638666
104,34,layer2.7.conv2,0.0438996
104,35,layer2.8.conv1,0.040074
104,36,layer2.8.conv2,0.0436439
104,37,layer3.0.conv1,0.0589767
104,38,layer3.0.conv2,0.0911197
104,39,layer3.1.conv1,0.105254
104,40,layer3.1.conv2,0.0958437
104,41,layer3.2.conv1,0.07587
104,42,layer3.2.conv2,0.0592085
104,43,layer3.3.conv1,0.0495631
104,44,layer3.3.conv2,0.0439262
104,45,layer3.4.conv1,0.0434708
104,46,layer3.4.conv2,0.044753
104,47,layer3.5.conv1,0.0465601
104,48,layer3.5.conv2,0.0490575
104,49,layer3.6.conv1,0.0549229
104,50,layer3.6.conv2,0.0648406
104,51,layer3.7.conv1,0.0857695
104,52,layer3.7.conv2,0.106292
104,53,layer3.8.conv1,0.118708
104,54,layer3.8.conv2,0.118105
105,0,conv1,0.109804
105,1,layer1.0.conv1,0.0788534
105,2,layer1.0.conv2,0.085156
105,3,layer1.1.conv1,0.0863639
105,4,layer1.1.conv2,0.0926851
105,5,layer1.2.conv1,0.0848854
105,6,layer1.2.conv2,0.0774225
105,7,layer1.3.conv1,0.0882977
105,8,layer1.3.conv2,0.0874134
105,9,layer1.4.conv1,0.0978734
105,10,layer1.4.conv2,0.0955976
105,11,layer1.5.conv1,0.0990957
105,12,layer1.5.conv2,0.100593
105,13,layer1.6.conv1,0.0999211
105,14,layer1.6.conv2,0.10433
105,15,layer1.7.conv1,0.105495
105,16,layer1.7.conv2,0.111303
105,17,layer1.8.conv1,0.12938
105,18,layer1.8.conv2,0.155312
105,19,layer2.0.conv1,0.207547
105,20,layer2.0.conv2,0.27352
105,21,layer2.1.conv1,0.295476
105,22,layer2.1.conv2,0.324921
105,23,layer2.2.conv1,0.333381
105,24,layer2.2.conv2,0.322163
105,25,layer2.3.conv1,0.304828
105,26,layer2.3.conv2,0.269858
105,27,layer2.4.conv1,0.232998
105,28,layer2.4.conv2,0.196946
105,29,layer2.5.conv1,0.176752
105,30,layer2.5.conv2,0.145413
105,31,layer2.6.conv1,0.103398
105,32,layer2.6.conv2,0.0846257
105,33,layer2.7.conv1,0.0622604
105,34,layer2.7.conv2,0.0455824
105,35,layer2.8.conv1,0.0416649
105,36,layer2.8.conv2,0.0451572
105,37,layer3.0.conv1,0.0585733
105,38,layer3.0.conv2,0.0915239
105,39,layer3.1.conv1,0.103269
105,40,layer3.1.conv2,0.0948682
105,41,layer3.2.conv1,0.0769258
105,42,layer3.2.conv2,0.0608378
105,43,layer3.3.conv1,0.0507386
105,44,layer3.3.conv2,0.0439014
105,45,layer3.4.conv1,0.0436606
105,46,layer3.4.conv2,0.0454882
105,47,layer3.5.conv1,0.0476032
105,48,layer3.5.conv2,0.0500867
105,49,layer3.6.conv1,0.0557574
105,50,layer3.6.conv2,0.0656602
105,51,layer3.7.conv1,0.0880717
105,52,layer3.7.conv2,0.111814
105,53,layer3.8.conv1,0.125666
105,54,layer3.8.conv2,0.123049
106,0,conv1,0.129228
106,1,layer1.0.conv1,0.0853869
106,2,layer1.0.conv2,0.100282
106,3,layer1.1.conv1,0.0996604
106,4,layer1.1.conv2,0.102373
106,5,layer1.2.conv1,0.0858306
106,6,layer1.2.conv2,0.0828169
106,7,layer1.3.conv1,0.092965
106,8,layer1.3.conv2,0.0943235
106,9,layer1.4.conv1,0.105352
106,10,layer1.4.conv2,0.102183
106,11,layer1.5.conv1,0.104317
106,12,layer1.5.conv2,0.102731
106,13,layer1.6.conv1,0.104543
106,14,layer1.6.conv2,0.113563
106,15,layer1.7.conv1,0.111735
106,16,layer1.7.conv2,0.117278
106,17,layer1.8.conv1,0.145278
106,18,layer1.8.conv2,0.164161
106,19,layer2.0.conv1,0.218996
106,20,layer2.0.conv2,0.292481
106,21,layer2.1.conv1,0.316589
106,22,layer2.1.conv2,0.345707
106,23,layer2.2.conv1,0.351568
106,24,layer2.2.conv2,0.342632
106,25,layer2.3.conv1,0.320773
106,26,layer2.3.conv2,0.287687
106,27,layer2.4.conv1,0.246471
106,28,layer2.4.conv2,0.203331
106,29,layer2.5.conv1,0.180897
106,30,layer2.5.conv2,0.146548
106,31,layer2.6.conv1,0.1033
106,32,layer2.6.conv2,0.0847094
106,33,layer2.7.conv1,0.0614189
106,34,layer2.7.conv2,0.047018
106,35,layer2.8.conv1,0.0447094
106,36,layer2.8.conv2,0.0485996
106,37,layer3.0.conv1,0.0649391
106,38,layer3.0.conv2,0.098332
106,39,layer3.1.conv1,0.11034
106,40,layer3.1.conv2,0.0990309
106,41,layer3.2.conv1,0.0782411
106,42,layer3.2.conv2,0.0611343
106,43,layer3.3.conv1,0.0504222
106,44,layer3.3.conv2,0.0435232
106,45,layer3.4.conv1,0.0430627
106,46,layer3.4.conv2,0.0450922
106,47,layer3.5.conv1,0.0467571
106,48,layer3.5.conv2,0.0497398
106,49,layer3.6.conv1,0.0565697
106,50,layer3.6.conv2,0.0680464
106,51,layer3.7.conv1,0.0902622
106,52,layer3.7.conv2,0.111141
106,53,layer3.8.conv1,0.125251
106,54,layer3.8.conv2,0.123839
107,0,conv1,0.133
107,1,layer1.0.conv1,0.0887119
107,2,layer1.0.conv2,0.104514
107,3,layer1.1.conv1,0.0945521
107,4,layer1.1.conv2,0.100738
107,5,layer1.2.conv1,0.0916152
107,6,layer1.2.conv2,0.0860761
107,7,layer1.3.conv1,0.0927659
107,8,layer1.3.conv2,0.0944337
107,9,layer1.4.conv1,0.102305
107,10,layer1.4.conv2,0.101574
107,11,layer1.5.conv1,0.106138
107,12,layer1.5.conv2,0.107539
107,13,layer1.6.conv1,0.105787
107,14,layer1.6.conv2,0.112931
107,15,layer1.7.conv1,0.111883
107,16,layer1.7.conv2,0.116871
107,17,layer1.8.conv1,0.13923
107,18,layer1.8.conv2,0.166568
107,19,layer2.0.conv1,0.224311
107,20,layer2.0.conv2,0.299405
107,21,layer2.1.conv1,0.324376
107,22,layer2.1.conv2,0.352424
107,23,layer2.2.conv1,0.358598
107,24,layer2.2.conv2,0.350488
107,25,layer2.3.conv1,0.329348
107,26,layer2.3.conv2,0.286428
107,27,layer2.4.conv1,0.247085
107,28,layer2.4.conv2,0.210411
107,29,layer2.5.conv1,0.19148
107,30,layer2.5.conv2,0.155542
107,31,layer2.6.conv1,0.110271
107,32,layer2.6.conv2,0.0880722
107,33,layer2.7.conv1,0.0623104
107,34,layer2.7.conv2,0.0459479
107,35,layer2.8.conv1,0.0419159
107,36,layer2.8.conv2,0.0461018
107,37,layer3.0.conv1,0.0624232
107,38,layer3.0.conv2,0.0976649
107,39,layer3.1.conv1,0.113864
107,40,layer3.1.conv2,0.104859
107,41,layer3.2.conv1,0.0852081
107,42,layer3.2.conv2,0.0681424
107,43,layer3.3.conv1,0.0564492
107,44,layer3.3.conv2,0.0495781
107,45,layer3.4.conv1,0.0486508
107,46,layer3.4.conv2,0.0507566
107,47,layer3.5.conv1,0.0521389
107,48,layer3.5.conv2,0.054409
107,49,layer3.6.conv1,0.0615112
107,50,layer3.6.conv2,0.0713429
107,51,layer3.7.conv1,0.0945345
107,52,layer3.7.conv2,0.116386
107,53,layer3.8.conv1,0.131997
107,54,layer3.8.conv2,0.129905
108,0,conv1,0.118743
108,1,layer1.0.conv1,0.0806016
108,2,layer1.0.conv2,0.0874081
108,3,layer1.1.conv1,0.0959573
108,4,layer1.1.conv2,0.0999078
108,5,layer1.2.conv1,0.0884039
108,6,layer1.2.conv2,0.0855401
108,7,layer1.3.conv1,0.0940007
108,8,layer1.3.conv2,0.0904707
108,9,layer1.4.conv1,0.101567
108,10,layer1.4.conv2,0.103562
108,11,layer1.5.conv1,0.103104
108,12,layer1.5.conv2,0.106798
108,13,layer1.6.conv1,0.106579
108,14,layer1.6.conv2,0.114436
108,15,layer1.7.conv1,0.116585
108,16,layer1.7.conv2,0.115846
108,17,layer1.8.conv1,0.140842
108,18,layer1.8.conv2,0.162683
108,19,layer2.0.conv1,0.216639
108,20,layer2.0.conv2,0.286945
108,21,layer2.1.conv1,0.313632
108,22,layer2.1.conv2,0.344683
108,23,layer2.2.conv1,0.349509
108,24,layer2.2.conv2,0.339638
108,25,layer2.3.conv1,0.326037
108,26,layer2.3.conv2,0.291547
108,27,layer2.4.conv1,0.253832
108,28,layer2.4.conv2,0.211582
108,29,layer2.5.conv1,0.188101
108,30,layer2.5.conv2,0.1544
108,31,layer2.6.conv1,0.111752
108,32,layer2.6.conv2,0.0956726
108,33,layer2.7.conv1,0.0713744
108,34,layer2.7.conv2,0.0508139
108,35,layer2.8.conv1,0.045009
108,36,layer2.8.conv2,0.0468087
108,37,layer3.0.conv1,0.0624512
108,38,layer3.0.conv2,0.0987076
108,39,layer3.1.conv1,0.114069
108,40,layer3.1.conv2,0.103137
108,41,layer3.2.conv1,0.0819313
108,42,layer3.2.conv2,0.0642569
108,43,layer3.3.conv1,0.0524653
108,44,layer3.3.conv2,0.0462622
108,45,layer3.4.conv1,0.0452149
108,46,layer3.4.conv2,0.0472961
108,47,layer3.5.conv1,0.0497224
108,48,layer3.5.conv2,0.052753
108,49,layer3.6.conv1,0.059713
108,50,layer3.6.conv2,0.0698359
108,51,layer3.7.conv1,0.0924891
108,52,layer3.7.conv2,0.114029
108,53,layer3.8.conv1,0.130416
108,54,layer3.8.conv2,0.13156
109,0,conv1,0.114637
109,1,layer1.0.conv1,0.0755688
109,2,layer1.0.conv2,0.0834609
109,3,layer1.1.conv1,0.0900503
109,4,layer1.1.conv2,0.0883244
109,5,layer1.2.conv1,0.0858822
109,6,layer1.2.conv2,0.0775195
109,7,layer1.3.conv1,0.0887722
109,8,layer1.3.conv2,0.0854293
109,9,layer1.4.conv1,0.0986671
109,10,layer1.4.conv2,0.0991956
109,11,layer1.5.conv1,0.102133
109,12,layer1.5.conv2,0.101279
109,13,layer1.6.conv1,0.101845
109,14,layer1.6.conv2,0.11015
109,15,layer1.7.conv1,0.109256
109,16,layer1.7.conv2,0.111403
109,17,layer1.8.conv1,0.134368
109,18,layer1.8.conv2,0.157037
109,19,layer2.0.conv1,0.209603
109,20,layer2.0.conv2,0.280521
109,21,layer2.1.conv1,0.306802
109,22,layer2.1.conv2,0.332185
109,23,layer2.2.conv1,0.333988
109,24,layer2.2.conv2,0.326485
109,25,layer2.3.conv1,0.308393
109,26,layer2.3.conv2,0.272511
109,27,layer2.4.conv1,0.239138
109,28,layer2.4.conv2,0.202331
109,29,layer2.5.conv1,0.180942
109,30,layer2.5.conv2,0.150879
109,31,layer2.6.conv1,0.109889
109,32,layer2.6.conv2,0.0871719
109,33,layer2.7.conv1,0.0667235
109,34,layer2.7.conv2,0.0498546
109,35,layer2.8.conv1,0.046117
109,36,layer2.8.conv2,0.0501044
109,37,layer3.0.conv1,0.064148
109,38,layer3.0.conv2,0.0984997
109,39,layer3.1.conv1,0.114457
109,40,layer3.1.conv2,0.103522
109,41,layer3.2.conv1,0.0823465
109,42,layer3.2.conv2,0.0647228
109,43,layer3.3.conv1,0.0553596
109,44,layer3.3.conv2,0.0482032
109,45,layer3.4.conv1,0.0474637
109,46,layer3.4.conv2,0.049517
109,47,layer3.5.conv1,0.050925
109,48,layer3.5.conv2,0.0543485
109,49,layer3.6.conv1,0.0611706
109,50,layer3.6.conv2,0.0702291
109,51,layer3.7.conv1,0.0927697
109,52,layer3.7.conv2,0.113444
109,53,layer3.8.conv1,0.127669
109,54,layer3.8.conv2,0.125974
110,0,conv1,0.14328
110,1,layer1.0.conv1,0.0938277
110,2,layer1.0.conv2,0.100848
110,3,layer1.1.conv1,0.10984
110,4,layer1.1.conv2,0.110704
110,5,layer1.2.conv1,0.0972891
110,6,layer1.2.conv2,0.0908804
110,7,layer1.3.conv1,0.103821
110,8,layer1.3.conv2,0.102514
110,9,layer1.4.conv1,0.107067
110,10,layer1.4.conv2,0.107293
110,11,layer1.5.conv1,0.113491
110,12,layer1.5.conv2,0.115425
110,13,layer1.6.conv1,0.111328
110,14,layer1.6.conv2,0.120605
110,15,layer1.7.conv1,0.120271
110,16,layer1.7.conv2,0.12828
110,17,layer1.8.conv1,0.146571
110,18,layer1.8.conv2,0.180049
110,19,layer2.0.conv1,0.231904
110,20,layer2.0.conv2,0.310732
110,21,layer2.1.conv1,0.337036
110,22,layer2.1.conv2,0.363979
110,23,layer2.2.conv1,0.369846
110,24,layer2.2.conv2,0.364887
110,25,layer2.3.conv1,0.34599
110,26,layer2.3.conv2,0.302947
110,27,layer2.4.conv1,0.266308
110,28,layer2.4.conv2,0.223847
110,29,layer2.5.conv1,0.200049
110,30,layer2.5.conv2,0.16707
110,31,layer2.6.conv1,0.118436
110,32,layer2.6.conv2,0.0936186
110,33,layer2.7.conv1,0.070862
110,34,layer2.7.conv2,0.0536822
110,35,layer2.8.conv1,0.0491443
110,36,layer2.8.conv2,0.0515681
110,37,layer3.0.conv1,0.0701711
110,38,layer3.0.conv2,0.105526
110,39,layer3.1.conv1,0.120203
110,40,layer3.1.conv2,0.109094
110,41,layer3.2.conv1,0.0882022
110,42,layer3.2.conv2,0.0692091
110,43,layer3.3.conv1,0.0588944
110,44,layer3.3.conv2,0.0521021
110,45,layer3.4.conv1,0.0515545
110,46,layer3.4.conv2,0.0533577
110,47,layer3.5.conv1,0.0549131
110,48,layer3.5.conv2,0.0576745
110,49,layer3.6.conv1,0.0645345
110,50,layer3.6.conv2,0.0755591
110,51,layer3.7.conv1,0.100685
110,52,layer3.7.conv2,0.124898
110,53,layer3.8.conv1,0.139385
110,54,layer3.8.conv2,0.137642
111,0,conv1,0.128488
111,1,layer1.0.conv1,0.087234
111,2,layer1.0.conv2,0.0957529
111,3,layer1.1.conv1,0.100017
111,4,layer1.1.conv2,0.0975201
111,5,layer1.2.conv1,0.0913455
111,6,layer1.2.conv2,0.0821363
111,7,layer1.3.conv1,0.0939
111,8,layer1.3.conv2,0.0967422
111,9,layer1.4.conv1,0.104177
111,10,layer1.4.conv2,0.102899
111,11,layer1.5.conv1,0.10517
111,12,layer1.5.conv2,0.107903
111,13,layer1.6.conv1,0.107154
111,14,layer1.6.conv2,0.115166
111,15,layer1.7.conv1,0.115059
111,16,layer1.7.conv2,0.12092
111,17,layer1.8.conv1,0.137905
111,18,layer1.8.conv2,0.161199
111,19,layer2.0.conv1,0.219852
111,20,layer2.0.conv2,0.29133
111,21,layer2.1.conv1,0.321138
111,22,layer2.1.conv2,0.345945
111,23,layer2.2.conv1,0.35382
111,24,layer2.2.conv2,0.345686
111,25,layer2.3.conv1,0.329898
111,26,layer2.3.conv2,0.292659
111,27,layer2.4.conv1,0.257468
111,28,layer2.4.conv2,0.217915
111,29,layer2.5.conv1,0.195063
111,30,layer2.5.conv2,0.160474
111,31,layer2.6.conv1,0.115834
111,32,layer2.6.conv2,0.0917721
111,33,layer2.7.conv1,0.0716438
111,34,layer2.7.conv2,0.0540009
111,35,layer2.8.conv1,0.0501906
111,36,layer2.8.conv2,0.0534283
111,37,layer3.0.conv1,0.071784
111,38,layer3.0.conv2,0.107075
111,39,layer3.1.conv1,0.120987
111,40,layer3.1.conv2,0.109033
111,41,layer3.2.conv1,0.0887685
111,42,layer3.2.conv2,0.0690803
111,43,layer3.3.conv1,0.0576432
111,44,layer3.3.conv2,0.049895
111,45,layer3.4.conv1,0.0490004
111,46,layer3.4.conv2,0.0505461
111,47,layer3.5.conv1,0.0519249
111,48,layer3.5.conv2,0.0560341
111,49,layer3.6.conv1,0.0643084
111,50,layer3.6.conv2,0.0746105
111,51,layer3.7.conv1,0.0989996
111,52,layer3.7.conv2,0.121431
111,53,layer3.8.conv1,0.138566
111,54,layer3.8.conv2,0.135085
112,0,conv1,0.133079
112,1,layer1.0.conv1,0.0847902
112,2,layer1.0.conv2,0.0929166
112,3,layer1.1.conv1,0.0990203
112,4,layer1.1.conv2,0.102772
112,5,layer1.2.conv1,0.0910349
112,6,layer1.2.conv2,0.0824316
112,7,layer1.3.conv1,0.0938657
112,8,layer1.3.conv2,0.0907616
112,9,layer1.4.conv1,0.100766
112,10,layer1.4.conv2,0.103745
112,11,layer1.5.conv1,0.109284
112,12,layer1.5.conv2,0.109957
112,13,layer1.6.conv1,0.105485
112,14,layer1.6.conv2,0.115881
112,15,layer1.7.conv1,0.116195
112,16,layer1.7.conv2,0.12255
112,17,layer1.8.conv1,0.145525
112,18,layer1.8.conv2,0.171833
112,19,layer2.0.conv1,0.228527
112,20,layer2.0.conv2,0.304707
112,21,layer2.1.conv1,0.331401
112,22,layer2.1.conv2,0.361301
112,23,layer2.2.conv1,0.36939
112,24,layer2.2.conv2,0.362256
112,25,layer2.3.conv1,0.339688
112,26,layer2.3.conv2,0.301922
112,27,layer2.4.conv1,0.26465
112,28,layer2.4.conv2,0.221489
112,29,layer2.5.conv1,0.198814
112,30,layer2.5.conv2,0.16776
112,31,layer2.6.conv1,0.119344
112,32,layer2.6.conv2,0.0939591
112,33,layer2.7.conv1,0.0681247
112,34,layer2.7.conv2,0.0521431
112,35,layer2.8.conv1,0.0485452
112,36,layer2.8.conv2,0.0515045
112,37,layer3.0.conv1,0.0675648
112,38,layer3.0.conv2,0.10511
112,39,layer3.1.conv1,0.121481
112,40,layer3.1.conv2,0.110518
112,41,layer3.2.conv1,0.0894668
112,42,layer3.2.conv2,0.0703474
112,43,layer3.3.conv1,0.0581707
112,44,layer3.3.conv2,0.0497067
112,45,layer3.4.conv1,0.0493374
112,46,layer3.4.conv2,0.0512832
112,47,layer3.5.conv1,0.0534082
112,48,layer3.5.conv2,0.0568754
112,49,layer3.6.conv1,0.0636087
112,50,layer3.6.conv2,0.0759576
112,51,layer3.7.conv1,0.101914
112,52,layer3.7.conv2,0.124564
112,53,layer3.8.conv1,0.138778
112,54,layer3.8.conv2,0.136752
113,0,conv1,0.125223
113,1,layer1.0.conv1,0.0895996
113,2,layer1.0.conv2,0.0960332
113,3,layer1.1.conv1,0.104518
113,4,layer1.1.conv2,0.108196
113,5,layer1.2.conv1,0.0974459
113,6,layer1.2.conv2,0.0901185
113,7,layer1.3.conv1,0.100974
113,8,layer1.3.conv2,0.101037
113,9,layer1.4.conv1,0.109162
113,10,layer1.4.conv2,0.107648
113,11,layer1.5.conv1,0.109519
113,12,layer1.5.conv2,0.112719
113,13,layer1.6.conv1,0.113442
113,14,layer1.6.conv2,0.116912
113,15,layer1.7.conv1,0.11828
113,16,layer1.7.conv2,0.12358
113,17,layer1.8.conv1,0.145515
113,18,layer1.8.conv2,0.172412
113,19,layer2.0.conv1,0.228615
113,20,layer2.0.conv2,0.29906
113,21,layer2.1.conv1,0.324356
113,22,layer2.1.conv2,0.351737
113,23,layer2.2.conv1,0.356491
113,24,layer2.2.conv2,0.349391
113,25,layer2.3.conv1,0.337243
113,26,layer2.3.conv2,0.300497
113,27,layer2.4.conv1,0.265114
113,28,layer2.4.conv2,0.221692
113,29,layer2.5.conv1,0.197195
113,30,layer2.5.conv2,0.161323
113,31,layer2.6.conv1,0.115785
113,32,layer2.6.conv2,0.0863475
113,33,layer2.7.conv1,0.0670814
113,34,layer2.7.conv2,0.050655
113,35,layer2.8.conv1,0.0470631
113,36,layer2.8.conv2,0.0513937
113,37,layer3.0.conv1,0.0656679
113,38,layer3.0.conv2,0.105034
113,39,layer3.1.conv1,0.119779
113,40,layer3.1.conv2,0.108441
113,41,layer3.2.conv1,0.0884908
113,42,layer3.2.conv2,0.0697979
113,43,layer3.3.conv1,0.0585499
113,44,layer3.3.conv2,0.0520635
113,45,layer3.4.conv1,0.0518684
113,46,layer3.4.conv2,0.0538392
113,47,layer3.5.conv1,0.0541489
113,48,layer3.5.conv2,0.0581265
113,49,layer3.6.conv1,0.064776
113,50,layer3.6.conv2,0.0733951
113,51,layer3.7.conv1,0.0956044
113,52,layer3.7.conv2,0.117818
113,53,layer3.8.conv1,0.132871
113,54,layer3.8.conv2,0.130357
114,0,conv1,0.12432
114,1,layer1.0.conv1,0.0813806
114,2,layer1.0.conv2,0.0879831
114,3,layer1.1.conv1,0.0900949
114,4,layer1.1.conv2,0.091655
114,5,layer1.2.conv1,0.0798764
114,6,layer1.2.conv2,0.0793123
114,7,layer1.3.conv1,0.0823876
114,8,layer1.3.conv2,0.0856262
114,9,layer1.4.conv1,0.0906531
114,10,layer1.4.conv2,0.0922771
114,11,layer1.5.conv1,0.0996489
114,12,layer1.5.conv2,0.0985989
114,13,layer1.6.conv1,0.0980989
114,14,layer1.6.conv2,0.108422
114,15,layer1.7.conv1,0.108495
114,16,layer1.7.conv2,0.116562
114,17,layer1.8.conv1,0.132648
114,18,layer1.8.conv2,0.159314
114,19,layer2.0.conv1,0.213779
114,20,layer2.0.conv2,0.280134
114,21,layer2.1.conv1,0.307797
114,22,layer2.1.conv2,0.339191
114,23,layer2.2.conv1,0.346576
114,24,layer2.2.conv2,0.342447
114,25,layer2.3.conv1,0.323956
114,26,layer2.3.conv2,0.284902
114,27,layer2.4.conv1,0.248588
114,28,layer2.4.conv2,0.207157
114,29,layer2.5.conv1,0.183694
114,30,layer2.5.conv2,0.152523
114,31,layer2.6.conv1,0.110069
114,32,layer2.6.conv2,0.0860945
114,33,layer2.7.conv1,0.065512
114,34,layer2.7.conv2,0.0487768
114,35,layer2.8.conv1,0.0447588
114,36,layer2.8.conv2,0.0475014
114,37,layer3.0.conv1,0.0641094
114,38,layer3.0.conv2,0.099543
114,39,layer3.1.conv1,0.115299
114,40,layer3.1.conv2,0.10384
114,41,layer3.2.conv1,0.0836466
114,42,layer3.2.conv2,0.0650062
114,43,layer3.3.conv1,0.0534309
114,44,layer3.3.conv2,0.0468081
114,45,layer3.4.conv1,0.0465394
114,46,layer3.4.conv2,0.048436
114,47,layer3.5.conv1,0.0498706
114,48,layer3.5.conv2,0.0543264
114,49,layer3.6.conv1,0.06136
114,50,layer3.6.conv2,0.0709626
114,51,layer3.7.conv1,0.0928642
114,52,layer3.7.conv2,0.115616
114,53,layer3.8.conv1,0.131863
114,54,layer3.8.conv2,0.12966
115,0,conv1,0.135723
115,1,layer1.0.conv1,0.0925322
115,2,layer1.0.conv2,0.103618
115,3,layer1.1.conv1,0.105428
115,4,layer1.1.conv2,0.107016
115,5,layer1.2.conv1,0.0966054
115,6,layer1.2.conv2,0.090307
115,7,layer1.3.conv1,0.100022
115,8,layer1.3.conv2,0.102427
115,9,layer1.4.conv1,0.113671
115,10,layer1.4.conv2,0.106766
115,11,layer1.5.conv1,0.111423
115,12,layer1.5.conv2,0.115074
115,13,layer1.6.conv1,0.112802
115,14,layer1.6.conv2,0.122336
115,15,layer1.7.conv1,0.124557
115,16,layer1.7.conv2,0.130739
115,17,layer1.8.conv1,0.151738
115,18,layer1.8.conv2,0.174827
115,19,layer2.0.conv1,0.227382
115,20,layer2.0.conv2,0.308327
115,21,layer2.1.conv1,0.339286
115,22,layer2.1.conv2,0.369106
115,23,layer2.2.conv1,0.375069
115,24,layer2.2.conv2,0.365897
115,25,layer2.3.conv1,0.353924
115,26,layer2.3.conv2,0.314622
115,27,layer2.4.conv1,0.277028
115,28,layer2.4.conv2,0.235484
115,29,layer2.5.conv1,0.210397
115,30,layer2.5.conv2,0.17261
115,31,layer2.6.conv1,0.121174
115,32,layer2.6.conv2,0.0940929
115,33,layer2.7.conv1,0.0695492
115,34,layer2.7.conv2,0.053793
115,35,layer2.8.conv1,0.0504945
115,36,layer2.8.conv2,0.0520538
115,37,layer3.0.conv1,0.069244
115,38,layer3.0.conv2,0.109224
115,39,layer3.1.conv1,0.12298
115,40,layer3.1.conv2,0.11024
115,41,layer3.2.conv1,0.0880531
115,42,layer3.2.conv2,0.0675464
115,43,layer3.3.conv1,0.0556723
115,44,layer3.3.conv2,0.0488492
115,45,layer3.4.conv1,0.0484168
115,46,layer3.4.conv2,0.0505671
115,47,layer3.5.conv1,0.0517692
115,48,layer3.5.conv2,0.0552559
115,49,layer3.6.conv1,0.0623651
115,50,layer3.6.conv2,0.0733985
115,51,layer3.7.conv1,0.0989312
115,52,layer3.7.conv2,0.125259
115,53,layer3.8.conv1,0.142717
115,54,layer3.8.conv2,0.140424
116,0,conv1,0.125608
116,1,layer1.0.conv1,0.0856147
116,2,layer1.0.conv2,0.0954203
116,3,layer1.1.conv1,0.10123
116,4,layer1.1.conv2,0.100377
116,5,layer1.2.conv1,0.0920114
116,6,layer1.2.conv2,0.0849822
116,7,layer1.3.conv1,0.0916667
116,8,layer1.3.conv2,0.0941122
116,9,layer1.4.conv1,0.102874
116,10,layer1.4.conv2,0.102661
116,11,layer1.5.conv1,0.106723
116,12,layer1.5.conv2,0.112173
116,13,layer1.6.conv1,0.110136
116,14,layer1.6.conv2,0.11422
116,15,layer1.7.conv1,0.113694
116,16,layer1.7.conv2,0.122086
116,17,layer1.8.conv1,0.142232
116,18,layer1.8.conv2,0.173115
116,19,layer2.0.conv1,0.234506
116,20,layer2.0.conv2,0.31088
116,21,layer2.1.conv1,0.334353
116,22,layer2.1.conv2,0.365985
116,23,layer2.2.conv1,0.371421
116,24,layer2.2.conv2,0.364237
116,25,layer2.3.conv1,0.344135
116,26,layer2.3.conv2,0.312725
116,27,layer2.4.conv1,0.271488
116,28,layer2.4.conv2,0.226885
116,29,layer2.5.conv1,0.20494
116,30,layer2.5.conv2,0.168495
116,31,layer2.6.conv1,0.119347
116,32,layer2.6.conv2,0.0920349
116,33,layer2.7.conv1,0.0697088
116,34,layer2.7.conv2,0.0502258
116,35,layer2.8.conv1,0.0451673
116,36,layer2.8.conv2,0.0476381
116,37,layer3.0.conv1,0.064672
116,38,layer3.0.conv2,0.105056
116,39,layer3.1.conv1,0.122486
116,40,layer3.1.conv2,0.11198
116,41,layer3.2.conv1,0.0903924
116,42,layer3.2.conv2,0.0714924
116,43,layer3.3.conv1,0.0605771
116,44,layer3.3.conv2,0.0524048
116,45,layer3.4.conv1,0.0517795
116,46,layer3.4.conv2,0.0527985
116,47,layer3.5.conv1,0.0550498
116,48,layer3.5.conv2,0.0571896
116,49,layer3.6.conv1,0.0638745
116,50,layer3.6.conv2,0.0736001
116,51,layer3.7.conv1,0.0976244
116,52,layer3.7.conv2,0.122394
116,53,layer3.8.conv1,0.142301
116,54,layer3.8.conv2,0.137425
117,0,conv1,0.134451
117,1,layer1.0.conv1,0.0892471
117,2,layer1.0.conv2,0.103452
117,3,layer1.1.conv1,0.107456
117,4,layer1.1.conv2,0.104275
117,5,layer1.2.conv1,0.0957726
117,6,layer1.2.conv2,0.0891411
117,7,layer1.3.conv1,0.0993089
117,8,layer1.3.conv2,0.102187
117,9,layer1.4.conv1,0.114435
117,10,layer1.4.conv2,0.112665
117,11,layer1.5.conv1,0.114925
117,12,layer1.5.conv2,0.118869
117,13,layer1.6.conv1,0.117151
117,14,layer1.6.conv2,0.126356
117,15,layer1.7.conv1,0.128326
117,16,layer1.7.conv2,0.130985
117,17,layer1.8.conv1,0.151095
117,18,layer1.8.conv2,0.178029
117,19,layer2.0.conv1,0.242141
117,20,layer2.0.conv2,0.318789
117,21,layer2.1.conv1,0.349802
117,22,layer2.1.conv2,0.381087
117,23,layer2.2.conv1,0.387265
117,24,layer2.2.conv2,0.376402
117,25,layer2.3.conv1,0.352265
117,26,layer2.3.conv2,0.314761
117,27,layer2.4.conv1,0.271018
117,28,layer2.4.conv2,0.22804
117,29,layer2.5.conv1,0.206819
117,30,layer2.5.conv2,0.16867
117,31,layer2.6.conv1,0.119839
117,32,layer2.6.conv2,0.0928569
117,33,layer2.7.conv1,0.0706126
117,34,layer2.7.conv2,0.0541225
117,35,layer2.8.conv1,0.0476498
117,36,layer2.8.conv2,0.0506996
117,37,layer3.0.conv1,0.0694066
117,38,layer3.0.conv2,0.110622
117,39,layer3.1.conv1,0.12813
117,40,layer3.1.conv2,0.114458
117,41,layer3.2.conv1,0.0923764
117,42,layer3.2.conv2,0.0716377
117,43,layer3.3.conv1,0.0602159
117,44,layer3.3.conv2,0.051803
117,45,layer3.4.conv1,0.0503577
117,46,layer3.4.conv2,0.0520934
117,47,layer3.5.conv1,0.0531916
117,48,layer3.5.conv2,0.0564947
117,49,layer3.6.conv1,0.064767
117,50,layer3.6.conv2,0.0755908
117,51,layer3.7.conv1,0.101779
117,52,layer3.7.conv2,0.126465
117,53,layer3.8.conv1,0.144772
117,54,layer3.8.conv2,0.140076
118,0,conv1,0.145057
118,1,layer1.0.conv1,0.0905802
118,2,layer1.0.conv2,0.0988295
118,3,layer1.1.conv1,0.106444
118,4,layer1.1.conv2,0.108682
118,5,layer1.2.conv1,0.098371
118,6,layer1.2.conv2,0.0922164
118,7,layer1.3.conv1,0.104667
118,8,layer1.3.conv2,0.104265
118,9,layer1.4.conv1,0.116132
118,10,layer1.4.conv2,0.113888
118,11,layer1.5.conv1,0.115138
118,12,layer1.5.conv2,0.115894
118,13,layer1.6.conv1,0.113504
118,14,layer1.6.conv2,0.122338
118,15,layer1.7.conv1,0.121747
118,16,layer1.7.conv2,0.127341
118,17,layer1.8.conv1,0.150087
118,18,layer1.8.conv2,0.177519
118,19,layer2.0.conv1,0.240438
118,20,layer2.0.conv2,0.315633
118,21,layer2.1.conv1,0.342449
118,22,layer2.1.conv2,0.373807
118,23,layer2.2.conv1,0.385123
118,24,layer2.2.conv2,0.378621
118,25,layer2.3.conv1,0.358454
118,26,layer2.3.conv2,0.324332
118,27,layer2.4.conv1,0.287688
118,28,layer2.4.conv2,0.241934
118,29,layer2.5.conv1,0.213469
118,30,layer2.5.conv2,0.179962
118,31,layer2.6.conv1,0.129028
118,32,layer2.6.conv2,0.103078
118,33,layer2.7.conv1,0.0817229
118,34,layer2.7.conv2,0.0636851
118,35,layer2.8.conv1,0.0568801
118,36,layer2.8.conv2,0.0580929
118,37,layer3.0.conv1,0.0738942
118,38,layer3.0.conv2,0.115777
118,39,layer3.1.conv1,0.131977
118,40,layer3.1.conv2,0.11919
118,41,layer3.2.conv1,0.0960232
118,42,layer3.2.conv2,0.0762038
118,43,layer3.3.conv1,0.0642247
118,44,layer3.3.conv2,0.0556363
118,45,layer3.4.conv1,0.0549299
118,46,layer3.4.conv2,0.0566496
118,47,layer3.5.conv1,0.058269
118,48,layer3.5.conv2,0.0620057
118,49,layer3.6.conv1,0.0697607
118,50,layer3.6.conv2,0.0820789
118,51,layer3.7.conv1,0.106993
118,52,layer3.7.conv2,0.132566
118,53,layer3.8.conv1,0.152618
118,54,layer3.8.conv2,0.148626
119,0,conv1,0.134554
119,1,layer1.0.conv1,0.0902157
119,2,layer1.0.conv2,0.104998
119,3,layer1.1.conv1,0.103279
119,4,layer1.1.conv2,0.108111
119,5,layer1.2.conv1,0.0970442
119,6,layer1.2.conv2,0.0879475
119,7,layer1.3.conv1,0.0991365
119,8,layer1.3.conv2,0.102463
119,9,layer1.4.conv1,0.114539
119,10,layer1.4.conv2,0.113327
119,11,layer1.5.conv1,0.116627
119,12,layer1.5.conv2,0.117865
119,13,layer1.6.conv1,0.113808
119,14,layer1.6.conv2,0.124758
119,15,layer1.7.conv1,0.125413
119,16,layer1.7.conv2,0.134121
119,17,layer1.8.conv1,0.163225
119,18,layer1.8.conv2,0.182102
119,19,layer2.0.conv1,0.241765
119,20,layer2.0.conv2,0.31642
119,21,layer2.1.conv1,0.340855
119,22,layer2.1.conv2,0.382937
119,23,layer2.2.conv1,0.382517
119,24,layer2.2.conv2,0.37326
119,25,layer2.3.conv1,0.353058
119,26,layer2.3.conv2,0.317227
119,27,layer2.4.conv1,0.278545
119,28,layer2.4.conv2,0.234495
119,29,layer2.5.conv1,0.210554
119,30,layer2.5.conv2,0.179689
119,31,layer2.6.conv1,0.125877
119,32,layer2.6.conv2,0.100529
119,33,layer2.7.conv1,0.0783437
119,34,layer2.7.conv2,0.0623366
119,35,layer2.8.conv1,0.0557347
119,36,layer2.8.conv2,0.0587707
119,37,layer3.0.conv1,0.0727902
119,38,layer3.0.conv2,0.112339
119,39,layer3.1.conv1,0.126524
119,40,layer3.1.conv2,0.115652
119,41,layer3.2.conv1,0.0911896
119,42,layer3.2.conv2,0.0699878
119,43,layer3.3.conv1,0.0590379
119,44,layer3.3.conv2,0.0503636
119,45,layer3.4.conv1,0.0486049
119,46,layer3.4.conv2,0.0503301
119,47,layer3.5.conv1,0.0531435
119,48,layer3.5.conv2,0.0571315
119,49,layer3.6.conv1,0.0658878
119,50,layer3.6.conv2,0.0778562
119,51,layer3.7.conv1,0.103074
119,52,layer3.7.conv2,0.128378
119,53,layer3.8.conv1,0.145656
119,54,layer3.8.conv2,0.141926
120,0,conv1,0.131901
120,1,layer1.0.conv1,0.0899776
120,2,layer1.0.conv2,0.0943148
120,3,layer1.1.conv1,0.102274
120,4,layer1.1.conv2,0.11307
120,5,layer1.2.conv1,0.0991015
120,6,layer1.2.conv2,0.0942467
120,7,layer1.3.conv1,0.102752
120,8,layer1.3.conv2,0.105757
120,9,layer1.4.conv1,0.12084
120,10,layer1.4.conv2,0.11523
120,11,layer1.5.conv1,0.117258
120,12,layer1.5.conv2,0.118295
120,13,layer1.6.conv1,0.117229
120,14,layer1.6.conv2,0.125566
120,15,layer1.7.conv1,0.130321
120,16,layer1.7.conv2,0.134454
120,17,layer1.8.conv1,0.162242
120,18,layer1.8.conv2,0.189698
120,19,layer2.0.conv1,0.251131
120,20,layer2.0.conv2,0.328997
120,21,layer2.1.conv1,0.353531
120,22,layer2.1.conv2,0.387651
120,23,layer2.2.conv1,0.393669
120,24,layer2.2.conv2,0.387446
120,25,layer2.3.conv1,0.374991
120,26,layer2.3.conv2,0.33813
120,27,layer2.4.conv1,0.289399
120,28,layer2.4.conv2,0.245619
120,29,layer2.5.conv1,0.217744
120,30,layer2.5.conv2,0.184451
120,31,layer2.6.conv1,0.129156
120,32,layer2.6.conv2,0.0982488
120,33,layer2.7.conv1,0.0718146
120,34,layer2.7.conv2,0.0563609
120,35,layer2.8.conv1,0.0512967
120,36,layer2.8.conv2,0.053831
120,37,layer3.0.conv1,0.0720956
120,38,layer3.0.conv2,0.116402
120,39,layer3.1.conv1,0.1323
120,40,layer3.1.conv2,0.120188
120,41,layer3.2.conv1,0.0950611
120,42,layer3.2.conv2,0.0731219
120,43,layer3.3.conv1,0.0605775
120,44,layer3.3.conv2,0.0528578
120,45,layer3.4.conv1,0.0523974
120,46,layer3.4.conv2,0.0541921
120,47,layer3.5.conv1,0.056603
120,48,layer3.5.conv2,0.0591863
120,49,layer3.6.conv1,0.0670667
120,50,layer3.6.conv2,0.0790997
120,51,layer3.7.conv1,0.104743
120,52,layer3.7.conv2,0.131552
120,53,layer3.8.conv1,0.15016
120,54,layer3.8.conv2,0.147173
121,0,conv1,0.116796
121,1,layer1.0.conv1,0.0857763
121,2,layer1.0.conv2,0.0972242
121,3,layer1.1.conv1,0.0968175
121,4,layer1.1.conv2,0.1028
121,5,layer1.2.conv1,0.0887852
121,6,layer1.2.conv2,0.0816667
121,7,layer1.3.conv1,0.0909648
121,8,layer1.3.conv2,0.0936415
121,9,layer1.4.conv1,0.108306
121,10,layer1.4.conv2,0.107698
121,11,layer1.5.conv1,0.113352
121,12,layer1.5.conv2,0.113966
121,13,layer1.6.conv1,0.117483
121,14,layer1.6.conv2,0.119825
121,15,layer1.7.conv1,0.121084
121,16,layer1.7.conv2,0.129206
121,17,layer1.8.conv1,0.156967
121,18,layer1.8.conv2,0.182284
121,19,layer2.0.conv1,0.242757
121,20,layer2.0.conv2,0.317634
121,21,layer2.1.conv1,0.351075
121,22,layer2.1.conv2,0.382692
121,23,layer2.2.conv1,0.386087
121,24,layer2.2.conv2,0.37999
121,25,layer2.3.conv1,0.357945
121,26,layer2.3.conv2,0.317166
121,27,layer2.4.conv1,0.283257
121,28,layer2.4.conv2,0.240925
121,29,layer2.5.conv1,0.218514
121,30,layer2.5.conv2,0.177062
121,31,layer2.6.conv1,0.126468
121,32,layer2.6.conv2,0.100038
121,33,layer2.7.conv1,0.0748471
121,34,layer2.7.conv2,0.0551598
121,35,layer2.8.conv1,0.0488413
121,36,layer2.8.conv2,0.0511822
121,37,layer3.0.conv1,0.0706918
121,38,layer3.0.conv2,0.11412
121,39,layer3.1.conv1,0.130227
121,40,layer3.1.conv2,0.118616
121,41,layer3.2.conv1,0.0921188
121,42,layer3.2.conv2,0.0705725
121,43,layer3.3.conv1,0.0583932
121,44,layer3.3.conv2,0.0513283
121,45,layer3.4.conv1,0.0499251
121,46,layer3.4.conv2,0.0518321
121,47,layer3.5.conv1,0.0530548
121,48,layer3.5.conv2,0.0565146
121,49,layer3.6.conv1,0.0642366
121,50,layer3.6.conv2,0.0751496
121,51,layer3.7.conv1,0.099609
121,52,layer3.7.conv2,0.122142
121,53,layer3.8.conv1,0.139963
121,54,layer3.8.conv2,0.137403
122,0,conv1,0.134696
122,1,layer1.0.conv1,0.0944871
122,2,layer1.0.conv2,0.101389
122,3,layer1.1.conv1,0.113683
122,4,layer1.1.conv2,0.111464
122,5,layer1.2.conv1,0.0991673
122,6,layer1.2.conv2,0.0926171
122,7,layer1.3.conv1,0.109673
122,8,layer1.3.conv2,0.110085
122,9,layer1.4.conv1,0.122535
122,10,layer1.4.conv2,0.117811
122,11,layer1.5.conv1,0.121481
122,12,layer1.5.conv2,0.120494
122,13,layer1.6.conv1,0.116148
122,14,layer1.6.conv2,0.128207
122,15,layer1.7.conv1,0.124613
122,16,layer1.7.conv2,0.131457
122,17,layer1.8.conv1,0.159959
122,18,layer1.8.conv2,0.189242
122,19,layer2.0.conv1,0.245573
122,20,layer2.0.conv2,0.324224
122,21,layer2.1.conv1,0.354153
122,22,layer2.1.conv2,0.392601
122,23,layer2.2.conv1,0.397074
122,24,layer2.2.conv2,0.386262
122,25,layer2.3.conv1,0.365361
122,26,layer2.3.conv2,0.326547
122,27,layer2.4.conv1,0.290082
122,28,layer2.4.conv2,0.24669
122,29,layer2.5.conv1,0.216737
122,30,layer2.5.conv2,0.175393
122,31,layer2.6.conv1,0.128857
122,32,layer2.6.conv2,0.0990746
122,33,layer2.7.conv1,0.0761988
122,34,layer2.7.conv2,0.0593592
122,35,layer2.8.conv1,0.0535766
122,36,layer2.8.conv2,0.0559783
122,37,layer3.0.conv1,0.0721789
122,38,layer3.0.conv2,0.112874
122,39,layer3.1.conv1,0.127776
122,40,layer3.1.conv2,0.115996
122,41,layer3.2.conv1,0.0938367
122,42,layer3.2.conv2,0.0732334
122,43,layer3.3.conv1,0.062219
122,44,layer3.3.conv2,0.053667
122,45,layer3.4.conv1,0.0525186
122,46,layer3.4.conv2,0.0538275
122,47,layer3.5.conv1,0.055904
122,48,layer3.5.conv2,0.0594156
122,49,layer3.6.conv1,0.0669961
122,50,layer3.6.conv2,0.0779955
122,51,layer3.7.conv1,0.104976
122,52,layer3.7.conv2,0.132063
122,53,layer3.8.conv1,0.150887
122,54,layer3.8.conv2,0.145325
123,0,conv1,0.130419
123,1,layer1.0.conv1,0.0961247
123,2,layer1.0.conv2,0.0982478
123,3,layer1.1.conv1,0.11064
123,4,layer1.1.conv2,0.108875
123,5,layer1.2.conv1,0.0963165
123,6,layer1.2.conv2,0.0895046
123,7,layer1.3.conv1,0.0967623
123,8,layer1.3.conv2,0.106749
123,9,layer1.4.conv1,0.119125
123,10,layer1.4.conv2,0.110336
123,11,layer1.5.conv1,0.119987
123,12,layer1.5.conv2,0.121626
123,13,layer1.6.conv1,0.117887
123,14,layer1.6.conv2,0.127446
123,15,layer1.7.conv1,0.128177
123,16,layer1.7.conv2,0.133883
123,17,layer1.8.conv1,0.160452
123,18,layer1.8.conv2,0.188514
123,19,layer2.0.conv1,0.248329
123,20,layer2.0.conv2,0.32905
123,21,layer2.1.conv1,0.36339
123,22,layer2.1.conv2,0.389677
123,23,layer2.2.conv1,0.392643
123,24,layer2.2.conv2,0.387672
123,25,layer2.3.conv1,0.372798
123,26,layer2.3.conv2,0.332248
123,27,layer2.4.conv1,0.291213
123,28,layer2.4.conv2,0.251464
123,29,layer2.5.conv1,0.224509
123,30,layer2.5.conv2,0.187992
123,31,layer2.6.conv1,0.134808
123,32,layer2.6.conv2,0.106154
123,33,layer2.7.conv1,0.0783436
123,34,layer2.7.conv2,0.0564277
123,35,layer2.8.conv1,0.0512449
123,36,layer2.8.conv2,0.0546755
123,37,layer3.0.conv1,0.0733941
123,38,layer3.0.conv2,0.118546
123,39,layer3.1.conv1,0.133248
123,40,layer3.1.conv2,0.118812
123,41,layer3.2.conv1,0.0969975
123,42,layer3.2.conv2,0.0761891
123,43,layer3.3.conv1,0.0639817
123,44,layer3.3.conv2,0.0547808
123,45,layer3.4.conv1,0.0533731
123,46,layer3.4.conv2,0.0548418
123,47,layer3.5.conv1,0.0570136
123,48,layer3.5.conv2,0.0607962
123,49,layer3.6.conv1,0.0684409
123,50,layer3.6.conv2,0.0806204
123,51,layer3.7.conv1,0.108047
123,52,layer3.7.conv2,0.132873
123,53,layer3.8.conv1,0.150287
123,54,layer3.8.conv2,0.143178
124,0,conv1,0.136228
124,1,layer1.0.conv1,0.0870808
124,2,layer1.0.conv2,0.100423
124,3,layer1.1.conv1,0.105015
124,4,layer1.1.conv2,0.101871
124,5,layer1.2.conv1,0.095636
124,6,layer1.2.conv2,0.0874247
124,7,layer1.3.conv1,0.0964936
124,8,layer1.3.conv2,0.103166
124,9,layer1.4.conv1,0.114997
124,10,layer1.4.conv2,0.108501
124,11,layer1.5.conv1,0.114336
124,12,layer1.5.conv2,0.114112
124,13,layer1.6.conv1,0.110178
124,14,layer1.6.conv2,0.117852
124,15,layer1.7.conv1,0.118809
124,16,layer1.7.conv2,0.127053
124,17,layer1.8.conv1,0.148326
124,18,layer1.8.conv2,0.176543
124,19,layer2.0.conv1,0.23361
124,20,layer2.0.conv2,0.3132
124,21,layer2.1.conv1,0.342515
124,22,layer2.1.conv2,0.378985
124,23,layer2.2.conv1,0.38796
124,24,layer2.2.conv2,0.380934
124,25,layer2.3.conv1,0.359883
124,26,layer2.3.conv2,0.326846
124,27,layer2.4.conv1,0.285861
124,28,layer2.4.conv2,0.245661
124,29,layer2.5.conv1,0.210266
124,30,layer2.5.conv2,0.171888
124,31,layer2.6.conv1,0.123163
124,32,layer2.6.conv2,0.0958687
124,33,layer2.7.conv1,0.073226
124,34,layer2.7.conv2,0.0582082
124,35,layer2.8.conv1,0.0541411
124,36,layer2.8.conv2,0.0556617
124,37,layer3.0.conv1,0.0716096
124,38,layer3.0.conv2,0.11264
124,39,layer3.1.conv1,0.127657
124,40,layer3.1.conv2,0.11393
124,41,layer3.2.conv1,0.0932645
124,42,layer3.2.conv2,0.071755
124,43,layer3.3.conv1,0.0607926
124,44,layer3.3.conv2,0.052793
124,45,layer3.4.conv1,0.052177
124,46,layer3.4.conv2,0.0536531
124,47,layer3.5.conv1,0.0561121
124,48,layer3.5.conv2,0.0592198
124,49,layer3.6.conv1,0.0673891
124,50,layer3.6.conv2,0.0793855
124,51,layer3.7.conv1,0.1045
124,52,layer3.7.conv2,0.127869
124,53,layer3.8.conv1,0.145242
124,54,layer3.8.conv2,0.142825
125,0,conv1,0.114325
125,1,layer1.0.conv1,0.0801428
125,2,layer1.0.conv2,0.0860804
125,3,layer1.1.conv1,0.0951085
125,4,layer1.1.conv2,0.0915907
125,5,layer1.2.conv1,0.0884568
125,6,layer1.2.conv2,0.0800132
125,7,layer1.3.conv1,0.0885857
125,8,layer1.3.conv2,0.0928307
125,9,layer1.4.conv1,0.102312
125,10,layer1.4.conv2,0.0996146
125,11,layer1.5.conv1,0.104673
125,12,layer1.5.conv2,0.10511
125,13,layer1.6.conv1,0.102476
125,14,layer1.6.conv2,0.11251
125,15,layer1.7.conv1,0.113804
125,16,layer1.7.conv2,0.121133
125,17,layer1.8.conv1,0.143855
125,18,layer1.8.conv2,0.165357
125,19,layer2.0.conv1,0.219568
125,20,layer2.0.conv2,0.290321
125,21,layer2.1.conv1,0.314139
125,22,layer2.1.conv2,0.345285
125,23,layer2.2.conv1,0.350619
125,24,layer2.2.conv2,0.345315
125,25,layer2.3.conv1,0.328832
125,26,layer2.3.conv2,0.290127
125,27,layer2.4.conv1,0.256525
125,28,layer2.4.conv2,0.220982
125,29,layer2.5.conv1,0.194015
125,30,layer2.5.conv2,0.16326
125,31,layer2.6.conv1,0.118768
125,32,layer2.6.conv2,0.0951902
125,33,layer2.7.conv1,0.0688203
125,34,layer2.7.conv2,0.0494902
125,35,layer2.8.conv1,0.0439639
125,36,layer2.8.conv2,0.0473798
125,37,layer3.0.conv1,0.0645061
125,38,layer3.0.conv2,0.10115
125,39,layer3.1.conv1,0.115435
125,40,layer3.1.conv2,0.102424
125,41,layer3.2.conv1,0.0808435
125,42,layer3.2.conv2,0.063312
125,43,layer3.3.conv1,0.0533809
125,44,layer3.3.conv2,0.0462422
125,45,layer3.4.conv1,0.0458978
125,46,layer3.4.conv2,0.0480648
125,47,layer3.5.conv1,0.0498917
125,48,layer3.5.conv2,0.0529961
125,49,layer3.6.conv1,0.059766
125,50,layer3.6.conv2,0.0694435
125,51,layer3.7.conv1,0.092426
125,52,layer3.7.conv2,0.114915
125,53,layer3.8.conv1,0.128387
125,54,layer3.8.conv2,0.123052
126,0,conv1,0.125264
126,1,layer1.0.conv1,0.0859697
126,2,layer1.0.conv2,0.0928459
126,3,layer1.1.conv1,0.100009
126,4,layer1.1.conv2,0.109984
126,5,layer1.2.conv1,0.0944551
126,6,layer1.2.conv2,0.0888491
126,7,layer1.3.conv1,0.0967502
126,8,layer1.3.conv2,0.100056
126,9,layer1.4.conv1,0.114355
126,10,layer1.4.conv2,0.109947
126,11,layer1.5.conv1,0.112011
126,12,layer1.5.conv2,0.115775
126,13,layer1.6.conv1,0.112224
126,14,layer1.6.conv2,0.117934
126,15,layer1.7.conv1,0.121338
126,16,layer1.7.conv2,0.126979
126,17,layer1.8.conv1,0.144429
126,18,layer1.8.conv2,0.179093
126,19,layer2.0.conv1,0.235224
126,20,layer2.0.conv2,0.310814
126,21,layer2.1.conv1,0.341451
126,22,layer2.1.conv2,0.374303
126,23,layer2.2.conv1,0.375174
126,24,layer2.2.conv2,0.368085
126,25,layer2.3.conv1,0.351018
126,26,layer2.3.conv2,0.312738
126,27,layer2.4.conv1,0.279059
126,28,layer2.4.conv2,0.236059
126,29,layer2.5.conv1,0.208964
126,30,layer2.5.conv2,0.174483
126,31,layer2.6.conv1,0.125814
126,32,layer2.6.conv2,0.101166
126,33,layer2.7.conv1,0.0723925
126,34,layer2.7.conv2,0.0540288
126,35,layer2.8.conv1,0.0479803
126,36,layer2.8.conv2,0.0501411
126,37,layer3.0.conv1,0.0671788
126,38,layer3.0.conv2,0.110198
126,39,layer3.1.conv1,0.126448
126,40,layer3.1.conv2,0.113172
126,41,layer3.2.conv1,0.089736
126,42,layer3.2.conv2,0.0685128
126,43,layer3.3.conv1,0.0563734
126,44,layer3.3.conv2,0.048562
126,45,layer3.4.conv1,0.0479542
126,46,layer3.4.conv2,0.0494759
126,47,layer3.5.conv1,0.0521547
126,48,layer3.5.conv2,0.0553743
126,49,layer3.6.conv1,0.0635791
126,50,layer3.6.conv2,0.0745383
126,51,layer3.7.conv1,0.101286
126,52,layer3.7.conv2,0.124957
126,53,layer3.8.conv1,0.139874
126,54,layer3.8.conv2,0.134758
127,0,conv1,0.116737
127,1,layer1.0.conv1,0.0839549
127,2,layer1.0.conv2,0.0936737
127,3,layer1.1.conv1,0.0947835
127,4,layer1.1.conv2,0.0974864
127,5,layer1.2.conv1,0.0913303
127,6,layer1.2.conv2,0.0792358
127,7,layer1.3.conv1,0.0924414
127,8,layer1.3.conv2,0.0951808
127,9,layer1.4.conv1,0.104154
127,10,layer1.4.conv2,0.100836
127,11,layer1.5.conv1,0.108758
127,12,layer1.5.conv2,0.113254
127,13,layer1.6.conv1,0.110988
127,14,layer1.6.conv2,0.119372
127,15,layer1.7.conv1,0.115093
127,16,layer1.7.conv2,0.124185
127,17,layer1.8.conv1,0.149678
127,18,layer1.8.conv2,0.172227
127,19,layer2.0.conv1,0.225808
127,20,layer2.0.conv2,0.292253
127,21,layer2.1.conv1,0.324024
127,22,layer2.1.conv2,0.349811
127,23,layer2.2.conv1,0.352939
127,24,layer2.2.conv2,0.347807
127,25,layer2.3.conv1,0.334797
127,26,layer2.3.conv2,0.299188
127,27,layer2.4.conv1,0.266504
127,28,layer2.4.conv2,0.222205
127,29,layer2.5.conv1,0.196235
127,30,layer2.5.conv2,0.161011
127,31,layer2.6.conv1,0.111744
127,32,layer2.6.conv2,0.0898947
127,33,layer2.7.conv1,0.0665208
127,34,layer2.7.conv2,0.0476561
127,35,layer2.8.conv1,0.0426392
127,36,layer2.8.conv2,0.0456399
127,37,layer3.0.conv1,0.061581
127,38,layer3.0.conv2,0.10112
127,39,layer3.1.conv1,0.114375
127,40,layer3.1.conv2,0.102481
127,41,layer3.2.conv1,0.0812189
127,42,layer3.2.conv2,0.0630055
127,43,layer3.3.conv1,0.0516821
127,44,layer3.3.conv2,0.0449835
127,45,layer3.4.conv1,0.0440647
127,46,layer3.4.conv2,0.0455127
127,47,layer3.5.conv1,0.0479108
127,48,layer3.5.conv2,0.0516639
127,49,layer3.6.conv1,0.0584057
127,50,layer3.6.conv2,0.0692457
127,51,layer3.7.conv1,0.0926552
127,52,layer3.7.conv2,0.113657
127,53,layer3.8.conv1,0.12819
127,54,layer3.8.conv2,0.122586
128,0,conv1,0.140528
128,1,layer1.0.conv1,0.0912046
128,2,layer1.0.conv2,0.100032
128,3,layer1.1.conv1,0.106307
128,4,layer1.1.conv2,0.109191
128,5,layer1.2.conv1,0.0983823
128,6,layer1.2.conv2,0.0869932
128,7,layer1.3.conv1,0.0950426
128,8,layer1.3.conv2,0.102722
128,9,layer1.4.conv1,0.11659
128,10,layer1.4.conv2,0.110437
128,11,layer1.5.conv1,0.113966
128,12,layer1.5.conv2,0.1213
128,13,layer1.6.conv1,0.112905
128,14,layer1.6.conv2,0.122265
128,15,layer1.7.conv1,0.124625
128,16,layer1.7.conv2,0.130535
128,17,layer1.8.conv1,0.151646
128,18,layer1.8.conv2,0.182399
128,19,layer2.0.conv1,0.244621
128,20,layer2.0.conv2,0.321243
128,21,layer2.1.conv1,0.347028
128,22,layer2.1.conv2,0.382998
128,23,layer2.2.conv1,0.389716
128,24,layer2.2.conv2,0.386586
128,25,layer2.3.conv1,0.368975
128,26,layer2.3.conv2,0.328173
128,27,layer2.4.conv1,0.28881
128,28,layer2.4.conv2,0.252249
128,29,layer2.5.conv1,0.218016
128,30,layer2.5.conv2,0.180849
128,31,layer2.6.conv1,0.129638
128,32,layer2.6.conv2,0.103493
128,33,layer2.7.conv1,0.0808781
128,34,layer2.7.conv2,0.0588278
128,35,layer2.8.conv1,0.0535405
128,36,layer2.8.conv2,0.056
128,37,layer3.0.conv1,0.0740667
128,38,layer3.0.conv2,0.114494
128,39,layer3.1.conv1,0.13108
128,40,layer3.1.conv2,0.117803
128,41,layer3.2.conv1,0.0937827
128,42,layer3.2.conv2,0.0731006
128,43,layer3.3.conv1,0.0616134
128,44,layer3.3.conv2,0.0528961
128,45,layer3.4.conv1,0.0515579
128,46,layer3.4.conv2,0.0532962
128,47,layer3.5.conv1,0.0556207
128,48,layer3.5.conv2,0.0603036
128,49,layer3.6.conv1,0.0668931
128,50,layer3.6.conv2,0.0776276
128,51,layer3.7.conv1,0.1038
128,52,layer3.7.conv2,0.127213
128,53,layer3.8.conv1,0.143712
128,54,layer3.8.conv2,0.138231
129,0,conv1,0.136837
129,1,layer1.0.conv1,0.0846373
129,2,layer1.0.conv2,0.0982615
129,3,layer1.1.conv1,0.101425
129,4,layer1.1.conv2,0.102713
129,5,layer1.2.conv1,0.0917519
129,6,layer1.2.conv2,0.0809086
129,7,layer1.3.conv1,0.0913159
129,8,layer1.3.conv2,0.0958496
129,9,layer1.4.conv1,0.111232
129,10,layer1.4.conv2,0.107342
129,11,layer1.5.conv1,0.11239
129,12,layer1.5.conv2,0.112885
129,13,layer1.6.conv1,0.111286
129,14,layer1.6.conv2,0.117567
129,15,layer1.7.conv1,0.11757
129,16,layer1.7.conv2,0.125466
129,17,layer1.8.conv1,0.145516
129,18,layer1.8.conv2,0.177828
129,19,layer2.0.conv1,0.23835
129,20,layer2.0.conv2,0.317042
129,21,layer2.1.conv1,0.343285
129,22,layer2.1.conv2,0.378068
129,23,layer2.2.conv1,0.379702
129,24,layer2.2.conv2,0.372961
129,25,layer2.3.conv1,0.351072
129,26,layer2.3.conv2,0.31876
129,27,layer2.4.conv1,0.275255
129,28,layer2.4.conv2,0.237097
129,29,layer2.5.conv1,0.207172
129,30,layer2.5.conv2,0.170933
129,31,layer2.6.conv1,0.121855
129,32,layer2.6.conv2,0.0930581
129,33,layer2.7.conv1,0.0686449
129,34,layer2.7.conv2,0.0499548
129,35,layer2.8.conv1,0.0448276
129,36,layer2.8.conv2,0.0475249
129,37,layer3.0.conv1,0.0640527
129,38,layer3.0.conv2,0.104918
129,39,layer3.1.conv1,0.118316
129,40,layer3.1.conv2,0.10567
129,41,layer3.2.conv1,0.0841231
129,42,layer3.2.conv2,0.0647325
129,43,layer3.3.conv1,0.0548992
129,44,layer3.3.conv2,0.0473948
129,45,layer3.4.conv1,0.0464371
129,46,layer3.4.conv2,0.0487625
129,47,layer3.5.conv1,0.0512415
129,48,layer3.5.conv2,0.0545086
129,49,layer3.6.conv1,0.0602077
129,50,layer3.6.conv2,0.0706157
129,51,layer3.7.conv1,0.0958346
129,52,layer3.7.conv2,0.119169
129,53,layer3.8.conv1,0.137383
129,54,layer3.8.conv2,0.135564
130,0,conv1,0.12979
130,1,layer1.0.conv1,0.0873589
130,2,layer1.0.conv2,0.0987655
130,3,layer1.1.conv1,0.106473
130,4,layer1.1.conv2,0.106434
130,5,layer1.2.conv1,0.0933128
130,6,layer1.2.conv2,0.0879546
130,7,layer1.3.conv1,0.0945014
130,8,layer1.3.conv2,0.1007
130,9,layer1.4.conv1,0.112977
130,10,layer1.4.conv2,0.112067
130,11,layer1.5.conv1,0.114397
130,12,layer1.5.conv2,0.116814
130,13,layer1.6.conv1,0.112083
130,14,layer1.6.conv2,0.123401
130,15,layer1.7.conv1,0.124658
130,16,layer1.7.conv2,0.129591
130,17,layer1.8.conv1,0.148805
130,18,layer1.8.conv2,0.178304
130,19,layer2.0.conv1,0.240436
130,20,layer2.0.conv2,0.32085
130,21,layer2.1.conv1,0.350111
130,22,layer2.1.conv2,0.38059
130,23,layer2.2.conv1,0.383753
130,24,layer2.2.conv2,0.370506
130,25,layer2.3.conv1,0.353742
130,26,layer2.3.conv2,0.316865
130,27,layer2.4.conv1,0.277102
130,28,layer2.4.conv2,0.239054
130,29,layer2.5.conv1,0.20751
130,30,layer2.5.conv2,0.168724
130,31,layer2.6.conv1,0.123269
130,32,layer2.6.conv2,0.0997085
130,33,layer2.7.conv1,0.0781309
130,34,layer2.7.conv2,0.0587836
130,35,layer2.8.conv1,0.0538636
130,36,layer2.8.conv2,0.0567615
130,37,layer3.0.conv1,0.070619
130,38,layer3.0.conv2,0.111146
130,39,layer3.1.conv1,0.124483
130,40,layer3.1.conv2,0.109997
130,41,layer3.2.conv1,0.0861149
130,42,layer3.2.conv2,0.0664492
130,43,layer3.3.conv1,0.0553858
130,44,layer3.3.conv2,0.0479037
130,45,layer3.4.conv1,0.0471392
130,46,layer3.4.conv2,0.0486694
130,47,layer3.5.conv1,0.0520873
130,48,layer3.5.conv2,0.05519
130,49,layer3.6.conv1,0.0623553
130,50,layer3.6.conv2,0.0736122
130,51,layer3.7.conv1,0.096673
130,52,layer3.7.conv2,0.117668
130,53,layer3.8.conv1,0.133894
130,54,layer3.8.conv2,0.130126
131,0,conv1,0.119382
131,1,layer1.0.conv1,0.0900504
131,2,layer1.0.conv2,0.101109
131,3,layer1.1.conv1,0.111865
131,4,layer1.1.conv2,0.110182
131,5,layer1.2.conv1,0.100936
131,6,layer1.2.conv2,0.0875708
131,7,layer1.3.conv1,0.0998287
131,8,layer1.3.conv2,0.10478
131,9,layer1.4.conv1,0.116017
131,10,layer1.4.conv2,0.113801
131,11,layer1.5.conv1,0.119056
131,12,layer1.5.conv2,0.120989
131,13,layer1.6.conv1,0.118978
131,14,layer1.6.conv2,0.124382
131,15,layer1.7.conv1,0.12492
131,16,layer1.7.conv2,0.130804
131,17,layer1.8.conv1,0.158241
131,18,layer1.8.conv2,0.183591
131,19,layer2.0.conv1,0.250983
131,20,layer2.0.conv2,0.336998
131,21,layer2.1.conv1,0.362089
131,22,layer2.1.conv2,0.392083
131,23,layer2.2.conv1,0.396682
131,24,layer2.2.conv2,0.397739
131,25,layer2.3.conv1,0.37655
131,26,layer2.3.conv2,0.339842
131,27,layer2.4.conv1,0.294732
131,28,layer2.4.conv2,0.254225
131,29,layer2.5.conv1,0.222258
131,30,layer2.5.conv2,0.187954
131,31,layer2.6.conv1,0.132046
131,32,layer2.6.conv2,0.104935
131,33,layer2.7.conv1,0.0785077
131,34,layer2.7.conv2,0.0572968
131,35,layer2.8.conv1,0.0518386
131,36,layer2.8.conv2,0.0546061
131,37,layer3.0.conv1,0.0733538
131,38,layer3.0.conv2,0.11697
131,39,layer3.1.conv1,0.134244
131,40,layer3.1.conv2,0.119079
131,41,layer3.2.conv1,0.0955624
131,42,layer3.2.conv2,0.07435
131,43,layer3.3.conv1,0.0621514
131,44,layer3.3.conv2,0.052196
131,45,layer3.4.conv1,0.050497
131,46,layer3.4.conv2,0.052542
131,47,layer3.5.conv1,0.0548576
131,48,layer3.5.conv2,0.0588768
131,49,layer3.6.conv1,0.0663072
131,50,layer3.6.conv2,0.0785689
131,51,layer3.7.conv1,0.106146
131,52,layer3.7.conv2,0.132574
131,53,layer3.8.conv1,0.150611
131,54,layer3.8.conv2,0.145384
132,0,conv1,0.129619
132,1,layer1.0.conv1,0.0899173
132,2,layer1.0.conv2,0.104038
132,3,layer1.1.conv1,0.112199
132,4,layer1.1.conv2,0.110352
132,5,layer1.2.conv1,0.0978696
132,6,layer1.2.conv2,0.0908423
132,7,layer1.3.conv1,0.100183
132,8,layer1.3.conv2,0.108052
132,9,layer1.4.conv1,0.120072
132,10,layer1.4.conv2,0.114332
132,11,layer1.5.conv1,0.118295
132,12,layer1.5.conv2,0.121316
132,13,layer1.6.conv1,0.117578
132,14,layer1.6.conv2,0.127165
132,15,layer1.7.conv1,0.128422
132,16,layer1.7.conv2,0.134766
132,17,layer1.8.conv1,0.157425
132,18,layer1.8.conv2,0.183145
132,19,layer2.0.conv1,0.240674
132,20,layer2.0.conv2,0.322036
132,21,layer2.1.conv1,0.355887
132,22,layer2.1.conv2,0.390615
132,23,layer2.2.conv1,0.393284
132,24,layer2.2.conv2,0.389232
132,25,layer2.3.conv1,0.369321
132,26,layer2.3.conv2,0.32777
132,27,layer2.4.conv1,0.288429
132,28,layer2.4.conv2,0.240799
132,29,layer2.5.conv1,0.210731
132,30,layer2.5.conv2,0.172438
132,31,layer2.6.conv1,0.124047
132,32,layer2.6.conv2,0.0976867
132,33,layer2.7.conv1,0.0745796
132,34,layer2.7.conv2,0.057238
132,35,layer2.8.conv1,0.0489407
132,36,layer2.8.conv2,0.0508715
132,37,layer3.0.conv1,0.0679854
132,38,layer3.0.conv2,0.109828
132,39,layer3.1.conv1,0.123665
132,40,layer3.1.conv2,0.111989
132,41,layer3.2.conv1,0.0882334
132,42,layer3.2.conv2,0.0682447
132,43,layer3.3.conv1,0.0570247
132,44,layer3.3.conv2,0.0497368
132,45,layer3.4.conv1,0.0482983
132,46,layer3.4.conv2,0.0495484
132,47,layer3.5.conv1,0.0525855
132,48,layer3.5.conv2,0.0547231
132,49,layer3.6.conv1,0.0623784
132,50,layer3.6.conv2,0.0743384
132,51,layer3.7.conv1,0.100407
132,52,layer3.7.conv2,0.124369
132,53,layer3.8.conv1,0.13871
132,54,layer3.8.conv2,0.134842
133,0,conv1,0.128247
133,1,layer1.0.conv1,0.0884521
133,2,layer1.0.conv2,0.0975873
133,3,layer1.1.conv1,0.104126
133,4,layer1.1.conv2,0.108957
133,5,layer1.2.conv1,0.100731
133,6,layer1.2.conv2,0.0885321
133,7,layer1.3.conv1,0.095898
133,8,layer1.3.conv2,0.105111
133,9,layer1.4.conv1,0.116343
133,10,layer1.4.conv2,0.111288
133,11,layer1.5.conv1,0.120431
133,12,layer1.5.conv2,0.118102
133,13,layer1.6.conv1,0.114652
133,14,layer1.6.conv2,0.125262
133,15,layer1.7.conv1,0.127578
133,16,layer1.7.conv2,0.133336
133,17,layer1.8.conv1,0.151328
133,18,layer1.8.conv2,0.176366
133,19,layer2.0.conv1,0.24074
133,20,layer2.0.conv2,0.319322
133,21,layer2.1.conv1,0.347271
133,22,layer2.1.conv2,0.377157
133,23,layer2.2.conv1,0.38473
133,24,layer2.2.conv2,0.379278
133,25,layer2.3.conv1,0.365986
133,26,layer2.3.conv2,0.327732
133,27,layer2.4.conv1,0.293227
133,28,layer2.4.conv2,0.252259
133,29,layer2.5.conv1,0.218329
133,30,layer2.5.conv2,0.178981
133,31,layer2.6.conv1,0.129186
133,32,layer2.6.conv2,0.101284
133,33,layer2.7.conv1,0.0767408
133,34,layer2.7.conv2,0.0563478
133,35,layer2.8.conv1,0.0495874
133,36,layer2.8.conv2,0.0508834
133,37,layer3.0.conv1,0.0689126
133,38,layer3.0.conv2,0.112003
133,39,layer3.1.conv1,0.129596
133,40,layer3.1.conv2,0.115058
133,41,layer3.2.conv1,0.0911408
133,42,layer3.2.conv2,0.070831
133,43,layer3.3.conv1,0.0595897
133,44,layer3.3.conv2,0.0502744
133,45,layer3.4.conv1,0.0491462
133,46,layer3.4.conv2,0.0512448
133,47,layer3.5.conv1,0.0544316
133,48,layer3.5.conv2,0.0579085
133,49,layer3.6.conv1,0.0659409
133,50,layer3.6.conv2,0.0781677
133,51,layer3.7.conv1,0.103169
133,52,layer3.7.conv2,0.127927
133,53,layer3.8.conv1,0.145533
133,54,layer3.8.conv2,0.137517
134,0,conv1,0.136165
134,1,layer1.0.conv1,0.0900551
134,2,layer1.0.conv2,0.105019
134,3,layer1.1.conv1,0.115575
134,4,layer1.1.conv2,0.1143
134,5,layer1.2.conv1,0.100911
134,6,layer1.2.conv2,0.0966118
134,7,layer1.3.conv1,0.107085
134,8,layer1.3.conv2,0.109913
134,9,layer1.4.conv1,0.122147
134,10,layer1.4.conv2,0.121376
134,11,layer1.5.conv1,0.127731
134,12,layer1.5.conv2,0.127089
134,13,layer1.6.conv1,0.121488
134,14,layer1.6.conv2,0.131139
134,15,layer1.7.conv1,0.134925
134,16,layer1.7.conv2,0.143869
134,17,layer1.8.conv1,0.170246
134,18,layer1.8.conv2,0.19731
134,19,layer2.0.conv1,0.255749
134,20,layer2.0.conv2,0.337219
134,21,layer2.1.conv1,0.371379
134,22,layer2.1.conv2,0.408997
134,23,layer2.2.conv1,0.410397
134,24,layer2.2.conv2,0.399151
134,25,layer2.3.conv1,0.379104
134,26,layer2.3.conv2,0.339118
134,27,layer2.4.conv1,0.300477
134,28,layer2.4.conv2,0.257181
134,29,layer2.5.conv1,0.224983
134,30,layer2.5.conv2,0.186873
134,31,layer2.6.conv1,0.137894
134,32,layer2.6.conv2,0.115152
134,33,layer2.7.conv1,0.0838403
134,34,layer2.7.conv2,0.0605693
134,35,layer2.8.conv1,0.0527754
134,36,layer2.8.conv2,0.0558583
134,37,layer3.0.conv1,0.0746575
134,38,layer3.0.conv2,0.119753
134,39,layer3.1.conv1,0.137372
134,40,layer3.1.conv2,0.122516
134,41,layer3.2.conv1,0.0965091
134,42,layer3.2.conv2,0.0750539
134,43,layer3.3.conv1,0.0624751
134,44,layer3.3.conv2,0.0533425
134,45,layer3.4.conv1,0.0516933
134,46,layer3.4.conv2,0.0539018
134,47,layer3.5.conv1,0.0560267
134,48,layer3.5.conv2,0.0599624
134,49,layer3.6.conv1,0.0664786
134,50,layer3.6.conv2,0.0790478
134,51,layer3.7.conv1,0.105442
134,52,layer3.7.conv2,0.129932
134,53,layer3.8.conv1,0.147939
134,54,layer3.8.conv2,0.145015
135,0,conv1,0.137449
135,1,layer1.0.conv1,0.0909988
135,2,layer1.0.conv2,0.104125
135,3,layer1.1.conv1,0.107559
135,4,layer1.1.conv2,0.105986
135,5,layer1.2.conv1,0.095851
135,6,layer1.2.conv2,0.0876126
135,7,layer1.3.conv1,0.0991478
135,8,layer1.3.conv2,0.100412
135,9,layer1.4.conv1,0.120157
135,10,layer1.4.conv2,0.113647
135,11,layer1.5.conv1,0.116944
135,12,layer1.5.conv2,0.115931
135,13,layer1.6.conv1,0.115189
135,14,layer1.6.conv2,0.122207
135,15,layer1.7.conv1,0.126703
135,16,layer1.7.conv2,0.131899
135,17,layer1.8.conv1,0.157955
135,18,layer1.8.conv2,0.182657
135,19,layer2.0.conv1,0.243757
135,20,layer2.0.conv2,0.32455
135,21,layer2.1.conv1,0.353979
135,22,layer2.1.conv2,0.386157
135,23,layer2.2.conv1,0.389765
135,24,layer2.2.conv2,0.388618
135,25,layer2.3.conv1,0.365571
135,26,layer2.3.conv2,0.332084
135,27,layer2.4.conv1,0.294306
135,28,layer2.4.conv2,0.24968
135,29,layer2.5.conv1,0.214292
135,30,layer2.5.conv2,0.175992
135,31,layer2.6.conv1,0.13003
135,32,layer2.6.conv2,0.100887
135,33,layer2.7.conv1,0.0749624
135,34,layer2.7.conv2,0.0542901
135,35,layer2.8.conv1,0.0479088
135,36,layer2.8.conv2,0.0502749
135,37,layer3.0.conv1,0.0688388
135,38,layer3.0.conv2,0.114072
135,39,layer3.1.conv1,0.128461
135,40,layer3.1.conv2,0.115698
135,41,layer3.2.conv1,0.0914826
135,42,layer3.2.conv2,0.0702623
135,43,layer3.3.conv1,0.05873
135,44,layer3.3.conv2,0.0508386
135,45,layer3.4.conv1,0.0496059
135,46,layer3.4.conv2,0.0509263
135,47,layer3.5.conv1,0.053258
135,48,layer3.5.conv2,0.0565711
135,49,layer3.6.conv1,0.0627307
135,50,layer3.6.conv2,0.0734959
135,51,layer3.7.conv1,0.0981879
135,52,layer3.7.conv2,0.122303
135,53,layer3.8.conv1,0.140391
135,54,layer3.8.conv2,0.134468
136,0,conv1,0.126568
136,1,layer1.0.conv1,0.0865526
136,2,layer1.0.conv2,0.0974593
136,3,layer1.1.conv1,0.1029
136,4,layer1.1.conv2,0.10842
136,5,layer1.2.conv1,0.0911157
136,6,layer1.2.conv2,0.0862136
136,7,layer1.3.conv1,0.0923478
136,8,layer1.3.conv2,0.0988351
136,9,layer1.4.conv1,0.111421
136,10,layer1.4.conv2,0.106035
136,11,layer1.5.conv1,0.115005
136,12,layer1.5.conv2,0.116175
136,13,layer1.6.conv1,0.116604
136,14,layer1.6.conv2,0.122445
136,15,layer1.7.conv1,0.125263
136,16,layer1.7.conv2,0.131659
136,17,layer1.8.conv1,0.151203
136,18,layer1.8.conv2,0.183393
136,19,layer2.0.conv1,0.247813
136,20,layer2.0.conv2,0.327531
136,21,layer2.1.conv1,0.357876
136,22,layer2.1.conv2,0.389816
136,23,layer2.2.conv1,0.395829
136,24,layer2.2.conv2,0.390686
136,25,layer2.3.conv1,0.373724
136,26,layer2.3.conv2,0.337371
136,27,layer2.4.conv1,0.301686
136,28,layer2.4.conv2,0.257091
136,29,layer2.5.conv1,0.22418
136,30,layer2.5.conv2,0.186316
136,31,layer2.6.conv1,0.137588
136,32,layer2.6.conv2,0.109441
136,33,layer2.7.conv1,0.0808493
136,34,layer2.7.conv2,0.058245
136,35,layer2.8.conv1,0.0500317
136,36,layer2.8.conv2,0.0529062
136,37,layer3.0.conv1,0.070373
136,38,layer3.0.conv2,0.114004
136,39,layer3.1.conv1,0.132851
136,40,layer3.1.conv2,0.119034
136,41,layer3.2.conv1,0.0964063
136,42,layer3.2.conv2,0.0756233
136,43,layer3.3.conv1,0.0635411
136,44,layer3.3.conv2,0.0544716
136,45,layer3.4.conv1,0.0540504
136,46,layer3.4.conv2,0.0553177
136,47,layer3.5.conv1,0.058283
136,48,layer3.5.conv2,0.0609926
136,49,layer3.6.conv1,0.0683714
136,50,layer3.6.conv2,0.0802641
136,51,layer3.7.conv1,0.106197
136,52,layer3.7.conv2,0.130763
136,53,layer3.8.conv1,0.147398
136,54,layer3.8.conv2,0.14268
137,0,conv1,0.126914
137,1,layer1.0.conv1,0.0913674
137,2,layer1.0.conv2,0.101356
137,3,layer1.1.conv1,0.108965
137,4,layer1.1.conv2,0.107239
137,5,layer1.2.conv1,0.0956411
137,6,layer1.2.conv2,0.0877919
137,7,layer1.3.conv1,0.0993797
137,8,layer1.3.conv2,0.0999992
137,9,layer1.4.conv1,0.117881
137,10,layer1.4.conv2,0.111565
137,11,layer1.5.conv1,0.115618
137,12,layer1.5.conv2,0.117822
137,13,layer1.6.conv1,0.114431
137,14,layer1.6.conv2,0.121512
137,15,layer1.7.conv1,0.12576
137,16,layer1.7.conv2,0.129841
137,17,layer1.8.conv1,0.153508
137,18,layer1.8.conv2,0.18039
137,19,layer2.0.conv1,0.243297
137,20,layer2.0.conv2,0.321468
137,21,layer2.1.conv1,0.356323
137,22,layer2.1.conv2,0.380649
137,23,layer2.2.conv1,0.384647
137,24,layer2.2.conv2,0.378843
137,25,layer2.3.conv1,0.355348
137,26,layer2.3.conv2,0.321392
137,27,layer2.4.conv1,0.286698
137,28,layer2.4.conv2,0.242407
137,29,layer2.5.conv1,0.211489
137,30,layer2.5.conv2,0.178024
137,31,layer2.6.conv1,0.131078
137,32,layer2.6.conv2,0.0987147
137,33,layer2.7.conv1,0.0718012
137,34,layer2.7.conv2,0.052628
137,35,layer2.8.conv1,0.04689
137,36,layer2.8.conv2,0.0500671
137,37,layer3.0.conv1,0.0696339
137,38,layer3.0.conv2,0.11073
137,39,layer3.1.conv1,0.124811
137,40,layer3.1.conv2,0.113464
137,41,layer3.2.conv1,0.089924
137,42,layer3.2.conv2,0.0688585
137,43,layer3.3.conv1,0.0568107
137,44,layer3.3.conv2,0.0482662
137,45,layer3.4.conv1,0.0472157
137,46,layer3.4.conv2,0.04807
137,47,layer3.5.conv1,0.0504149
137,48,layer3.5.conv2,0.0543438
137,49,layer3.6.conv1,0.0610676
137,50,layer3.6.conv2,0.0726511
137,51,layer3.7.conv1,0.0991838
137,52,layer3.7.conv2,0.12029
137,53,layer3.8.conv1,0.13491
137,54,layer3.8.conv2,0.126388
138,0,conv1,0.134609
138,1,layer1.0.conv1,0.0897163
138,2,layer1.0.conv2,0.0975415
138,3,layer1.1.conv1,0.103402
138,4,layer1.1.conv2,0.104829
138,5,layer1.2.conv1,0.0949753
138,6,layer1.2.conv2,0.0872585
138,7,layer1.3.conv1,0.0992746
138,8,layer1.3.conv2,0.101974
138,9,layer1.4.conv1,0.115776
138,10,layer1.4.conv2,0.110868
138,11,layer1.5.conv1,0.113866
138,12,layer1.5.conv2,0.114077
138,13,layer1.6.conv1,0.113531
138,14,layer1.6.conv2,0.119932
138,15,layer1.7.conv1,0.123107
138,16,layer1.7.conv2,0.132646
138,17,layer1.8.conv1,0.162207
138,18,layer1.8.conv2,0.186183
138,19,layer2.0.conv1,0.249814
138,20,layer2.0.conv2,0.330573
138,21,layer2.1.conv1,0.361603
138,22,layer2.1.conv2,0.404523
138,23,layer2.2.conv1,0.409021
138,24,layer2.2.conv2,0.395961
138,25,layer2.3.conv1,0.374808
138,26,layer2.3.conv2,0.344776
138,27,layer2.4.conv1,0.304459
138,28,layer2.4.conv2,0.258433
138,29,layer2.5.conv1,0.227864
138,30,layer2.5.conv2,0.194412
138,31,layer2.6.conv1,0.137003
138,32,layer2.6.conv2,0.10648
138,33,layer2.7.conv1,0.076649
138,34,layer2.7.conv2,0.0572579
138,35,layer2.8.conv1,0.0514925
138,36,layer2.8.conv2,0.0537809
138,37,layer3.0.conv1,0.0719935
138,38,layer3.0.conv2,0.119197
138,39,layer3.1.conv1,0.136175
138,40,layer3.1.conv2,0.120024
138,41,layer3.2.conv1,0.0932375
138,42,layer3.2.conv2,0.0716166
138,43,layer3.3.conv1,0.0600578
138,44,layer3.3.conv2,0.0512437
138,45,layer3.4.conv1,0.0504166
138,46,layer3.4.conv2,0.0517527
138,47,layer3.5.conv1,0.0539009
138,48,layer3.5.conv2,0.0576626
138,49,layer3.6.conv1,0.0653906
138,50,layer3.6.conv2,0.0777164
138,51,layer3.7.conv1,0.1055
138,52,layer3.7.conv2,0.129996
138,53,layer3.8.conv1,0.144614
138,54,layer3.8.conv2,0.136709
139,0,conv1,0.135147
139,1,layer1.0.conv1,0.0943933
139,2,layer1.0.conv2,0.101954
139,3,layer1.1.conv1,0.113767
139,4,layer1.1.conv2,0.116099
139,5,layer1.2.conv1,0.0996333
139,6,layer1.2.conv2,0.0930586
139,7,layer1.3.conv1,0.105402
139,8,layer1.3.conv2,0.105431
139,9,layer1.4.conv1,0.121771
139,10,layer1.4.conv2,0.111438
139,11,layer1.5.conv1,0.119553
139,12,layer1.5.conv2,0.123657
139,13,layer1.6.conv1,0.120836
139,14,layer1.6.conv2,0.128363
139,15,layer1.7.conv1,0.129975
139,16,layer1.7.conv2,0.133809
139,17,layer1.8.conv1,0.153791
139,18,layer1.8.conv2,0.18688
139,19,layer2.0.conv1,0.252045
139,20,layer2.0.conv2,0.332558
139,21,layer2.1.conv1,0.363473
139,22,layer2.1.conv2,0.395637
139,23,layer2.2.conv1,0.401456
139,24,layer2.2.conv2,0.398789
139,25,layer2.3.conv1,0.38379
139,26,layer2.3.conv2,0.34558
139,27,layer2.4.conv1,0.308868
139,28,layer2.4.conv2,0.263678
139,29,layer2.5.conv1,0.230675
139,30,layer2.5.conv2,0.191929
139,31,layer2.6.conv1,0.141697
139,32,layer2.6.conv2,0.109032
139,33,layer2.7.conv1,0.0825829
139,34,layer2.7.conv2,0.0600049
139,35,layer2.8.conv1,0.0541189
139,36,layer2.8.conv2,0.0560887
139,37,layer3.0.conv1,0.0741245
139,38,layer3.0.conv2,0.118141
139,39,layer3.1.conv1,0.135412
139,40,layer3.1.conv2,0.12054
139,41,layer3.2.conv1,0.0950542
139,42,layer3.2.conv2,0.0720942
139,43,layer3.3.conv1,0.0617139
139,44,layer3.3.conv2,0.0540856
139,45,layer3.4.conv1,0.0524821
139,46,layer3.4.conv2,0.0544061
139,47,layer3.5.conv1,0.0567223
139,48,layer3.5.conv2,0.059237
139,49,layer3.6.conv1,0.0670975
139,50,layer3.6.conv2,0.0781506
139,51,layer3.7.conv1,0.104045
139,52,layer3.7.conv2,0.130054
139,53,layer3.8.conv1,0.146502
139,54,layer3.8.conv2,0.139217
140,0,conv1,0.142816
140,1,layer1.0.conv1,0.0853293
140,2,layer1.0.conv2,0.101572
140,3,layer1.1.conv1,0.105183
140,4,layer1.1.conv2,0.105916
140,5,layer1.2.conv1,0.0914173
140,6,layer1.2.conv2,0.0875181
140,7,layer1.3.conv1,0.0966891
140,8,layer1.3.conv2,0.0979765
140,9,layer1.4.conv1,0.111886
140,10,layer1.4.conv2,0.109422
140,11,layer1.5.conv1,0.114181
140,12,layer1.5.conv2,0.115653
140,13,layer1.6.conv1,0.111728
140,14,layer1.6.conv2,0.123886
140,15,layer1.7.conv1,0.125642
140,16,layer1.7.conv2,0.129118
140,17,layer1.8.conv1,0.156847
140,18,layer1.8.conv2,0.18776
140,19,layer2.0.conv1,0.2478
140,20,layer2.0.conv2,0.328373
140,21,layer2.1.conv1,0.358851
140,22,layer2.1.conv2,0.395195
140,23,layer2.2.conv1,0.392802
140,24,layer2.2.conv2,0.390911
140,25,layer2.3.conv1,0.370556
140,26,layer2.3.conv2,0.337364
140,27,layer2.4.conv1,0.296571
140,28,layer2.4.conv2,0.258283
140,29,layer2.5.conv1,0.224471
140,30,layer2.5.conv2,0.187153
140,31,layer2.6.conv1,0.136565
140,32,layer2.6.conv2,0.1031
140,33,layer2.7.conv1,0.0743772
140,34,layer2.7.conv2,0.0546714
140,35,layer2.8.conv1,0.0491948
140,36,layer2.8.conv2,0.052359
140,37,layer3.0.conv1,0.0706621
140,38,layer3.0.conv2,0.114359
140,39,layer3.1.conv1,0.131428
140,40,layer3.1.conv2,0.11871
140,41,layer3.2.conv1,0.0922594
140,42,layer3.2.conv2,0.0710568
140,43,layer3.3.conv1,0.0608444
140,44,layer3.3.conv2,0.0512349
140,45,layer3.4.conv1,0.0499675
140,46,layer3.4.conv2,0.0516828
140,47,layer3.5.conv1,0.0539922
140,48,layer3.5.conv2,0.0581612
140,49,layer3.6.conv1,0.0642724
140,50,layer3.6.conv2,0.0755971
140,51,layer3.7.conv1,0.101486
140,52,layer3.7.conv2,0.126704
140,53,layer3.8.conv1,0.1418
140,54,layer3.8.conv2,0.134897
141,0,conv1,0.130147
141,1,layer1.0.conv1,0.0886267
141,2,layer1.0.conv2,0.0976774
141,3,layer1.1.conv1,0.109058
141,4,layer1.1.conv2,0.108105
141,5,layer1.2.conv1,0.0940928
141,6,layer1.2.conv2,0.0905069
141,7,layer1.3.conv1,0.0987498
141,8,layer1.3.conv2,0.102856
141,9,layer1.4.conv1,0.115274
141,10,layer1.4.conv2,0.108198
141,11,layer1.5.conv1,0.108149
141,12,layer1.5.conv2,0.11226
141,13,layer1.6.conv1,0.107513
141,14,layer1.6.conv2,0.118749
141,15,layer1.7.conv1,0.117636
141,16,layer1.7.conv2,0.125392
141,17,layer1.8.conv1,0.150034
141,18,layer1.8.conv2,0.175783
141,19,layer2.0.conv1,0.239141
141,20,layer2.0.conv2,0.311401
141,21,layer2.1.conv1,0.341622
141,22,layer2.1.conv2,0.371385
141,23,layer2.2.conv1,0.379109
141,24,layer2.2.conv2,0.374953
141,25,layer2.3.conv1,0.358454
141,26,layer2.3.conv2,0.321619
141,27,layer2.4.conv1,0.285453
141,28,layer2.4.conv2,0.246281
141,29,layer2.5.conv1,0.214699
141,30,layer2.5.conv2,0.180254
141,31,layer2.6.conv1,0.129262
141,32,layer2.6.conv2,0.100639
141,33,layer2.7.conv1,0.074037
141,34,layer2.7.conv2,0.0568086
141,35,layer2.8.conv1,0.0503875
141,36,layer2.8.conv2,0.0533806
141,37,layer3.0.conv1,0.070529
141,38,layer3.0.conv2,0.111936
141,39,layer3.1.conv1,0.129848
141,40,layer3.1.conv2,0.116696
141,41,layer3.2.conv1,0.0938382
141,42,layer3.2.conv2,0.072502
141,43,layer3.3.conv1,0.0612095
141,44,layer3.3.conv2,0.0515112
141,45,layer3.4.conv1,0.0496102
141,46,layer3.4.conv2,0.0510966
141,47,layer3.5.conv1,0.0530969
141,48,layer3.5.conv2,0.0569339
141,49,layer3.6.conv1,0.0639357
141,50,layer3.6.conv2,0.0761393
141,51,layer3.7.conv1,0.103197
141,52,layer3.7.conv2,0.126596
141,53,layer3.8.conv1,0.142462
141,54,layer3.8.conv2,0.135936
142,0,conv1,0.126622
142,1,layer1.0.conv1,0.0858004
142,2,layer1.0.conv2,0.0997379
142,3,layer1.1.conv1,0.1087
142,4,layer1.1.conv2,0.10551
142,5,layer1.2.conv1,0.0971983
142,6,layer1.2.conv2,0.0859067
142,7,layer1.3.conv1,0.0978803
142,8,layer1.3.conv2,0.0980807
142,9,layer1.4.conv1,0.113187
142,10,layer1.4.conv2,0.105991
142,11,layer1.5.conv1,0.110068
142,12,layer1.5.conv2,0.113823
142,13,layer1.6.conv1,0.111264
142,14,layer1.6.conv2,0.118041
142,15,layer1.7.conv1,0.119306
142,16,layer1.7.conv2,0.125674
142,17,layer1.8.conv1,0.149696
142,18,layer1.8.conv2,0.1769
142,19,layer2.0.conv1,0.234616
142,20,layer2.0.conv2,0.312633
142,21,layer2.1.conv1,0.34418
142,22,layer2.1.conv2,0.374944
142,23,layer2.2.conv1,0.375537
142,24,layer2.2.conv2,0.368993
142,25,layer2.3.conv1,0.355715
142,26,layer2.3.conv2,0.324386
142,27,layer2.4.conv1,0.288799
142,28,layer2.4.conv2,0.24839
142,29,layer2.5.conv1,0.220802
142,30,layer2.5.conv2,0.183984
142,31,layer2.6.conv1,0.134615
142,32,layer2.6.conv2,0.103179
142,33,layer2.7.conv1,0.076915
142,34,layer2.7.conv2,0.0552013
142,35,layer2.8.conv1,0.0490235
142,36,layer2.8.conv2,0.0521669
142,37,layer3.0.conv1,0.071823
142,38,layer3.0.conv2,0.113156
142,39,layer3.1.conv1,0.131532
142,40,layer3.1.conv2,0.118058
142,41,layer3.2.conv1,0.0936022
142,42,layer3.2.conv2,0.0705475
142,43,layer3.3.conv1,0.0585325
142,44,layer3.3.conv2,0.0505454
142,45,layer3.4.conv1,0.0496342
142,46,layer3.4.conv2,0.0508636
142,47,layer3.5.conv1,0.0531739
142,48,layer3.5.conv2,0.0560917
142,49,layer3.6.conv1,0.0628324
142,50,layer3.6.conv2,0.0746907
142,51,layer3.7.conv1,0.100787
142,52,layer3.7.conv2,0.12314
142,53,layer3.8.conv1,0.137063
142,54,layer3.8.conv2,0.132194
143,0,conv1,0.14019
143,1,layer1.0.conv1,0.0982407
143,2,layer1.0.conv2,0.111883
143,3,layer1.1.conv1,0.114799
143,4,layer1.1.conv2,0.11611
143,5,layer1.2.conv1,0.102535
143,6,layer1.2.conv2,0.0933877
143,7,layer1.3.conv1,0.100858
143,8,layer1.3.conv2,0.105779
143,9,layer1.4.conv1,0.117955
143,10,layer1.4.conv2,0.116139
143,11,layer1.5.conv1,0.120445
143,12,layer1.5.conv2,0.119468
143,13,layer1.6.conv1,0.115093
143,14,layer1.6.conv2,0.125504
143,15,layer1.7.conv1,0.127344
143,16,layer1.7.conv2,0.130451
143,17,layer1.8.conv1,0.156413
143,18,layer1.8.conv2,0.185192
143,19,layer2.0.conv1,0.251111
143,20,layer2.0.conv2,0.332853
143,21,layer2.1.conv1,0.367489
143,22,layer2.1.conv2,0.404926
143,23,layer2.2.conv1,0.408301
143,24,layer2.2.conv2,0.413935
143,25,layer2.3.conv1,0.39849
143,26,layer2.3.conv2,0.36149
143,27,layer2.4.conv1,0.310487
143,28,layer2.4.conv2,0.267249
143,29,layer2.5.conv1,0.234478
143,30,layer2.5.conv2,0.196597
143,31,layer2.6.conv1,0.142092
143,32,layer2.6.conv2,0.112759
143,33,layer2.7.conv1,0.0836466
143,34,layer2.7.conv2,0.0632139
143,35,layer2.8.conv1,0.0548342
143,36,layer2.8.conv2,0.0565748
143,37,layer3.0.conv1,0.0720685
143,38,layer3.0.conv2,0.119801
143,39,layer3.1.conv1,0.136654
143,40,layer3.1.conv2,0.122521
143,41,layer3.2.conv1,0.0973142
143,42,layer3.2.conv2,0.076632
143,43,layer3.3.conv1,0.0644132
143,44,layer3.3.conv2,0.0549801
143,45,layer3.4.conv1,0.0540756
143,46,layer3.4.conv2,0.0550995
143,47,layer3.5.conv1,0.0576423
143,48,layer3.5.conv2,0.0609624
143,49,layer3.6.conv1,0.0675684
143,50,layer3.6.conv2,0.0800506
143,51,layer3.7.conv1,0.109936
143,52,layer3.7.conv2,0.13616
143,53,layer3.8.conv1,0.152775
143,54,layer3.8.conv2,0.146202
144,0,conv1,0.12859
144,1,layer1.0.conv1,0.0915366
144,2,layer1.0.conv2,0.0991959
144,3,layer1.1.conv1,0.107729
144,4,layer1.1.conv2,0.115076
144,5,layer1.2.conv1,0.104427
144,6,layer1.2.conv2,0.0931246
144,7,layer1.3.conv1,0.0997316
144,8,layer1.3.conv2,0.105065
144,9,layer1.4.conv1,0.121998
144,10,layer1.4.conv2,0.115395
144,11,layer1.5.conv1,0.12107
144,12,layer1.5.conv2,0.123997
144,13,layer1.6.conv1,0.115396
144,14,layer1.6.conv2,0.130083
144,15,layer1.7.conv1,0.132743
144,16,layer1.7.conv2,0.138755
144,17,layer1.8.conv1,0.156072
144,18,layer1.8.conv2,0.193367
144,19,layer2.0.conv1,0.257442
144,20,layer2.0.conv2,0.342118
144,21,layer2.1.conv1,0.37198
144,22,layer2.1.conv2,0.404475
144,23,layer2.2.conv1,0.408419
144,24,layer2.2.conv2,0.404906
144,25,layer2.3.conv1,0.381886
144,26,layer2.3.conv2,0.341586
144,27,layer2.4.conv1,0.298164
144,28,layer2.4.conv2,0.255368
144,29,layer2.5.conv1,0.223427
144,30,layer2.5.conv2,0.186268
144,31,layer2.6.conv1,0.135797
144,32,layer2.6.conv2,0.108396
144,33,layer2.7.conv1,0.0770948
144,34,layer2.7.conv2,0.056927
144,35,layer2.8.conv1,0.0507981
144,36,layer2.8.conv2,0.0527816
144,37,layer3.0.conv1,0.0701883
144,38,layer3.0.conv2,0.114667
144,39,layer3.1.conv1,0.132831
144,40,layer3.1.conv2,0.120536
144,41,layer3.2.conv1,0.0954503
144,42,layer3.2.conv2,0.0738063
144,43,layer3.3.conv1,0.0624109
144,44,layer3.3.conv2,0.0534757
144,45,layer3.4.conv1,0.051845
144,46,layer3.4.conv2,0.0528472
144,47,layer3.5.conv1,0.0549215
144,48,layer3.5.conv2,0.0583513
144,49,layer3.6.conv1,0.0657232
144,50,layer3.6.conv2,0.0769945
144,51,layer3.7.conv1,0.103064
144,52,layer3.7.conv2,0.128703
144,53,layer3.8.conv1,0.146249
144,54,layer3.8.conv2,0.139766
145,0,conv1,0.129376
145,1,layer1.0.conv1,0.089278
145,2,layer1.0.conv2,0.100611
145,3,layer1.1.conv1,0.108705
145,4,layer1.1.conv2,0.113091
145,5,layer1.2.conv1,0.100545
145,6,layer1.2.conv2,0.0906337
145,7,layer1.3.conv1,0.0998581
145,8,layer1.3.conv2,0.104729
145,9,layer1.4.conv1,0.118273
145,10,layer1.4.conv2,0.113852
145,11,layer1.5.conv1,0.11398
145,12,layer1.5.conv2,0.116687
145,13,layer1.6.conv1,0.112808
145,14,layer1.6.conv2,0.124772
145,15,layer1.7.conv1,0.1272
145,16,layer1.7.conv2,0.130342
145,17,layer1.8.conv1,0.152319
145,18,layer1.8.conv2,0.184393
145,19,layer2.0.conv1,0.249065
145,20,layer2.0.conv2,0.327243
145,21,layer2.1.conv1,0.358461
145,22,layer2.1.conv2,0.389559
145,23,layer2.2.conv1,0.396062
145,24,layer2.2.conv2,0.390778
145,25,layer2.3.conv1,0.377014
145,26,layer2.3.conv2,0.340748
145,27,layer2.4.conv1,0.302633
145,28,layer2.4.conv2,0.262064
145,29,layer2.5.conv1,0.232142
145,30,layer2.5.conv2,0.191082
145,31,layer2.6.conv1,0.140202
145,32,layer2.6.conv2,0.113157
145,33,layer2.7.conv1,0.0834377
145,34,layer2.7.conv2,0.061004
145,35,layer2.8.conv1,0.0527882
145,36,layer2.8.conv2,0.0550752
145,37,layer3.0.conv1,0.0733882
145,38,layer3.0.conv2,0.11768
145,39,layer3.1.conv1,0.134302
145,40,layer3.1.conv2,0.119809
145,41,layer3.2.conv1,0.0939052
145,42,layer3.2.conv2,0.0728759
145,43,layer3.3.conv1,0.0616798
145,44,layer3.3.conv2,0.0531856
145,45,layer3.4.conv1,0.0520311
145,46,layer3.4.conv2,0.0538358
145,47,layer3.5.conv1,0.0564037
145,48,layer3.5.conv2,0.0602901
145,49,layer3.6.conv1,0.0681714
145,50,layer3.6.conv2,0.0796285
145,51,layer3.7.conv1,0.108271
145,52,layer3.7.conv2,0.13057
145,53,layer3.8.conv1,0.146336
145,54,layer3.8.conv2,0.141185
146,0,conv1,0.138892
146,1,layer1.0.conv1,0.0987158
146,2,layer1.0.conv2,0.111456
146,3,layer1.1.conv1,0.114897
146,4,layer1.1.conv2,0.111337
146,5,layer1.2.conv1,0.100348
146,6,layer1.2.conv2,0.095234
146,7,layer1.3.conv1,0.106155
146,8,layer1.3.conv2,0.107259
146,9,layer1.4.conv1,0.122317
146,10,layer1.4.conv2,0.113742
146,11,layer1.5.conv1,0.122072
146,12,layer1.5.conv2,0.12052
146,13,layer1.6.conv1,0.11599
146,14,layer1.6.conv2,0.124873
146,15,layer1.7.conv1,0.125638
146,16,layer1.7.conv2,0.131451
146,17,layer1.8.conv1,0.152548
146,18,layer1.8.conv2,0.177949
146,19,layer2.0.conv1,0.244776
146,20,layer2.0.conv2,0.327326
146,21,layer2.1.conv1,0.363423
146,22,layer2.1.conv2,0.396472
146,23,layer2.2.conv1,0.399619
146,24,layer2.2.conv2,0.391273
146,25,layer2.3.conv1,0.374919
146,26,layer2.3.conv2,0.337036
146,27,layer2.4.conv1,0.301294
146,28,layer2.4.conv2,0.264489
146,29,layer2.5.conv1,0.23358
146,30,layer2.5.conv2,0.19268
146,31,layer2.6.conv1,0.136331
146,32,layer2.6.conv2,0.107444
146,33,layer2.7.conv1,0.0766516
146,34,layer2.7.conv2,0.0541688
146,35,layer2.8.conv1,0.0471662
146,36,layer2.8.conv2,0.0503658
146,37,layer3.0.conv1,0.0702246
146,38,layer3.0.conv2,0.113933
146,39,layer3.1.conv1,0.131144
146,40,layer3.1.conv2,0.117812
146,41,layer3.2.conv1,0.092239
146,42,layer3.2.conv2,0.069983
146,43,layer3.3.conv1,0.0585697
146,44,layer3.3.conv2,0.050641
146,45,layer3.4.conv1,0.0492714
146,46,layer3.4.conv2,0.0505594
146,47,layer3.5.conv1,0.053476
146,48,layer3.5.conv2,0.0568829
146,49,layer3.6.conv1,0.064931
146,50,layer3.6.conv2,0.0762981
146,51,layer3.7.conv1,0.102286
146,52,layer3.7.conv2,0.126498
146,53,layer3.8.conv1,0.141984
146,54,layer3.8.conv2,0.134879
147,0,conv1,0.142616
147,1,layer1.0.conv1,0.0948921
147,2,layer1.0.conv2,0.105105
147,3,layer1.1.conv1,0.112291
147,4,layer1.1.conv2,0.121616
147,5,layer1.2.conv1,0.108665
147,6,layer1.2.conv2,0.093774
147,7,layer1.3.conv1,0.101667
147,8,layer1.3.conv2,0.106703
147,9,layer1.4.conv1,0.121894
147,10,layer1.4.conv2,0.116105
147,11,layer1.5.conv1,0.120097
147,12,layer1.5.conv2,0.122795
147,13,layer1.6.conv1,0.11816
147,14,layer1.6.conv2,0.128132
147,15,layer1.7.conv1,0.126558
147,16,layer1.7.conv2,0.13403
147,17,layer1.8.conv1,0.15655
147,18,layer1.8.conv2,0.18597
147,19,layer2.0.conv1,0.249023
147,20,layer2.0.conv2,0.329519
147,21,layer2.1.conv1,0.360572
147,22,layer2.1.conv2,0.39595
147,23,layer2.2.conv1,0.403984
147,24,layer2.2.conv2,0.399378
147,25,layer2.3.conv1,0.37841
147,26,layer2.3.conv2,0.346281
147,27,layer2.4.conv1,0.303924
147,28,layer2.4.conv2,0.264205
147,29,layer2.5.conv1,0.229797
147,30,layer2.5.conv2,0.193473
147,31,layer2.6.conv1,0.1416
147,32,layer2.6.conv2,0.115267
147,33,layer2.7.conv1,0.0855592
147,34,layer2.7.conv2,0.060884
147,35,layer2.8.conv1,0.0538948
147,36,layer2.8.conv2,0.0548862
147,37,layer3.0.conv1,0.0722456
147,38,layer3.0.conv2,0.119981
147,39,layer3.1.conv1,0.136532
147,40,layer3.1.conv2,0.122661
147,41,layer3.2.conv1,0.09818
147,42,layer3.2.conv2,0.0773618
147,43,layer3.3.conv1,0.0646252
147,44,layer3.3.conv2,0.0564357
147,45,layer3.4.conv1,0.0549029
147,46,layer3.4.conv2,0.0561753
147,47,layer3.5.conv1,0.0577769
147,48,layer3.5.conv2,0.0610299
147,49,layer3.6.conv1,0.0683927
147,50,layer3.6.conv2,0.0794942
147,51,layer3.7.conv1,0.104915
147,52,layer3.7.conv2,0.129919
147,53,layer3.8.conv1,0.146841
147,54,layer3.8.conv2,0.140588
148,0,conv1,0.125039
148,1,layer1.0.conv1,0.0879366
148,2,layer1.0.conv2,0.0976411
148,3,layer1.1.conv1,0.104168
148,4,layer1.1.conv2,0.105164
148,5,layer1.2.conv1,0.0970085
148,6,layer1.2.conv2,0.091773
148,7,layer1.3.conv1,0.101419
148,8,layer1.3.conv2,0.100018
148,9,layer1.4.conv1,0.119218
148,10,layer1.4.conv2,0.113961
148,11,layer1.5.conv1,0.112905
148,12,layer1.5.conv2,0.117259
148,13,layer1.6.conv1,0.113943
148,14,layer1.6.conv2,0.119817
148,15,layer1.7.conv1,0.123143
148,16,layer1.7.conv2,0.129239
148,17,layer1.8.conv1,0.151474
148,18,layer1.8.conv2,0.176604
148,19,layer2.0.conv1,0.233017
148,20,layer2.0.conv2,0.308726
148,21,layer2.1.conv1,0.341334
148,22,layer2.1.conv2,0.369835
148,23,layer2.2.conv1,0.376286
148,24,layer2.2.conv2,0.367087
148,25,layer2.3.conv1,0.347181
148,26,layer2.3.conv2,0.315547
148,27,layer2.4.conv1,0.279074
148,28,layer2.4.conv2,0.240154
148,29,layer2.5.conv1,0.213967
148,30,layer2.5.conv2,0.179507
148,31,layer2.6.conv1,0.130858
148,32,layer2.6.conv2,0.106719
148,33,layer2.7.conv1,0.0749975
148,34,layer2.7.conv2,0.0538394
148,35,layer2.8.conv1,0.0491126
148,36,layer2.8.conv2,0.0502202
148,37,layer3.0.conv1,0.0671461
148,38,layer3.0.conv2,0.112368
148,39,layer3.1.conv1,0.127982
148,40,layer3.1.conv2,0.115311
148,41,layer3.2.conv1,0.0915064
148,42,layer3.2.conv2,0.0693737
148,43,layer3.3.conv1,0.057439
148,44,layer3.3.conv2,0.0487969
148,45,layer3.4.conv1,0.0471573
148,46,layer3.4.conv2,0.0489688
148,47,layer3.5.conv1,0.0513881
148,48,layer3.5.conv2,0.0549367
148,49,layer3.6.conv1,0.0625634
148,50,layer3.6.conv2,0.0740342
148,51,layer3.7.conv1,0.100169
148,52,layer3.7.conv2,0.12399
148,53,layer3.8.conv1,0.139513
148,54,layer3.8.conv2,0.134246
149,0,conv1,0.135038
149,1,layer1.0.conv1,0.0915695
149,2,layer1.0.conv2,0.102255
149,3,layer1.1.conv1,0.114736
149,4,layer1.1.conv2,0.115157
149,5,layer1.2.conv1,0.0983681
149,6,layer1.2.conv2,0.0926938
149,7,layer1.3.conv1,0.102963
149,8,layer1.3.conv2,0.106886
149,9,layer1.4.conv1,0.123503
149,10,layer1.4.conv2,0.12281
149,11,layer1.5.conv1,0.12427
149,12,layer1.5.conv2,0.125421
149,13,layer1.6.conv1,0.122954
149,14,layer1.6.conv2,0.1286
149,15,layer1.7.conv1,0.131152
149,16,layer1.7.conv2,0.143032
149,17,layer1.8.conv1,0.161508
149,18,layer1.8.conv2,0.18974
149,19,layer2.0.conv1,0.252361
149,20,layer2.0.conv2,0.335178
149,21,layer2.1.conv1,0.36389
149,22,layer2.1.conv2,0.391861
149,23,layer2.2.conv1,0.392364
149,24,layer2.2.conv2,0.383661
149,25,layer2.3.conv1,0.375305
149,26,layer2.3.conv2,0.34025
149,27,layer2.4.conv1,0.300403
149,28,layer2.4.conv2,0.253765
149,29,layer2.5.conv1,0.224221
149,30,layer2.5.conv2,0.187078
149,31,layer2.6.conv1,0.138425
149,32,layer2.6.conv2,0.110504
149,33,layer2.7.conv1,0.079026
149,34,layer2.7.conv2,0.0558657
149,35,layer2.8.conv1,0.0485309
149,36,layer2.8.conv2,0.0519229
149,37,layer3.0.conv1,0.0713703
149,38,layer3.0.conv2,0.115918
149,39,layer3.1.conv1,0.135451
149,40,layer3.1.conv2,0.122898
149,41,layer3.2.conv1,0.0953981
149,42,layer3.2.conv2,0.0730826
149,43,layer3.3.conv1,0.0596807
149,44,layer3.3.conv2,0.0507941
149,45,layer3.4.conv1,0.04982
149,46,layer3.4.conv2,0.0508712
149,47,layer3.5.conv1,0.0530684
149,48,layer3.5.conv2,0.0565871
149,49,layer3.6.conv1,0.0631824
149,50,layer3.6.conv2,0.0775979
149,51,layer3.7.conv1,0.10458
149,52,layer3.7.conv2,0.130394
149,53,layer3.8.conv1,0.147074
149,54,layer3.8.conv2,0.140781
150,0,conv1,0.129264
150,1,layer1.0.conv1,0.0924325
150,2,layer1.0.conv2,0.108625
150,3,layer1.1.conv1,0.110523
150,4,layer1.1.conv2,0.115783
150,5,layer1.2.conv1,0.104123
150,6,layer1.2.conv2,0.097074
150,7,layer1.3.conv1,0.105668
150,8,layer1.3.conv2,0.112334
150,9,layer1.4.conv1,0.120889
150,10,layer1.4.conv2,0.118189
150,11,layer1.5.conv1,0.120081
150,12,layer1.5.conv2,0.120796
150,13,layer1.6.conv1,0.117524
150,14,layer1.6.conv2,0.132441
150,15,layer1.7.conv1,0.133231
150,16,layer1.7.conv2,0.137618
150,17,layer1.8.conv1,0.157116
150,18,layer1.8.conv2,0.18887
150,19,layer2.0.conv1,0.252645
150,20,layer2.0.conv2,0.334116
150,21,layer2.1.conv1,0.363895
150,22,layer2.1.conv2,0.396771
150,23,layer2.2.conv1,0.400963
150,24,layer2.2.conv2,0.398667
150,25,layer2.3.conv1,0.380322
150,26,layer2.3.conv2,0.339158
150,27,layer2.4.conv1,0.303149
150,28,layer2.4.conv2,0.257515
150,29,layer2.5.conv1,0.230714
150,30,layer2.5.conv2,0.191993
150,31,layer2.6.conv1,0.140835
150,32,layer2.6.conv2,0.112548
150,33,layer2.7.conv1,0.0774759
150,34,layer2.7.conv2,0.0544708
150,35,layer2.8.conv1,0.0468271
150,36,layer2.8.conv2,0.050609
150,37,layer3.0.conv1,0.0718151
150,38,layer3.0.conv2,0.117639
150,39,layer3.1.conv1,0.136587
150,40,layer3.1.conv2,0.124611
150,41,layer3.2.conv1,0.0977568
150,42,layer3.2.conv2,0.0740573
150,43,layer3.3.conv1,0.0603506
150,44,layer3.3.conv2,0.0519864
150,45,layer3.4.conv1,0.0508508
150,46,layer3.4.conv2,0.0524641
150,47,layer3.5.conv1,0.0558829
150,48,layer3.5.conv2,0.0590448
150,49,layer3.6.conv1,0.0664345
150,50,layer3.6.conv2,0.0790439
150,51,layer3.7.conv1,0.106889
150,52,layer3.7.conv2,0.132406
150,53,layer3.8.conv1,0.149566
150,54,layer3.8.conv2,0.143043
151,0,conv1,0.15349
151,1,layer1.0.conv1,0.0962098
151,2,layer1.0.conv2,0.106322
151,3,layer1.1.conv1,0.119602
151,4,layer1.1.conv2,0.117596
151,5,layer1.2.conv1,0.107835
151,6,layer1.2.conv2,0.1006
151,7,layer1.3.conv1,0.11306
151,8,layer1.3.conv2,0.113506
151,9,layer1.4.conv1,0.129443
151,10,layer1.4.conv2,0.121629
151,11,layer1.5.conv1,0.125547
151,12,layer1.5.conv2,0.126064
151,13,layer1.6.conv1,0.119853
151,14,layer1.6.conv2,0.134622
151,15,layer1.7.conv1,0.135805
151,16,layer1.7.conv2,0.143128
151,17,layer1.8.conv1,0.161139
151,18,layer1.8.conv2,0.190727
151,19,layer2.0.conv1,0.259078
151,20,layer2.0.conv2,0.340666
151,21,layer2.1.conv1,0.368981
151,22,layer2.1.conv2,0.400779
151,23,layer2.2.conv1,0.40321
151,24,layer2.2.conv2,0.398429
151,25,layer2.3.conv1,0.379157
151,26,layer2.3.conv2,0.344301
151,27,layer2.4.conv1,0.311363
151,28,layer2.4.conv2,0.26921
151,29,layer2.5.conv1,0.232775
151,30,layer2.5.conv2,0.193878
151,31,layer2.6.conv1,0.141176
151,32,layer2.6.conv2,0.107851
151,33,layer2.7.conv1,0.0787699
151,34,layer2.7.conv2,0.0598197
151,35,layer2.8.conv1,0.0525768
151,36,layer2.8.conv2,0.055725
151,37,layer3.0.conv1,0.0742587
151,38,layer3.0.conv2,0.117663
151,39,layer3.1.conv1,0.135117
151,40,layer3.1.conv2,0.121293
151,41,layer3.2.conv1,0.0935177
151,42,layer3.2.conv2,0.0728646
151,43,layer3.3.conv1,0.0617605
151,44,layer3.3.conv2,0.0529881
151,45,layer3.4.conv1,0.0512798
151,46,layer3.4.conv2,0.0525471
151,47,layer3.5.conv1,0.0558294
151,48,layer3.5.conv2,0.0591338
151,49,layer3.6.conv1,0.0664231
151,50,layer3.6.conv2,0.0800193
151,51,layer3.7.conv1,0.108129
151,52,layer3.7.conv2,0.133597
151,53,layer3.8.conv1,0.148803
151,54,layer3.8.conv2,0.141634
152,0,conv1,0.135698
152,1,layer1.0.conv1,0.094067
152,2,layer1.0.conv2,0.103642
152,3,layer1.1.conv1,0.113046
152,4,layer1.1.conv2,0.118432
152,5,layer1.2.conv1,0.101293
152,6,layer1.2.conv2,0.0894293
152,7,layer1.3.conv1,0.101892
152,8,layer1.3.conv2,0.106669
152,9,layer1.4.conv1,0.119353
152,10,layer1.4.conv2,0.114964
152,11,layer1.5.conv1,0.117558
152,12,layer1.5.conv2,0.119173
152,13,layer1.6.conv1,0.119088
152,14,layer1.6.conv2,0.128046
152,15,layer1.7.conv1,0.131225
152,16,layer1.7.conv2,0.134266
152,17,layer1.8.conv1,0.160122
152,18,layer1.8.conv2,0.190725
152,19,layer2.0.conv1,0.253237
152,20,layer2.0.conv2,0.342463
152,21,layer2.1.conv1,0.374048
152,22,layer2.1.conv2,0.41135
152,23,layer2.2.conv1,0.409047
152,24,layer2.2.conv2,0.404987
152,25,layer2.3.conv1,0.391016
152,26,layer2.3.conv2,0.356164
152,27,layer2.4.conv1,0.320615
152,28,layer2.4.conv2,0.272434
152,29,layer2.5.conv1,0.239691
152,30,layer2.5.conv2,0.201002
152,31,layer2.6.conv1,0.147805
152,32,layer2.6.conv2,0.116884
152,33,layer2.7.conv1,0.081397
152,34,layer2.7.conv2,0.0592527
152,35,layer2.8.conv1,0.0519997
152,36,layer2.8.conv2,0.0559722
152,37,layer3.0.conv1,0.0753336
152,38,layer3.0.conv2,0.123599
152,39,layer3.1.conv1,0.141763
152,40,layer3.1.conv2,0.127386
152,41,layer3.2.conv1,0.0994083
152,42,layer3.2.conv2,0.076553
152,43,layer3.3.conv1,0.064569
152,44,layer3.3.conv2,0.0563378
152,45,layer3.4.conv1,0.0548904
152,46,layer3.4.conv2,0.056291
152,47,layer3.5.conv1,0.0595436
152,48,layer3.5.conv2,0.0635484
152,49,layer3.6.conv1,0.0705426
152,50,layer3.6.conv2,0.0825849
152,51,layer3.7.conv1,0.110665
152,52,layer3.7.conv2,0.136356
152,53,layer3.8.conv1,0.154257
152,54,layer3.8.conv2,0.146101
153,0,conv1,0.13173
153,1,layer1.0.conv1,0.0859933
153,2,layer1.0.conv2,0.0948524
153,3,layer1.1.conv1,0.102359
153,4,layer1.1.conv2,0.105567
153,5,layer1.2.conv1,0.0957643
153,6,layer1.2.conv2,0.0922525
153,7,layer1.3.conv1,0.100931
153,8,layer1.3.conv2,0.104672
153,9,layer1.4.conv1,0.121708
153,10,layer1.4.conv2,0.114585
153,11,layer1.5.conv1,0.119033
153,12,layer1.5.conv2,0.120779
153,13,layer1.6.conv1,0.113788
153,14,layer1.6.conv2,0.125947
153,15,layer1.7.conv1,0.124061
153,16,layer1.7.conv2,0.133026
153,17,layer1.8.conv1,0.152676
153,18,layer1.8.conv2,0.186741
153,19,layer2.0.conv1,0.250105
153,20,layer2.0.conv2,0.332402
153,21,layer2.1.conv1,0.354275
153,22,layer2.1.conv2,0.384698
153,23,layer2.2.conv1,0.383408
153,24,layer2.2.conv2,0.380206
153,25,layer2.3.conv1,0.361155
153,26,layer2.3.conv2,0.329313
153,27,layer2.4.conv1,0.291658
153,28,layer2.4.conv2,0.252152
153,29,layer2.5.conv1,0.219342
153,30,layer2.5.conv2,0.190818
153,31,layer2.6.conv1,0.136685
153,32,layer2.6.conv2,0.106427
153,33,layer2.7.conv1,0.0791811
153,34,layer2.7.conv2,0.0541945
153,35,layer2.8.conv1,0.0458641
153,36,layer2.8.conv2,0.049154
153,37,layer3.0.conv1,0.0696226
153,38,layer3.0.conv2,0.115013
153,39,layer3.1.conv1,0.133397
153,40,layer3.1.conv2,0.118608
153,41,layer3.2.conv1,0.0925177
153,42,layer3.2.conv2,0.071651
153,43,layer3.3.conv1,0.0598294
153,44,layer3.3.conv2,0.0518933
153,45,layer3.4.conv1,0.0509949
153,46,layer3.4.conv2,0.0525785
153,47,layer3.5.conv1,0.0544972
153,48,layer3.5.conv2,0.0585426
153,49,layer3.6.conv1,0.0649261
153,50,layer3.6.conv2,0.0748852
153,51,layer3.7.conv1,0.100578
153,52,layer3.7.conv2,0.12391
153,53,layer3.8.conv1,0.140965
153,54,layer3.8.conv2,0.132982
154,0,conv1,0.149674
154,1,layer1.0.conv1,0.0959233
154,2,layer1.0.conv2,0.104773
154,3,layer1.1.conv1,0.112581
154,4,layer1.1.conv2,0.116617
154,5,layer1.2.conv1,0.105931
154,6,layer1.2.conv2,0.095791
154,7,layer1.3.conv1,0.100367
154,8,layer1.3.conv2,0.107329
154,9,layer1.4.conv1,0.121308
154,10,layer1.4.conv2,0.116845
154,11,layer1.5.conv1,0.123513
154,12,layer1.5.conv2,0.124721
154,13,layer1.6.conv1,0.120018
154,14,layer1.6.conv2,0.129765
154,15,layer1.7.conv1,0.132747
154,16,layer1.7.conv2,0.137574
154,17,layer1.8.conv1,0.162017
154,18,layer1.8.conv2,0.193957
154,19,layer2.0.conv1,0.254481
154,20,layer2.0.conv2,0.336027
154,21,layer2.1.conv1,0.368774
154,22,layer2.1.conv2,0.403672
154,23,layer2.2.conv1,0.408933
154,24,layer2.2.conv2,0.405568
154,25,layer2.3.conv1,0.38711
154,26,layer2.3.conv2,0.34833
154,27,layer2.4.conv1,0.306659
154,28,layer2.4.conv2,0.267483
154,29,layer2.5.conv1,0.232589
154,30,layer2.5.conv2,0.191329
154,31,layer2.6.conv1,0.144127
154,32,layer2.6.conv2,0.110123
154,33,layer2.7.conv1,0.0777145
154,34,layer2.7.conv2,0.0569197
154,35,layer2.8.conv1,0.0508641
154,36,layer2.8.conv2,0.0533851
154,37,layer3.0.conv1,0.0747031
154,38,layer3.0.conv2,0.121871
154,39,layer3.1.conv1,0.137517
154,40,layer3.1.conv2,0.124965
154,41,layer3.2.conv1,0.0970415
154,42,layer3.2.conv2,0.0738662
154,43,layer3.3.conv1,0.0609975
154,44,layer3.3.conv2,0.052326
154,45,layer3.4.conv1,0.0503102
154,46,layer3.4.conv2,0.0519152
154,47,layer3.5.conv1,0.0546718
154,48,layer3.5.conv2,0.0578478
154,49,layer3.6.conv1,0.0654169
154,50,layer3.6.conv2,0.078544
154,51,layer3.7.conv1,0.106028
154,52,layer3.7.conv2,0.131618
154,53,layer3.8.conv1,0.147174
154,54,layer3.8.conv2,0.139939
155,0,conv1,0.138942
155,1,layer1.0.conv1,0.0944793
155,2,layer1.0.conv2,0.100833
155,3,layer1.1.conv1,0.11062
155,4,layer1.1.conv2,0.113541
155,5,layer1.2.conv1,0.101644
155,6,layer1.2.conv2,0.091663
155,7,layer1.3.conv1,0.106654
155,8,layer1.3.conv2,0.110782
155,9,layer1.4.conv1,0.125282
155,10,layer1.4.conv2,0.119807
155,11,layer1.5.conv1,0.124172
155,12,layer1.5.conv2,0.121492
155,13,layer1.6.conv1,0.116224
155,14,layer1.6.conv2,0.126925
155,15,layer1.7.conv1,0.130775
155,16,layer1.7.conv2,0.138916
155,17,layer1.8.conv1,0.161065
155,18,layer1.8.conv2,0.188514
155,19,layer2.0.conv1,0.24863
155,20,layer2.0.conv2,0.327641
155,21,layer2.1.conv1,0.363763
155,22,layer2.1.conv2,0.401056
155,23,layer2.2.conv1,0.405399
155,24,layer2.2.conv2,0.399373
155,25,layer2.3.conv1,0.386204
155,26,layer2.3.conv2,0.348017
155,27,layer2.4.conv1,0.310287
155,28,layer2.4.conv2,0.266003
155,29,layer2.5.conv1,0.234774
155,30,layer2.5.conv2,0.199235
155,31,layer2.6.conv1,0.144083
155,32,layer2.6.conv2,0.114978
155,33,layer2.7.conv1,0.082423
155,34,layer2.7.conv2,0.0587829
155,35,layer2.8.conv1,0.0517975
155,36,layer2.8.conv2,0.0549135
155,37,layer3.0.conv1,0.0748463
155,38,layer3.0.conv2,0.120529
155,39,layer3.1.conv1,0.136849
155,40,layer3.1.conv2,0.123946
155,41,layer3.2.conv1,0.0953558
155,42,layer3.2.conv2,0.0720801
155,43,layer3.3.conv1,0.060465
155,44,layer3.3.conv2,0.0508474
155,45,layer3.4.conv1,0.0500818
155,46,layer3.4.conv2,0.0511617
155,47,layer3.5.conv1,0.0541962
155,48,layer3.5.conv2,0.057332
155,49,layer3.6.conv1,0.0652012
155,50,layer3.6.conv2,0.0774818
155,51,layer3.7.conv1,0.103998
155,52,layer3.7.conv2,0.129124
155,53,layer3.8.conv1,0.148309
155,54,layer3.8.conv2,0.141528
156,0,conv1,0.144503
156,1,layer1.0.conv1,0.0909554
156,2,layer1.0.conv2,0.0995721
156,3,layer1.1.conv1,0.106542
156,4,layer1.1.conv2,0.105579
156,5,layer1.2.conv1,0.0913058
156,6,layer1.2.conv2,0.0869825
156,7,layer1.3.conv1,0.0990575
156,8,layer1.3.conv2,0.103172
156,9,layer1.4.conv1,0.116172
156,10,layer1.4.conv2,0.113231
156,11,layer1.5.conv1,0.121268
156,12,layer1.5.conv2,0.116558
156,13,layer1.6.conv1,0.112567
156,14,layer1.6.conv2,0.123591
156,15,layer1.7.conv1,0.120982
156,16,layer1.7.conv2,0.130533
156,17,layer1.8.conv1,0.155408
156,18,layer1.8.conv2,0.182174
156,19,layer2.0.conv1,0.23942
156,20,layer2.0.conv2,0.31903
156,21,layer2.1.conv1,0.346406
156,22,layer2.1.conv2,0.382782
156,23,layer2.2.conv1,0.386498
156,24,layer2.2.conv2,0.381213
156,25,layer2.3.conv1,0.364572
156,26,layer2.3.conv2,0.332275
156,27,layer2.4.conv1,0.297192
156,28,layer2.4.conv2,0.25108
156,29,layer2.5.conv1,0.220443
156,30,layer2.5.conv2,0.185602
156,31,layer2.6.conv1,0.139355
156,32,layer2.6.conv2,0.107066
156,33,layer2.7.conv1,0.0825418
156,34,layer2.7.conv2,0.060505
156,35,layer2.8.conv1,0.0544838
156,36,layer2.8.conv2,0.0556479
156,37,layer3.0.conv1,0.0719714
156,38,layer3.0.conv2,0.115557
156,39,layer3.1.conv1,0.132222
156,40,layer3.1.conv2,0.120233
156,41,layer3.2.conv1,0.0953632
156,42,layer3.2.conv2,0.0732178
156,43,layer3.3.conv1,0.0609178
156,44,layer3.3.conv2,0.0522611
156,45,layer3.4.conv1,0.0507102
156,46,layer3.4.conv2,0.052299
156,47,layer3.5.conv1,0.0546116
156,48,layer3.5.conv2,0.0577919
156,49,layer3.6.conv1,0.0654131
156,50,layer3.6.conv2,0.0768565
156,51,layer3.7.conv1,0.104888
156,52,layer3.7.conv2,0.131766
156,53,layer3.8.conv1,0.147422
156,54,layer3.8.conv2,0.137821
157,0,conv1,0.127353
157,1,layer1.0.conv1,0.0889899
157,2,layer1.0.conv2,0.102895
157,3,layer1.1.conv1,0.106406
157,4,layer1.1.conv2,0.108854
157,5,layer1.2.conv1,0.0980384
157,6,layer1.2.conv2,0.087622
157,7,layer1.3.conv1,0.0968392
157,8,layer1.3.conv2,0.103756
157,9,layer1.4.conv1,0.117565
157,10,layer1.4.conv2,0.113452
157,11,layer1.5.conv1,0.118256
157,12,layer1.5.conv2,0.121428
157,13,layer1.6.conv1,0.118139
157,14,layer1.6.conv2,0.128359
157,15,layer1.7.conv1,0.127529
157,16,layer1.7.conv2,0.134484
157,17,layer1.8.conv1,0.155792
157,18,layer1.8.conv2,0.190192
157,19,layer2.0.conv1,0.250571
157,20,layer2.0.conv2,0.336634
157,21,layer2.1.conv1,0.371627
157,22,layer2.1.conv2,0.407258
157,23,layer2.2.conv1,0.412949
157,24,layer2.2.conv2,0.405382
157,25,layer2.3.conv1,0.388762
157,26,layer2.3.conv2,0.35123
157,27,layer2.4.conv1,0.306231
157,28,layer2.4.conv2,0.262818
157,29,layer2.5.conv1,0.234694
157,30,layer2.5.conv2,0.192373
157,31,layer2.6.conv1,0.143559
157,32,layer2.6.conv2,0.110148
157,33,layer2.7.conv1,0.0825033
157,34,layer2.7.conv2,0.0580566
157,35,layer2.8.conv1,0.0521423
157,36,layer2.8.conv2,0.0554777
157,37,layer3.0.conv1,0.078042
157,38,layer3.0.conv2,0.125254
157,39,layer3.1.conv1,0.144972
157,40,layer3.1.conv2,0.13186
157,41,layer3.2.conv1,0.102385
157,42,layer3.2.conv2,0.0784288
157,43,layer3.3.conv1,0.0663924
157,44,layer3.3.conv2,0.0579462
157,45,layer3.4.conv1,0.056769
157,46,layer3.4.conv2,0.0579538
157,47,layer3.5.conv1,0.0601548
157,48,layer3.5.conv2,0.0633173
157,49,layer3.6.conv1,0.0711961
157,50,layer3.6.conv2,0.083252
157,51,layer3.7.conv1,0.110249
157,52,layer3.7.conv2,0.137067
157,53,layer3.8.conv1,0.153714
157,54,layer3.8.conv2,0.146356
158,0,conv1,0.12738
158,1,layer1.0.conv1,0.0952225
158,2,layer1.0.conv2,0.100945
158,3,layer1.1.conv1,0.111407
158,4,layer1.1.conv2,0.11357
158,5,layer1.2.conv1,0.101119
158,6,layer1.2.conv2,0.0935929
158,7,layer1.3.conv1,0.107651
158,8,layer1.3.conv2,0.113097
158,9,layer1.4.conv1,0.123259
158,10,layer1.4.conv2,0.117435
158,11,layer1.5.conv1,0.121395
158,12,layer1.5.conv2,0.12265
158,13,layer1.6.conv1,0.119575
158,14,layer1.6.conv2,0.126794
158,15,layer1.7.conv1,0.131039
158,16,layer1.7.conv2,0.136919
158,17,layer1.8.conv1,0.159242
158,18,layer1.8.conv2,0.19077
158,19,layer2.0.conv1,0.256197
158,20,layer2.0.conv2,0.340945
158,21,layer2.1.conv1,0.368639
158,22,layer2.1.conv2,0.411666
158,23,layer2.2.conv1,0.414441
158,24,layer2.2.conv2,0.401877
158,25,layer2.3.conv1,0.38643
158,26,layer2.3.conv2,0.344751
158,27,layer2.4.conv1,0.305591
158,28,layer2.4.conv2,0.262828
158,29,layer2.5.conv1,0.232345
158,30,layer2.5.conv2,0.195133
158,31,layer2.6.conv1,0.149044
158,32,layer2.6.conv2,0.118202
158,33,layer2.7.conv1,0.0839271
158,34,layer2.7.conv2,0.0611125
158,35,layer2.8.conv1,0.0530018
158,36,layer2.8.conv2,0.0566443
158,37,layer3.0.conv1,0.0754677
158,38,layer3.0.conv2,0.121286
158,39,layer3.1.conv1,0.140055
158,40,layer3.1.conv2,0.126377
158,41,layer3.2.conv1,0.0969623
158,42,layer3.2.conv2,0.0747224
158,43,layer3.3.conv1,0.0618271
158,44,layer3.3.conv2,0.0542357
158,45,layer3.4.conv1,0.0526475
158,46,layer3.4.conv2,0.0535029
158,47,layer3.5.conv1,0.0563291
158,48,layer3.5.conv2,0.0603929
158,49,layer3.6.conv1,0.0687209
158,50,layer3.6.conv2,0.0799886
158,51,layer3.7.conv1,0.106944
158,52,layer3.7.conv2,0.130377
158,53,layer3.8.conv1,0.145693
158,54,layer3.8.conv2,0.13629
159,0,conv1,0.123939
159,1,layer1.0.conv1,0.093916
159,2,layer1.0.conv2,0.101926
159,3,layer1.1.conv1,0.10305
159,4,layer1.1.conv2,0.105635
159,5,layer1.2.conv1,0.0977857
159,6,layer1.2.conv2,0.0899331
159,7,layer1.3.conv1,0.0997684
159,8,layer1.3.conv2,0.103339
159,9,layer1.4.conv1,0.117722
159,10,layer1.4.conv2,0.11193
159,11,layer1.5.conv1,0.117728
159,12,layer1.5.conv2,0.117978
159,13,layer1.6.conv1,0.113483
159,14,layer1.6.conv2,0.124759
159,15,layer1.7.conv1,0.125906
159,16,layer1.7.conv2,0.1335
159,17,layer1.8.conv1,0.156615
159,18,layer1.8.conv2,0.182017
159,19,layer2.0.conv1,0.249252
159,20,layer2.0.conv2,0.330812
159,21,layer2.1.conv1,0.363741
159,22,layer2.1.conv2,0.396186
159,23,layer2.2.conv1,0.405746
159,24,layer2.2.conv2,0.393214
159,25,layer2.3.conv1,0.377172
159,26,layer2.3.conv2,0.343728
159,27,layer2.4.conv1,0.310612
159,28,layer2.4.conv2,0.271793
159,29,layer2.5.conv1,0.237494
159,30,layer2.5.conv2,0.19557
159,31,layer2.6.conv1,0.142452
159,32,layer2.6.conv2,0.11537
159,33,layer2.7.conv1,0.0812583
159,34,layer2.7.conv2,0.0579838
159,35,layer2.8.conv1,0.0502242
159,36,layer2.8.conv2,0.0535643
159,37,layer3.0.conv1,0.0752526
159,38,layer3.0.conv2,0.123514
159,39,layer3.1.conv1,0.140849
159,40,layer3.1.conv2,0.12746
159,41,layer3.2.conv1,0.0984499
159,42,layer3.2.conv2,0.0743147
159,43,layer3.3.conv1,0.0614205
159,44,layer3.3.conv2,0.0527132
159,45,layer3.4.conv1,0.0514535
159,46,layer3.4.conv2,0.0527522
159,47,layer3.5.conv1,0.0547958
159,48,layer3.5.conv2,0.0578648
159,49,layer3.6.conv1,0.0661226
159,50,layer3.6.conv2,0.0796568
159,51,layer3.7.conv1,0.108121
159,52,layer3.7.conv2,0.13473
159,53,layer3.8.conv1,0.149885
159,54,layer3.8.conv2,0.142486
160,0,conv1,0.153206
160,1,layer1.0.conv1,0.0981246
160,2,layer1.0.conv2,0.107592
160,3,layer1.1.conv1,0.117335
160,4,layer1.1.conv2,0.119028
160,5,layer1.2.conv1,0.108234
160,6,layer1.2.conv2,0.101532
160,7,layer1.3.conv1,0.111502
160,8,layer1.3.conv2,0.116348
160,9,layer1.4.conv1,0.130676
160,10,layer1.4.conv2,0.131185
160,11,layer1.5.conv1,0.130329
160,12,layer1.5.conv2,0.135943
160,13,layer1.6.conv1,0.125488
160,14,layer1.6.conv2,0.139541
160,15,layer1.7.conv1,0.144191
160,16,layer1.7.conv2,0.14993
160,17,layer1.8.conv1,0.172527
160,18,layer1.8.conv2,0.204273
160,19,layer2.0.conv1,0.266345
160,20,layer2.0.conv2,0.354402
160,21,layer2.1.conv1,0.391574
160,22,layer2.1.conv2,0.428905
160,23,layer2.2.conv1,0.435667
160,24,layer2.2.conv2,0.430897
160,25,layer2.3.conv1,0.412416
160,26,layer2.3.conv2,0.376152
160,27,layer2.4.conv1,0.337668
160,28,layer2.4.conv2,0.292107
160,29,layer2.5.conv1,0.251893
160,30,layer2.5.conv2,0.215128
160,31,layer2.6.conv1,0.160341
160,32,layer2.6.conv2,0.121704
160,33,layer2.7.conv1,0.0885801
160,34,layer2.7.conv2,0.064476
160,35,layer2.8.conv1,0.0538135
160,36,layer2.8.conv2,0.0560926
160,37,layer3.0.conv1,0.0782858
160,38,layer3.0.conv2,0.128054
160,39,layer3.1.conv1,0.148049
160,40,layer3.1.conv2,0.136187
160,41,layer3.2.conv1,0.107179
160,42,layer3.2.conv2,0.081779
160,43,layer3.3.conv1,0.0685981
160,44,layer3.3.conv2,0.0593002
160,45,layer3.4.conv1,0.0577951
160,46,layer3.4.conv2,0.0589447
160,47,layer3.5.conv1,0.0612226
160,48,layer3.5.conv2,0.0654917
160,49,layer3.6.conv1,0.0731286
160,50,layer3.6.conv2,0.0859965
160,51,layer3.7.conv1,0.115262
160,52,layer3.7.conv2,0.144236
160,53,layer3.8.conv1,0.159313
160,54,layer3.8.conv2,0.146576
161,0,conv1,0.138081
161,1,layer1.0.conv1,0.102018
161,2,layer1.0.conv2,0.111878
161,3,layer1.1.conv1,0.114748
161,4,layer1.1.conv2,0.114025
161,5,layer1.2.conv1,0.099578
161,6,layer1.2.conv2,0.0973797
161,7,layer1.3.conv1,0.106105
161,8,layer1.3.conv2,0.111216
161,9,layer1.4.conv1,0.121864
161,10,layer1.4.conv2,0.117324
161,11,layer1.5.conv1,0.124029
161,12,layer1.5.conv2,0.124275
161,13,layer1.6.conv1,0.120507
161,14,layer1.6.conv2,0.131522
161,15,layer1.7.conv1,0.13457
161,16,layer1.7.conv2,0.142635
161,17,layer1.8.conv1,0.165077
161,18,layer1.8.conv2,0.192895
161,19,layer2.0.conv1,0.255935
161,20,layer2.0.conv2,0.332471
161,21,layer2.1.conv1,0.362739
161,22,layer2.1.conv2,0.400243
161,23,layer2.2.conv1,0.405171
161,24,layer2.2.conv2,0.396307
161,25,layer2.3.conv1,0.381304
161,26,layer2.3.conv2,0.345622
161,27,layer2.4.conv1,0.31127
161,28,layer2.4.conv2,0.260939
161,29,layer2.5.conv1,0.229522
161,30,layer2.5.conv2,0.192335
161,31,layer2.6.conv1,0.143551
161,32,layer2.6.conv2,0.11535
161,33,layer2.7.conv1,0.0832392
161,34,layer2.7.conv2,0.059245
161,35,layer2.8.conv1,0.0506346
161,36,layer2.8.conv2,0.0523983
161,37,layer3.0.conv1,0.0731604
161,38,layer3.0.conv2,0.118672
161,39,layer3.1.conv1,0.135386
161,40,layer3.1.conv2,0.12417
161,41,layer3.2.conv1,0.0972667
161,42,layer3.2.conv2,0.0743646
161,43,layer3.3.conv1,0.0617371
161,44,layer3.3.conv2,0.0532301
161,45,layer3.4.conv1,0.0521722
161,46,layer3.4.conv2,0.0529262
161,47,layer3.5.conv1,0.0552054
161,48,layer3.5.conv2,0.0591984
161,49,layer3.6.conv1,0.0655218
161,50,layer3.6.conv2,0.0786212
161,51,layer3.7.conv1,0.105679
161,52,layer3.7.conv2,0.132556
161,53,layer3.8.conv1,0.148867
161,54,layer3.8.conv2,0.139751
162,0,conv1,0.128922
162,1,layer1.0.conv1,0.0886265
162,2,layer1.0.conv2,0.0979726
162,3,layer1.1.conv1,0.106657
162,4,layer1.1.conv2,0.111017
162,5,layer1.2.conv1,0.0996348
162,6,layer1.2.conv2,0.0898478
162,7,layer1.3.conv1,0.0987413
162,8,layer1.3.conv2,0.104545
162,9,layer1.4.conv1,0.116142
162,10,layer1.4.conv2,0.113245
162,11,layer1.5.conv1,0.114042
162,12,layer1.5.conv2,0.114571
162,13,layer1.6.conv1,0.112339
162,14,layer1.6.conv2,0.126635
162,15,layer1.7.conv1,0.128789
162,16,layer1.7.conv2,0.135719
162,17,layer1.8.conv1,0.153221
162,18,layer1.8.conv2,0.1872
162,19,layer2.0.conv1,0.249064
162,20,layer2.0.conv2,0.325528
162,21,layer2.1.conv1,0.353902
162,22,layer2.1.conv2,0.386983
162,23,layer2.2.conv1,0.39239
162,24,layer2.2.conv2,0.389841
162,25,layer2.3.conv1,0.372954
162,26,layer2.3.conv2,0.341371
162,27,layer2.4.conv1,0.303544
162,28,layer2.4.conv2,0.260379
162,29,layer2.5.conv1,0.22909
162,30,layer2.5.conv2,0.192428
162,31,layer2.6.conv1,0.1411
162,32,layer2.6.conv2,0.111187
162,33,layer2.7.conv1,0.0823244
162,34,layer2.7.conv2,0.0573535
162,35,layer2.8.conv1,0.0497254
162,36,layer2.8.conv2,0.0520176
162,37,layer3.0.conv1,0.0695102
162,38,layer3.0.conv2,0.117092
162,39,layer3.1.conv1,0.138083
162,40,layer3.1.conv2,0.124077
162,41,layer3.2.conv1,0.0970771
162,42,layer3.2.conv2,0.0731337
162,43,layer3.3.conv1,0.0606798
162,44,layer3.3.conv2,0.0520568
162,45,layer3.4.conv1,0.0511633
162,46,layer3.4.conv2,0.0529949
162,47,layer3.5.conv1,0.0551642
162,48,layer3.5.conv2,0.0598254
162,49,layer3.6.conv1,0.0660047
162,50,layer3.6.conv2,0.0783777
162,51,layer3.7.conv1,0.106743
162,52,layer3.7.conv2,0.130528
162,53,layer3.8.conv1,0.148679
162,54,layer3.8.conv2,0.139459
163,0,conv1,0.138849
163,1,layer1.0.conv1,0.0977534
163,2,layer1.0.conv2,0.109296
163,3,layer1.1.conv1,0.107343
163,4,layer1.1.conv2,0.11086
163,5,layer1.2.conv1,0.100834
163,6,layer1.2.conv2,0.0921333
163,7,layer1.3.conv1,0.100669
163,8,layer1.3.conv2,0.105242
163,9,layer1.4.conv1,0.12068
163,10,layer1.4.conv2,0.117415
163,11,layer1.5.conv1,0.12297
163,12,layer1.5.conv2,0.123658
163,13,layer1.6.conv1,0.118636
163,14,layer1.6.conv2,0.131406
163,15,layer1.7.conv1,0.131661
163,16,layer1.7.conv2,0.1403
163,17,layer1.8.conv1,0.162108
163,18,layer1.8.conv2,0.188871
163,19,layer2.0.conv1,0.257742
163,20,layer2.0.conv2,0.341127
163,21,layer2.1.conv1,0.376074
163,22,layer2.1.conv2,0.412706
163,23,layer2.2.conv1,0.419257
163,24,layer2.2.conv2,0.415007
163,25,layer2.3.conv1,0.401678
163,26,layer2.3.conv2,0.364087
163,27,layer2.4.conv1,0.329256
163,28,layer2.4.conv2,0.279716
163,29,layer2.5.conv1,0.249563
163,30,layer2.5.conv2,0.203909
163,31,layer2.6.conv1,0.152963
163,32,layer2.6.conv2,0.121644
163,33,layer2.7.conv1,0.0836859
163,34,layer2.7.conv2,0.0584061
163,35,layer2.8.conv1,0.049185
163,36,layer2.8.conv2,0.0534809
163,37,layer3.0.conv1,0.0748182
163,38,layer3.0.conv2,0.124529
163,39,layer3.1.conv1,0.143325
163,40,layer3.1.conv2,0.13045
163,41,layer3.2.conv1,0.100987
163,42,layer3.2.conv2,0.0775083
163,43,layer3.3.conv1,0.0644372
163,44,layer3.3.conv2,0.0548471
163,45,layer3.4.conv1,0.0524239
163,46,layer3.4.conv2,0.0540174
163,47,layer3.5.conv1,0.0565957
163,48,layer3.5.conv2,0.0603515
163,49,layer3.6.conv1,0.0679514
163,50,layer3.6.conv2,0.0815762
163,51,layer3.7.conv1,0.110993
163,52,layer3.7.conv2,0.140723
163,53,layer3.8.conv1,0.158496
163,54,layer3.8.conv2,0.14946
164,0,conv1,0.139313
164,1,layer1.0.conv1,0.10264
164,2,layer1.0.conv2,0.115126
164,3,layer1.1.conv1,0.127063
164,4,layer1.1.conv2,0.137086
164,5,layer1.2.conv1,0.118164
164,6,layer1.2.conv2,0.105325
164,7,layer1.3.conv1,0.125599
164,8,layer1.3.conv2,0.125893
164,9,layer1.4.conv1,0.140328
164,10,layer1.4.conv2,0.138402
164,11,layer1.5.conv1,0.143849
164,12,layer1.5.conv2,0.143227
164,13,layer1.6.conv1,0.136766
164,14,layer1.6.conv2,0.151242
164,15,layer1.7.conv1,0.149937
164,16,layer1.7.conv2,0.157188
164,17,layer1.8.conv1,0.18204
164,18,layer1.8.conv2,0.222232
164,19,layer2.0.conv1,0.273064
164,20,layer2.0.conv2,0.366489
164,21,layer2.1.conv1,0.398437
164,22,layer2.1.conv2,0.436976
164,23,layer2.2.conv1,0.444698
164,24,layer2.2.conv2,0.433197
164,25,layer2.3.conv1,0.41342
164,26,layer2.3.conv2,0.376378
164,27,layer2.4.conv1,0.338917
164,28,layer2.4.conv2,0.2938
164,29,layer2.5.conv1,0.256201
164,30,layer2.5.conv2,0.223276
164,31,layer2.6.conv1,0.16451
164,32,layer2.6.conv2,0.124752
164,33,layer2.7.conv1,0.0919203
164,34,layer2.7.conv2,0.0648204
164,35,layer2.8.conv1,0.0576578
164,36,layer2.8.conv2,0.0585136
164,37,layer3.0.conv1,0.0797295
164,38,layer3.0.conv2,0.132569
164,39,layer3.1.conv1,0.151178
164,40,layer3.1.conv2,0.136399
164,41,layer3.2.conv1,0.108077
164,42,layer3.2.conv2,0.083592
164,43,layer3.3.conv1,0.0712682
164,44,layer3.3.conv2,0.0610992
164,45,layer3.4.conv1,0.0596405
164,46,layer3.4.conv2,0.0610997
164,47,layer3.5.conv1,0.063642
164,48,layer3.5.conv2,0.0672075
164,49,layer3.6.conv1,0.0743313
164,50,layer3.6.conv2,0.0873235
164,51,layer3.7.conv1,0.117661
164,52,layer3.7.conv2,0.146061
164,53,layer3.8.conv1,0.165791
164,54,layer3.8.conv2,0.158298
