epoch,layer_idx,layer,grad_norm
0,0,conv1,2.16564
0,1,layer1.0.conv1,2.77415
0,2,layer1.0.conv2,2.13762
0,3,layer1.1.conv1,1.78341
0,4,layer1.1.conv2,1.41611
0,5,layer1.2.conv1,1.36553
0,6,layer1.2.conv2,1.23094
0,7,layer1.3.conv1,1.05779
0,8,layer1.3.conv2,0.953737
0,9,layer1.4.conv1,0.92717
0,10,layer1.4.conv2,0.842599
0,11,layer1.5.conv1,0.845569
0,12,layer1.5.conv2,0.793074
0,13,layer1.6.conv1,0.709317
0,14,layer1.6.conv2,0.661183
0,15,layer1.7.conv1,0.623825
0,16,layer1.7.conv2,0.577776
0,17,layer1.8.conv1,0.637793
0,18,layer1.8.conv2,0.508207
0,19,layer2.0.conv1,0.560008
0,20,layer2.0.conv2,0.733115
0,21,layer2.1.conv1,0.779809
0,22,layer2.1.conv2,0.755829
0,23,layer2.2.conv1,0.745166
0,24,layer2.2.conv2,0.734135
0,25,layer2.3.conv1,0.743964
0,26,layer2.3.conv2,0.696218
0,27,layer2.4.conv1,0.638367
0,28,layer2.4.conv2,0.674574
0,29,layer2.5.conv1,0.650888
0,30,layer2.5.conv2,0.604414
0,31,layer2.6.conv1,0.58265
0,32,layer2.6.conv2,0.620105
0,33,layer2.7.conv1,0.622826
0,34,layer2.7.conv2,0.590444
0,35,layer2.8.conv1,0.5968
0,36,layer2.8.conv2,0.62011
0,37,layer3.0.conv1,0.493362
0,38,layer3.0.conv2,0.700958
0,39,layer3.1.conv1,0.718653
0,40,layer3.1.conv2,0.731304
0,41,layer3.2.conv1,0.718367
0,42,layer3.2.conv2,0.726537
0,43,layer3.3.conv1,0.783352
0,44,layer3.3.conv2,0.741199
0,45,layer3.4.conv1,0.659853
0,46,layer3.4.conv2,0.772983
0,47,layer3.5.conv1,0.707078
0,48,layer3.5.conv2,0.676618
0,49,layer3.6.conv1,0.64541
0,50,layer3.6.conv2,0.697979
0,51,layer3.7.conv1,0.604292
0,52,layer3.7.conv2,0.710055
0,53,layer3.8.conv1,0.598992
0,54,layer3.8.conv2,0.768862
1,0,conv1,0.112839
1,1,layer1.0.conv1,0.138971
1,2,layer1.0.conv2,0.113061
1,3,layer1.1.conv1,0.0972462
1,4,layer1.1.conv2,0.078013
1,5,layer1.2.conv1,0.0853542
1,6,layer1.2.conv2,0.0684496
1,7,layer1.3.conv1,0.0568711
1,8,layer1.3.conv2,0.0594723
1,9,layer1.4.conv1,0.0605158
1,10,layer1.4.conv2,0.0596868
1,11,layer1.5.conv1,0.0550116
1,12,layer1.5.conv2,0.050747
1,13,layer1.6.conv1,0.0445972
1,14,layer1.6.conv2,0.0397573
1,15,layer1.7.conv1,0.0429174
1,16,layer1.7.conv2,0.0521486
1,17,layer1.8.conv1,0.0420895
1,18,layer1.8.conv2,0.0387971
1,19,layer2.0.conv1,0.0573735
1,20,layer2.0.conv2,0.0692115
1,21,layer2.1.conv1,0.0594033
1,22,layer2.1.conv2,0.0622645
1,23,layer2.2.conv1,0.0664959
1,24,layer2.2.conv2,0.0632017
1,25,layer2.3.conv1,0.0673651
1,26,layer2.3.conv2,0.0562698
1,27,layer2.4.conv1,0.0523846
1,28,layer2.4.conv2,0.0511783
1,29,layer2.5.conv1,0.0473339
1,30,layer2.5.conv2,0.0471799
1,31,layer2.6.conv1,0.0405392
1,32,layer2.6.conv2,0.0462783
1,33,layer2.7.conv1,0.0404108
1,34,layer2.7.conv2,0.0422709
1,35,layer2.8.conv1,0.0418278
1,36,layer2.8.conv2,0.0438646
1,37,layer3.0.conv1,0.0370782
1,38,layer3.0.conv2,0.0538623
1,39,layer3.1.conv1,0.0449771
1,40,layer3.1.conv2,0.0451322
1,41,layer3.2.conv1,0.0412849
1,42,layer3.2.conv2,0.0445263
1,43,layer3.3.conv1,0.0431278
1,44,layer3.3.conv2,0.0424013
1,45,layer3.4.conv1,0.0385978
1,46,layer3.4.conv2,0.0440629
1,47,layer3.5.conv1,0.0391536
1,48,layer3.5.conv2,0.0408224
1,49,layer3.6.conv1,0.0416948
1,50,layer3.6.conv2,0.0452192
1,51,layer3.7.conv1,0.0385511
1,52,layer3.7.conv2,0.0505366
1,53,layer3.8.conv1,0.0482273
1,54,layer3.8.conv2,0.0657149
2,0,conv1,0.157347
2,1,layer1.0.conv1,0.0369685
2,2,layer1.0.conv2,0.0499818
2,3,layer1.1.conv1,0.111711
2,4,layer1.1.conv2,0.0729043
2,5,layer1.2.conv1,0.0539809
2,6,layer1.2.conv2,0.0457896
2,7,layer1.3.conv1,0.0292737
2,8,layer1.3.conv2,0.0384706
2,9,layer1.4.conv1,0.070232
2,10,layer1.4.conv2,0.0674993
2,11,layer1.5.conv1,0.0591932
2,12,layer1.5.conv2,0.0565582
2,13,layer1.6.conv1,0.0703321
2,14,layer1.6.conv2,0.057917
2,15,layer1.7.conv1,0.0517296
2,16,layer1.7.conv2,0.0540812
2,17,layer1.8.conv1,0.0454383
2,18,layer1.8.conv2,0.0456589
2,19,layer2.0.conv1,0.091517
2,20,layer2.0.conv2,0.104416
2,21,layer2.1.conv1,0.0940603
2,22,layer2.1.conv2,0.0829912
2,23,layer2.2.conv1,0.0867676
2,24,layer2.2.conv2,0.0794458
2,25,layer2.3.conv1,0.0793426
2,26,layer2.3.conv2,0.0739241
2,27,layer2.4.conv1,0.0484229
2,28,layer2.4.conv2,0.0543015
2,29,layer2.5.conv1,0.040896
2,30,layer2.5.conv2,0.0432268
2,31,layer2.6.conv1,0.0418855
2,32,layer2.6.conv2,0.0437188
2,33,layer2.7.conv1,0.0581549
2,34,layer2.7.conv2,0.0606294
2,35,layer2.8.conv1,0.0548346
2,36,layer2.8.conv2,0.052255
2,37,layer3.0.conv1,0.0677716
2,38,layer3.0.conv2,0.0737531
2,39,layer3.1.conv1,0.0624982
2,40,layer3.1.conv2,0.0658463
2,41,layer3.2.conv1,0.0583171
2,42,layer3.2.conv2,0.0646188
2,43,layer3.3.conv1,0.0528283
2,44,layer3.3.conv2,0.055051
2,45,layer3.4.conv1,0.0397771
2,46,layer3.4.conv2,0.0467704
2,47,layer3.5.conv1,0.0316683
2,48,layer3.5.conv2,0.0367799
2,49,layer3.6.conv1,0.0507439
2,50,layer3.6.conv2,0.0515254
2,51,layer3.7.conv1,0.0577826
2,52,layer3.7.conv2,0.0632628
2,53,layer3.8.conv1,0.123938
2,54,layer3.8.conv2,0.115646
3,0,conv1,0.153087
3,1,layer1.0.conv1,0.0555438
3,2,layer1.0.conv2,0.0608919
3,3,layer1.1.conv1,0.106059
3,4,layer1.1.conv2,0.0738826
3,5,layer1.2.conv1,0.0556809
3,6,layer1.2.conv2,0.0492986
3,7,layer1.3.conv1,0.0337393
3,8,layer1.3.conv2,0.0437084
3,9,layer1.4.conv1,0.0696064
3,10,layer1.4.conv2,0.0662498
3,11,layer1.5.conv1,0.0693265
3,12,layer1.5.conv2,0.0727834
3,13,layer1.6.conv1,0.0766442
3,14,layer1.6.conv2,0.0711421
3,15,layer1.7.conv1,0.0612288
3,16,layer1.7.conv2,0.0641865
3,17,layer1.8.conv1,0.0562792
3,18,layer1.8.conv2,0.0616016
3,19,layer2.0.conv1,0.113204
3,20,layer2.0.conv2,0.122691
3,21,layer2.1.conv1,0.128587
3,22,layer2.1.conv2,0.125864
3,23,layer2.2.conv1,0.11972
3,24,layer2.2.conv2,0.110219
3,25,layer2.3.conv1,0.104211
3,26,layer2.3.conv2,0.10365
3,27,layer2.4.conv1,0.0758435
3,28,layer2.4.conv2,0.0836886
3,29,layer2.5.conv1,0.0619957
3,30,layer2.5.conv2,0.0605717
3,31,layer2.6.conv1,0.0777471
3,32,layer2.6.conv2,0.0814263
3,33,layer2.7.conv1,0.101656
3,34,layer2.7.conv2,0.0961187
3,35,layer2.8.conv1,0.105978
3,36,layer2.8.conv2,0.0928719
3,37,layer3.0.conv1,0.177756
3,38,layer3.0.conv2,0.168136
3,39,layer3.1.conv1,0.13709
3,40,layer3.1.conv2,0.123646
3,41,layer3.2.conv1,0.127466
3,42,layer3.2.conv2,0.119545
3,43,layer3.3.conv1,0.0798103
3,44,layer3.3.conv2,0.075014
3,45,layer3.4.conv1,0.0699533
3,46,layer3.4.conv2,0.0662409
3,47,layer3.5.conv1,0.0594819
3,48,layer3.5.conv2,0.0533673
3,49,layer3.6.conv1,0.0713144
3,50,layer3.6.conv2,0.0643175
3,51,layer3.7.conv1,0.0848106
3,52,layer3.7.conv2,0.0779455
3,53,layer3.8.conv1,0.157542
3,54,layer3.8.conv2,0.145608
4,0,conv1,0.18427
4,1,layer1.0.conv1,0.0611401
4,2,layer1.0.conv2,0.0691362
4,3,layer1.1.conv1,0.104817
4,4,layer1.1.conv2,0.0771086
4,5,layer1.2.conv1,0.0506665
4,6,layer1.2.conv2,0.0513056
4,7,layer1.3.conv1,0.0357393
4,8,layer1.3.conv2,0.04512
4,9,layer1.4.conv1,0.0788513
4,10,layer1.4.conv2,0.0744576
4,11,layer1.5.conv1,0.0732049
4,12,layer1.5.conv2,0.0704762
4,13,layer1.6.conv1,0.0746413
4,14,layer1.6.conv2,0.0701301
4,15,layer1.7.conv1,0.0782559
4,16,layer1.7.conv2,0.0761847
4,17,layer1.8.conv1,0.0635908
4,18,layer1.8.conv2,0.0734113
4,19,layer2.0.conv1,0.119991
4,20,layer2.0.conv2,0.143829
4,21,layer2.1.conv1,0.147523
4,22,layer2.1.conv2,0.145681
4,23,layer2.2.conv1,0.134667
4,24,layer2.2.conv2,0.131087
4,25,layer2.3.conv1,0.116221
4,26,layer2.3.conv2,0.112356
4,27,layer2.4.conv1,0.0911667
4,28,layer2.4.conv2,0.0971084
4,29,layer2.5.conv1,0.0654764
4,30,layer2.5.conv2,0.0673939
4,31,layer2.6.conv1,0.0919581
4,32,layer2.6.conv2,0.0935205
4,33,layer2.7.conv1,0.109062
4,34,layer2.7.conv2,0.107063
4,35,layer2.8.conv1,0.12476
4,36,layer2.8.conv2,0.113733
4,37,layer3.0.conv1,0.211517
4,38,layer3.0.conv2,0.20999
4,39,layer3.1.conv1,0.165168
4,40,layer3.1.conv2,0.158333
4,41,layer3.2.conv1,0.151717
4,42,layer3.2.conv2,0.149213
4,43,layer3.3.conv1,0.0975038
4,44,layer3.3.conv2,0.0895702
4,45,layer3.4.conv1,0.0799005
4,46,layer3.4.conv2,0.0797616
4,47,layer3.5.conv1,0.0781724
4,48,layer3.5.conv2,0.0702716
4,49,layer3.6.conv1,0.0794352
4,50,layer3.6.conv2,0.0750446
4,51,layer3.7.conv1,0.0992108
4,52,layer3.7.conv2,0.092768
4,53,layer3.8.conv1,0.18666
4,54,layer3.8.conv2,0.164834
5,0,conv1,0.180452
5,1,layer1.0.conv1,0.06051
5,2,layer1.0.conv2,0.0661711
5,3,layer1.1.conv1,0.0970765
5,4,layer1.1.conv2,0.0701846
5,5,layer1.2.conv1,0.0509549
5,6,layer1.2.conv2,0.0482117
5,7,layer1.3.conv1,0.0359588
5,8,layer1.3.conv2,0.0422374
5,9,layer1.4.conv1,0.065299
5,10,layer1.4.conv2,0.0652793
5,11,layer1.5.conv1,0.0650223
5,12,layer1.5.conv2,0.058789
5,13,layer1.6.conv1,0.0714021
5,14,layer1.6.conv2,0.0696658
5,15,layer1.7.conv1,0.081684
5,16,layer1.7.conv2,0.0740207
5,17,layer1.8.conv1,0.070705
5,18,layer1.8.conv2,0.0679909
5,19,layer2.0.conv1,0.119319
5,20,layer2.0.conv2,0.148061
5,21,layer2.1.conv1,0.146087
5,22,layer2.1.conv2,0.148985
5,23,layer2.2.conv1,0.139452
5,24,layer2.2.conv2,0.131722
5,25,layer2.3.conv1,0.12555
5,26,layer2.3.conv2,0.118778
5,27,layer2.4.conv1,0.102229
5,28,layer2.4.conv2,0.101952
5,29,layer2.5.conv1,0.0778664
5,30,layer2.5.conv2,0.0770529
5,31,layer2.6.conv1,0.104856
5,32,layer2.6.conv2,0.0998841
5,33,layer2.7.conv1,0.111296
5,34,layer2.7.conv2,0.108063
5,35,layer2.8.conv1,0.138969
5,36,layer2.8.conv2,0.124076
5,37,layer3.0.conv1,0.217522
5,38,layer3.0.conv2,0.230516
5,39,layer3.1.conv1,0.187662
5,40,layer3.1.conv2,0.182058
5,41,layer3.2.conv1,0.170169
5,42,layer3.2.conv2,0.160662
5,43,layer3.3.conv1,0.111658
5,44,layer3.3.conv2,0.0991741
5,45,layer3.4.conv1,0.0947977
5,46,layer3.4.conv2,0.0892504
5,47,layer3.5.conv1,0.0925782
5,48,layer3.5.conv2,0.082323
5,49,layer3.6.conv1,0.0929585
5,50,layer3.6.conv2,0.082569
5,51,layer3.7.conv1,0.108824
5,52,layer3.7.conv2,0.101068
5,53,layer3.8.conv1,0.198072
5,54,layer3.8.conv2,0.172262
6,0,conv1,0.164937
6,1,layer1.0.conv1,0.0602896
6,2,layer1.0.conv2,0.0663476
6,3,layer1.1.conv1,0.0911919
6,4,layer1.1.conv2,0.0612776
6,5,layer1.2.conv1,0.046604
6,6,layer1.2.conv2,0.0427946
6,7,layer1.3.conv1,0.0408697
6,8,layer1.3.conv2,0.0461381
6,9,layer1.4.conv1,0.0619368
6,10,layer1.4.conv2,0.0627945
6,11,layer1.5.conv1,0.0687543
6,12,layer1.5.conv2,0.0604003
6,13,layer1.6.conv1,0.0687233
6,14,layer1.6.conv2,0.0617745
6,15,layer1.7.conv1,0.0730892
6,16,layer1.7.conv2,0.0641316
6,17,layer1.8.conv1,0.0713227
6,18,layer1.8.conv2,0.0709065
6,19,layer2.0.conv1,0.121189
6,20,layer2.0.conv2,0.14335
6,21,layer2.1.conv1,0.13557
6,22,layer2.1.conv2,0.131257
6,23,layer2.2.conv1,0.117542
6,24,layer2.2.conv2,0.11429
6,25,layer2.3.conv1,0.119241
6,26,layer2.3.conv2,0.111667
6,27,layer2.4.conv1,0.095231
6,28,layer2.4.conv2,0.0937056
6,29,layer2.5.conv1,0.0745786
6,30,layer2.5.conv2,0.0721875
6,31,layer2.6.conv1,0.0977721
6,32,layer2.6.conv2,0.0932818
6,33,layer2.7.conv1,0.116201
6,34,layer2.7.conv2,0.107712
6,35,layer2.8.conv1,0.136587
6,36,layer2.8.conv2,0.119511
6,37,layer3.0.conv1,0.208274
6,38,layer3.0.conv2,0.22689
6,39,layer3.1.conv1,0.188701
6,40,layer3.1.conv2,0.185664
6,41,layer3.2.conv1,0.170986
6,42,layer3.2.conv2,0.160165
6,43,layer3.3.conv1,0.119888
6,44,layer3.3.conv2,0.108109
6,45,layer3.4.conv1,0.104335
6,46,layer3.4.conv2,0.0954205
6,47,layer3.5.conv1,0.0948856
6,48,layer3.5.conv2,0.0817657
6,49,layer3.6.conv1,0.0941319
6,50,layer3.6.conv2,0.0838923
6,51,layer3.7.conv1,0.117293
6,52,layer3.7.conv2,0.104931
6,53,layer3.8.conv1,0.194715
6,54,layer3.8.conv2,0.164103
7,0,conv1,0.156961
7,1,layer1.0.conv1,0.0514124
7,2,layer1.0.conv2,0.0550567
7,3,layer1.1.conv1,0.0811392
7,4,layer1.1.conv2,0.0597677
7,5,layer1.2.conv1,0.0407021
7,6,layer1.2.conv2,0.0395581
7,7,layer1.3.conv1,0.0415147
7,8,layer1.3.conv2,0.0434718
7,9,layer1.4.conv1,0.0540082
7,10,layer1.4.conv2,0.0611714
7,11,layer1.5.conv1,0.0768002
7,12,layer1.5.conv2,0.0646201
7,13,layer1.6.conv1,0.0754286
7,14,layer1.6.conv2,0.067218
7,15,layer1.7.conv1,0.0781869
7,16,layer1.7.conv2,0.0694119
7,17,layer1.8.conv1,0.0714539
7,18,layer1.8.conv2,0.0699676
7,19,layer2.0.conv1,0.130395
7,20,layer2.0.conv2,0.153859
7,21,layer2.1.conv1,0.140646
7,22,layer2.1.conv2,0.132883
7,23,layer2.2.conv1,0.121203
7,24,layer2.2.conv2,0.109629
7,25,layer2.3.conv1,0.123265
7,26,layer2.3.conv2,0.115524
7,27,layer2.4.conv1,0.10006
7,28,layer2.4.conv2,0.0952199
7,29,layer2.5.conv1,0.0822244
7,30,layer2.5.conv2,0.0785003
7,31,layer2.6.conv1,0.103811
7,32,layer2.6.conv2,0.0969575
7,33,layer2.7.conv1,0.120628
7,34,layer2.7.conv2,0.111895
7,35,layer2.8.conv1,0.143719
7,36,layer2.8.conv2,0.123674
7,37,layer3.0.conv1,0.205638
7,38,layer3.0.conv2,0.225721
7,39,layer3.1.conv1,0.19022
7,40,layer3.1.conv2,0.187539
7,41,layer3.2.conv1,0.174618
7,42,layer3.2.conv2,0.166844
7,43,layer3.3.conv1,0.134864
7,44,layer3.3.conv2,0.125723
7,45,layer3.4.conv1,0.120378
7,46,layer3.4.conv2,0.111455
7,47,layer3.5.conv1,0.10356
7,48,layer3.5.conv2,0.0896375
7,49,layer3.6.conv1,0.105062
7,50,layer3.6.conv2,0.0931211
7,51,layer3.7.conv1,0.123306
7,52,layer3.7.conv2,0.113332
7,53,layer3.8.conv1,0.207853
7,54,layer3.8.conv2,0.174973
8,0,conv1,0.129303
8,1,layer1.0.conv1,0.0581838
8,2,layer1.0.conv2,0.0626449
8,3,layer1.1.conv1,0.0910498
8,4,layer1.1.conv2,0.0620416
8,5,layer1.2.conv1,0.0405968
8,6,layer1.2.conv2,0.03884
8,7,layer1.3.conv1,0.042191
8,8,layer1.3.conv2,0.0392086
8,9,layer1.4.conv1,0.0602257
8,10,layer1.4.conv2,0.0615554
8,11,layer1.5.conv1,0.0762097
8,12,layer1.5.conv2,0.0647767
8,13,layer1.6.conv1,0.0807923
8,14,layer1.6.conv2,0.070424
8,15,layer1.7.conv1,0.0826984
8,16,layer1.7.conv2,0.0732492
8,17,layer1.8.conv1,0.068004
8,18,layer1.8.conv2,0.0666567
8,19,layer2.0.conv1,0.138028
8,20,layer2.0.conv2,0.161863
8,21,layer2.1.conv1,0.135913
8,22,layer2.1.conv2,0.128627
8,23,layer2.2.conv1,0.122875
8,24,layer2.2.conv2,0.114486
8,25,layer2.3.conv1,0.125965
8,26,layer2.3.conv2,0.117726
8,27,layer2.4.conv1,0.101872
8,28,layer2.4.conv2,0.0987004
8,29,layer2.5.conv1,0.0910454
8,30,layer2.5.conv2,0.0872667
8,31,layer2.6.conv1,0.103923
8,32,layer2.6.conv2,0.0986773
8,33,layer2.7.conv1,0.12141
8,34,layer2.7.conv2,0.112747
8,35,layer2.8.conv1,0.149022
8,36,layer2.8.conv2,0.123334
8,37,layer3.0.conv1,0.206985
8,38,layer3.0.conv2,0.229971
8,39,layer3.1.conv1,0.196837
8,40,layer3.1.conv2,0.194398
8,41,layer3.2.conv1,0.185409
8,42,layer3.2.conv2,0.176299
8,43,layer3.3.conv1,0.143272
8,44,layer3.3.conv2,0.133619
8,45,layer3.4.conv1,0.132992
8,46,layer3.4.conv2,0.127657
8,47,layer3.5.conv1,0.112554
8,48,layer3.5.conv2,0.0978516
8,49,layer3.6.conv1,0.115467
8,50,layer3.6.conv2,0.102649
8,51,layer3.7.conv1,0.130676
8,52,layer3.7.conv2,0.121384
8,53,layer3.8.conv1,0.209307
8,54,layer3.8.conv2,0.163882
9,0,conv1,0.143684
9,1,layer1.0.conv1,0.0509125
9,2,layer1.0.conv2,0.0515538
9,3,layer1.1.conv1,0.078525
9,4,layer1.1.conv2,0.0572977
9,5,layer1.2.conv1,0.0399464
9,6,layer1.2.conv2,0.0353874
9,7,layer1.3.conv1,0.0405761
9,8,layer1.3.conv2,0.0365201
9,9,layer1.4.conv1,0.0544895
9,10,layer1.4.conv2,0.06151
9,11,layer1.5.conv1,0.0718282
9,12,layer1.5.conv2,0.0631132
9,13,layer1.6.conv1,0.0738509
9,14,layer1.6.conv2,0.0648376
9,15,layer1.7.conv1,0.0705472
9,16,layer1.7.conv2,0.0670866
9,17,layer1.8.conv1,0.0698521
9,18,layer1.8.conv2,0.0667781
9,19,layer2.0.conv1,0.138525
9,20,layer2.0.conv2,0.154403
9,21,layer2.1.conv1,0.135702
9,22,layer2.1.conv2,0.122309
9,23,layer2.2.conv1,0.113403
9,24,layer2.2.conv2,0.101478
9,25,layer2.3.conv1,0.117609
9,26,layer2.3.conv2,0.108368
9,27,layer2.4.conv1,0.0938066
9,28,layer2.4.conv2,0.0910208
9,29,layer2.5.conv1,0.0830338
9,30,layer2.5.conv2,0.0790244
9,31,layer2.6.conv1,0.0961298
9,32,layer2.6.conv2,0.0906816
9,33,layer2.7.conv1,0.112462
9,34,layer2.7.conv2,0.103305
9,35,layer2.8.conv1,0.143323
9,36,layer2.8.conv2,0.115827
9,37,layer3.0.conv1,0.192824
9,38,layer3.0.conv2,0.215974
9,39,layer3.1.conv1,0.187895
9,40,layer3.1.conv2,0.185899
9,41,layer3.2.conv1,0.181561
9,42,layer3.2.conv2,0.168663
9,43,layer3.3.conv1,0.140519
9,44,layer3.3.conv2,0.129188
9,45,layer3.4.conv1,0.129817
9,46,layer3.4.conv2,0.119606
9,47,layer3.5.conv1,0.108355
9,48,layer3.5.conv2,0.0931161
9,49,layer3.6.conv1,0.105695
9,50,layer3.6.conv2,0.0970687
9,51,layer3.7.conv1,0.127056
9,52,layer3.7.conv2,0.115002
9,53,layer3.8.conv1,0.191402
9,54,layer3.8.conv2,0.146772
10,0,conv1,0.137745
10,1,layer1.0.conv1,0.0480627
10,2,layer1.0.conv2,0.0565094
10,3,layer1.1.conv1,0.0828561
10,4,layer1.1.conv2,0.0558007
10,5,layer1.2.conv1,0.0428069
10,6,layer1.2.conv2,0.037865
10,7,layer1.3.conv1,0.04117
10,8,layer1.3.conv2,0.0379557
10,9,layer1.4.conv1,0.0614889
10,10,layer1.4.conv2,0.0621899
10,11,layer1.5.conv1,0.0701878
10,12,layer1.5.conv2,0.0627259
10,13,layer1.6.conv1,0.0757141
10,14,layer1.6.conv2,0.0660069
10,15,layer1.7.conv1,0.0762989
10,16,layer1.7.conv2,0.0657936
10,17,layer1.8.conv1,0.0679801
10,18,layer1.8.conv2,0.0650631
10,19,layer2.0.conv1,0.142659
10,20,layer2.0.conv2,0.160339
10,21,layer2.1.conv1,0.135647
10,22,layer2.1.conv2,0.122739
10,23,layer2.2.conv1,0.108268
10,24,layer2.2.conv2,0.0989423
10,25,layer2.3.conv1,0.114954
10,26,layer2.3.conv2,0.107903
10,27,layer2.4.conv1,0.0963562
10,28,layer2.4.conv2,0.0912871
10,29,layer2.5.conv1,0.0873354
10,30,layer2.5.conv2,0.0827688
10,31,layer2.6.conv1,0.0995064
10,32,layer2.6.conv2,0.0914787
10,33,layer2.7.conv1,0.118396
10,34,layer2.7.conv2,0.105493
10,35,layer2.8.conv1,0.144301
10,36,layer2.8.conv2,0.116277
10,37,layer3.0.conv1,0.198732
10,38,layer3.0.conv2,0.224283
10,39,layer3.1.conv1,0.196201
10,40,layer3.1.conv2,0.196312
10,41,layer3.2.conv1,0.188815
10,42,layer3.2.conv2,0.178058
10,43,layer3.3.conv1,0.14973
10,44,layer3.3.conv2,0.14117
10,45,layer3.4.conv1,0.141169
10,46,layer3.4.conv2,0.13319
10,47,layer3.5.conv1,0.128003
10,48,layer3.5.conv2,0.111354
10,49,layer3.6.conv1,0.122583
10,50,layer3.6.conv2,0.110484
10,51,layer3.7.conv1,0.134128
10,52,layer3.7.conv2,0.125253
10,53,layer3.8.conv1,0.205854
10,54,layer3.8.conv2,0.161085
11,0,conv1,0.116543
11,1,layer1.0.conv1,0.0544875
11,2,layer1.0.conv2,0.0549476
11,3,layer1.1.conv1,0.0766919
11,4,layer1.1.conv2,0.0569875
11,5,layer1.2.conv1,0.042795
11,6,layer1.2.conv2,0.0384639
11,7,layer1.3.conv1,0.0434369
11,8,layer1.3.conv2,0.0375133
11,9,layer1.4.conv1,0.0546292
11,10,layer1.4.conv2,0.0569359
11,11,layer1.5.conv1,0.0653241
11,12,layer1.5.conv2,0.0627417
11,13,layer1.6.conv1,0.0737637
11,14,layer1.6.conv2,0.064716
11,15,layer1.7.conv1,0.0665375
11,16,layer1.7.conv2,0.0605285
11,17,layer1.8.conv1,0.0677358
11,18,layer1.8.conv2,0.0633281
11,19,layer2.0.conv1,0.136966
11,20,layer2.0.conv2,0.15676
11,21,layer2.1.conv1,0.125039
11,22,layer2.1.conv2,0.11594
11,23,layer2.2.conv1,0.107008
11,24,layer2.2.conv2,0.100201
11,25,layer2.3.conv1,0.113581
11,26,layer2.3.conv2,0.105032
11,27,layer2.4.conv1,0.0930514
11,28,layer2.4.conv2,0.0870947
11,29,layer2.5.conv1,0.0823266
11,30,layer2.5.conv2,0.0781663
11,31,layer2.6.conv1,0.0953371
11,32,layer2.6.conv2,0.089203
11,33,layer2.7.conv1,0.117191
11,34,layer2.7.conv2,0.105017
11,35,layer2.8.conv1,0.141449
11,36,layer2.8.conv2,0.11458
11,37,layer3.0.conv1,0.19434
11,38,layer3.0.conv2,0.217734
11,39,layer3.1.conv1,0.19615
11,40,layer3.1.conv2,0.192116
11,41,layer3.2.conv1,0.188673
11,42,layer3.2.conv2,0.172807
11,43,layer3.3.conv1,0.146409
11,44,layer3.3.conv2,0.136642
11,45,layer3.4.conv1,0.137265
11,46,layer3.4.conv2,0.12763
11,47,layer3.5.conv1,0.122735
11,48,layer3.5.conv2,0.10859
11,49,layer3.6.conv1,0.118244
11,50,layer3.6.conv2,0.10886
11,51,layer3.7.conv1,0.129772
11,52,layer3.7.conv2,0.116134
11,53,layer3.8.conv1,0.194846
11,54,layer3.8.conv2,0.146165
12,0,conv1,0.134106
12,1,layer1.0.conv1,0.0530392
12,2,layer1.0.conv2,0.0531028
12,3,layer1.1.conv1,0.0709802
12,4,layer1.1.conv2,0.0544114
12,5,layer1.2.conv1,0.0422347
12,6,layer1.2.conv2,0.0392363
12,7,layer1.3.conv1,0.044041
12,8,layer1.3.conv2,0.0407972
12,9,layer1.4.conv1,0.0568139
12,10,layer1.4.conv2,0.0568279
12,11,layer1.5.conv1,0.0653354
12,12,layer1.5.conv2,0.0618409
12,13,layer1.6.conv1,0.0716181
12,14,layer1.6.conv2,0.0647664
12,15,layer1.7.conv1,0.0692014
12,16,layer1.7.conv2,0.0649902
12,17,layer1.8.conv1,0.0667711
12,18,layer1.8.conv2,0.0647708
12,19,layer2.0.conv1,0.131676
12,20,layer2.0.conv2,0.153885
12,21,layer2.1.conv1,0.124155
12,22,layer2.1.conv2,0.111948
12,23,layer2.2.conv1,0.104598
12,24,layer2.2.conv2,0.095711
12,25,layer2.3.conv1,0.10969
12,26,layer2.3.conv2,0.100107
12,27,layer2.4.conv1,0.0923918
12,28,layer2.4.conv2,0.0852594
12,29,layer2.5.conv1,0.0822446
12,30,layer2.5.conv2,0.0763968
12,31,layer2.6.conv1,0.0937369
12,32,layer2.6.conv2,0.0862588
12,33,layer2.7.conv1,0.119516
12,34,layer2.7.conv2,0.103842
12,35,layer2.8.conv1,0.14282
12,36,layer2.8.conv2,0.112523
12,37,layer3.0.conv1,0.1877
12,38,layer3.0.conv2,0.211734
12,39,layer3.1.conv1,0.188
12,40,layer3.1.conv2,0.186718
12,41,layer3.2.conv1,0.181924
12,42,layer3.2.conv2,0.164625
12,43,layer3.3.conv1,0.147736
12,44,layer3.3.conv2,0.135805
12,45,layer3.4.conv1,0.134351
12,46,layer3.4.conv2,0.124723
12,47,layer3.5.conv1,0.12038
12,48,layer3.5.conv2,0.104307
12,49,layer3.6.conv1,0.117699
12,50,layer3.6.conv2,0.107102
12,51,layer3.7.conv1,0.126543
12,52,layer3.7.conv2,0.116325
12,53,layer3.8.conv1,0.187755
12,54,layer3.8.conv2,0.139353
13,0,conv1,0.126023
13,1,layer1.0.conv1,0.0562879
13,2,layer1.0.conv2,0.0554272
13,3,layer1.1.conv1,0.0734472
13,4,layer1.1.conv2,0.0565331
13,5,layer1.2.conv1,0.0446866
13,6,layer1.2.conv2,0.03961
13,7,layer1.3.conv1,0.0429017
13,8,layer1.3.conv2,0.0393926
13,9,layer1.4.conv1,0.0574149
13,10,layer1.4.conv2,0.0590037
13,11,layer1.5.conv1,0.0707437
13,12,layer1.5.conv2,0.065849
13,13,layer1.6.conv1,0.0749613
13,14,layer1.6.conv2,0.0666479
13,15,layer1.7.conv1,0.0698409
13,16,layer1.7.conv2,0.067039
13,17,layer1.8.conv1,0.0704412
13,18,layer1.8.conv2,0.0668138
13,19,layer2.0.conv1,0.139032
13,20,layer2.0.conv2,0.155142
13,21,layer2.1.conv1,0.122856
13,22,layer2.1.conv2,0.11293
13,23,layer2.2.conv1,0.107456
13,24,layer2.2.conv2,0.0970965
13,25,layer2.3.conv1,0.108779
13,26,layer2.3.conv2,0.10054
13,27,layer2.4.conv1,0.091927
13,28,layer2.4.conv2,0.0841081
13,29,layer2.5.conv1,0.0881475
13,30,layer2.5.conv2,0.0822937
13,31,layer2.6.conv1,0.0985131
13,32,layer2.6.conv2,0.0916382
13,33,layer2.7.conv1,0.12269
13,34,layer2.7.conv2,0.1045
13,35,layer2.8.conv1,0.148397
13,36,layer2.8.conv2,0.119336
13,37,layer3.0.conv1,0.194029
13,38,layer3.0.conv2,0.220468
13,39,layer3.1.conv1,0.192645
13,40,layer3.1.conv2,0.192539
13,41,layer3.2.conv1,0.190738
13,42,layer3.2.conv2,0.174626
13,43,layer3.3.conv1,0.156289
13,44,layer3.3.conv2,0.144841
13,45,layer3.4.conv1,0.150097
13,46,layer3.4.conv2,0.136896
13,47,layer3.5.conv1,0.126831
13,48,layer3.5.conv2,0.113155
13,49,layer3.6.conv1,0.12397
13,50,layer3.6.conv2,0.11448
13,51,layer3.7.conv1,0.133214
13,52,layer3.7.conv2,0.123908
13,53,layer3.8.conv1,0.19909
13,54,layer3.8.conv2,0.143087
14,0,conv1,0.127638
14,1,layer1.0.conv1,0.0535029
14,2,layer1.0.conv2,0.0537935
14,3,layer1.1.conv1,0.0772946
14,4,layer1.1.conv2,0.0541371
14,5,layer1.2.conv1,0.0458969
14,6,layer1.2.conv2,0.0422967
14,7,layer1.3.conv1,0.0453115
14,8,layer1.3.conv2,0.0408937
14,9,layer1.4.conv1,0.0610677
14,10,layer1.4.conv2,0.059079
14,11,layer1.5.conv1,0.0684692
14,12,layer1.5.conv2,0.066099
14,13,layer1.6.conv1,0.0801471
14,14,layer1.6.conv2,0.0699504
14,15,layer1.7.conv1,0.0739461
14,16,layer1.7.conv2,0.0696054
14,17,layer1.8.conv1,0.0705028
14,18,layer1.8.conv2,0.0670338
14,19,layer2.0.conv1,0.139954
14,20,layer2.0.conv2,0.160599
14,21,layer2.1.conv1,0.129361
14,22,layer2.1.conv2,0.11662
14,23,layer2.2.conv1,0.110131
14,24,layer2.2.conv2,0.0982497
14,25,layer2.3.conv1,0.110993
14,26,layer2.3.conv2,0.10097
14,27,layer2.4.conv1,0.0933019
14,28,layer2.4.conv2,0.0862707
14,29,layer2.5.conv1,0.0914416
14,30,layer2.5.conv2,0.0827506
14,31,layer2.6.conv1,0.100117
14,32,layer2.6.conv2,0.0930279
14,33,layer2.7.conv1,0.120766
14,34,layer2.7.conv2,0.10328
14,35,layer2.8.conv1,0.146217
14,36,layer2.8.conv2,0.117134
14,37,layer3.0.conv1,0.197522
14,38,layer3.0.conv2,0.226393
14,39,layer3.1.conv1,0.194658
14,40,layer3.1.conv2,0.193612
14,41,layer3.2.conv1,0.196123
14,42,layer3.2.conv2,0.174721
14,43,layer3.3.conv1,0.156469
14,44,layer3.3.conv2,0.146444
14,45,layer3.4.conv1,0.156966
14,46,layer3.4.conv2,0.140583
14,47,layer3.5.conv1,0.138198
14,48,layer3.5.conv2,0.120314
14,49,layer3.6.conv1,0.128898
14,50,layer3.6.conv2,0.117579
14,51,layer3.7.conv1,0.140332
14,52,layer3.7.conv2,0.125008
14,53,layer3.8.conv1,0.210378
14,54,layer3.8.conv2,0.150519
15,0,conv1,0.134449
15,1,layer1.0.conv1,0.0610059
15,2,layer1.0.conv2,0.0634324
15,3,layer1.1.conv1,0.077874
15,4,layer1.1.conv2,0.0577729
15,5,layer1.2.conv1,0.0478933
15,6,layer1.2.conv2,0.0420602
15,7,layer1.3.conv1,0.0457646
15,8,layer1.3.conv2,0.0409032
15,9,layer1.4.conv1,0.0642543
15,10,layer1.4.conv2,0.0601402
15,11,layer1.5.conv1,0.0689714
15,12,layer1.5.conv2,0.0633468
15,13,layer1.6.conv1,0.0768014
15,14,layer1.6.conv2,0.0685486
15,15,layer1.7.conv1,0.0715046
15,16,layer1.7.conv2,0.0660797
15,17,layer1.8.conv1,0.0696134
15,18,layer1.8.conv2,0.0635335
15,19,layer2.0.conv1,0.134398
15,20,layer2.0.conv2,0.160124
15,21,layer2.1.conv1,0.130691
15,22,layer2.1.conv2,0.117315
15,23,layer2.2.conv1,0.111309
15,24,layer2.2.conv2,0.0970109
15,25,layer2.3.conv1,0.106209
15,26,layer2.3.conv2,0.0968819
15,27,layer2.4.conv1,0.0976087
15,28,layer2.4.conv2,0.0875461
15,29,layer2.5.conv1,0.0866392
15,30,layer2.5.conv2,0.0785014
15,31,layer2.6.conv1,0.093705
15,32,layer2.6.conv2,0.0890942
15,33,layer2.7.conv1,0.122033
15,34,layer2.7.conv2,0.10368
15,35,layer2.8.conv1,0.140792
15,36,layer2.8.conv2,0.114095
15,37,layer3.0.conv1,0.193864
15,38,layer3.0.conv2,0.223654
15,39,layer3.1.conv1,0.194067
15,40,layer3.1.conv2,0.192477
15,41,layer3.2.conv1,0.193175
15,42,layer3.2.conv2,0.173153
15,43,layer3.3.conv1,0.156555
15,44,layer3.3.conv2,0.143713
15,45,layer3.4.conv1,0.153887
15,46,layer3.4.conv2,0.139189
15,47,layer3.5.conv1,0.13703
15,48,layer3.5.conv2,0.118795
15,49,layer3.6.conv1,0.131851
15,50,layer3.6.conv2,0.116099
15,51,layer3.7.conv1,0.142316
15,52,layer3.7.conv2,0.125841
15,53,layer3.8.conv1,0.199113
15,54,layer3.8.conv2,0.141642
16,0,conv1,0.136468
16,1,layer1.0.conv1,0.054536
16,2,layer1.0.conv2,0.0635488
16,3,layer1.1.conv1,0.0720142
16,4,layer1.1.conv2,0.0556353
16,5,layer1.2.conv1,0.0488576
16,6,layer1.2.conv2,0.0419917
16,7,layer1.3.conv1,0.0436648
16,8,layer1.3.conv2,0.0414688
16,9,layer1.4.conv1,0.0595005
16,10,layer1.4.conv2,0.0554448
16,11,layer1.5.conv1,0.0649787
16,12,layer1.5.conv2,0.0605766
16,13,layer1.6.conv1,0.0716844
16,14,layer1.6.conv2,0.0665423
16,15,layer1.7.conv1,0.0647995
16,16,layer1.7.conv2,0.0634548
16,17,layer1.8.conv1,0.0651922
16,18,layer1.8.conv2,0.0608568
16,19,layer2.0.conv1,0.130612
16,20,layer2.0.conv2,0.151874
16,21,layer2.1.conv1,0.122721
16,22,layer2.1.conv2,0.11248
16,23,layer2.2.conv1,0.107113
16,24,layer2.2.conv2,0.0940556
16,25,layer2.3.conv1,0.109234
16,26,layer2.3.conv2,0.0968015
16,27,layer2.4.conv1,0.0937466
16,28,layer2.4.conv2,0.0843886
16,29,layer2.5.conv1,0.0839646
16,30,layer2.5.conv2,0.0781659
16,31,layer2.6.conv1,0.0905258
16,32,layer2.6.conv2,0.0846233
16,33,layer2.7.conv1,0.116319
16,34,layer2.7.conv2,0.0975337
16,35,layer2.8.conv1,0.133763
16,36,layer2.8.conv2,0.111015
16,37,layer3.0.conv1,0.187707
16,38,layer3.0.conv2,0.217337
16,39,layer3.1.conv1,0.187063
16,40,layer3.1.conv2,0.185939
16,41,layer3.2.conv1,0.18891
16,42,layer3.2.conv2,0.171334
16,43,layer3.3.conv1,0.158163
16,44,layer3.3.conv2,0.144327
16,45,layer3.4.conv1,0.151578
16,46,layer3.4.conv2,0.135348
16,47,layer3.5.conv1,0.131433
16,48,layer3.5.conv2,0.114461
16,49,layer3.6.conv1,0.12906
16,50,layer3.6.conv2,0.115272
16,51,layer3.7.conv1,0.141278
16,52,layer3.7.conv2,0.126847
16,53,layer3.8.conv1,0.194709
16,54,layer3.8.conv2,0.13683
17,0,conv1,0.131065
17,1,layer1.0.conv1,0.0577747
17,2,layer1.0.conv2,0.0561536
17,3,layer1.1.conv1,0.0674242
17,4,layer1.1.conv2,0.0530783
17,5,layer1.2.conv1,0.0445537
17,6,layer1.2.conv2,0.0400836
17,7,layer1.3.conv1,0.0437333
17,8,layer1.3.conv2,0.0412686
17,9,layer1.4.conv1,0.0600221
17,10,layer1.4.conv2,0.055943
17,11,layer1.5.conv1,0.0666037
17,12,layer1.5.conv2,0.0609243
17,13,layer1.6.conv1,0.0708522
17,14,layer1.6.conv2,0.0596041
17,15,layer1.7.conv1,0.0677506
17,16,layer1.7.conv2,0.0628462
17,17,layer1.8.conv1,0.0655266
17,18,layer1.8.conv2,0.0622063
17,19,layer2.0.conv1,0.132123
17,20,layer2.0.conv2,0.156539
17,21,layer2.1.conv1,0.122027
17,22,layer2.1.conv2,0.111031
17,23,layer2.2.conv1,0.101589
17,24,layer2.2.conv2,0.0928348
17,25,layer2.3.conv1,0.109895
17,26,layer2.3.conv2,0.0970739
17,27,layer2.4.conv1,0.0975371
17,28,layer2.4.conv2,0.086879
17,29,layer2.5.conv1,0.0924603
17,30,layer2.5.conv2,0.0805515
17,31,layer2.6.conv1,0.0956641
17,32,layer2.6.conv2,0.0891291
17,33,layer2.7.conv1,0.121913
17,34,layer2.7.conv2,0.0996926
17,35,layer2.8.conv1,0.141766
17,36,layer2.8.conv2,0.113953
17,37,layer3.0.conv1,0.192109
17,38,layer3.0.conv2,0.224103
17,39,layer3.1.conv1,0.19346
17,40,layer3.1.conv2,0.193842
17,41,layer3.2.conv1,0.196993
17,42,layer3.2.conv2,0.176767
17,43,layer3.3.conv1,0.168732
17,44,layer3.3.conv2,0.152128
17,45,layer3.4.conv1,0.160178
17,46,layer3.4.conv2,0.142752
17,47,layer3.5.conv1,0.14274
17,48,layer3.5.conv2,0.121029
17,49,layer3.6.conv1,0.133988
17,50,layer3.6.conv2,0.11913
17,51,layer3.7.conv1,0.147003
17,52,layer3.7.conv2,0.127851
17,53,layer3.8.conv1,0.202449
17,54,layer3.8.conv2,0.140605
18,0,conv1,0.137958
18,1,layer1.0.conv1,0.0569902
18,2,layer1.0.conv2,0.0592672
18,3,layer1.1.conv1,0.064897
18,4,layer1.1.conv2,0.0535803
18,5,layer1.2.conv1,0.0421024
18,6,layer1.2.conv2,0.0371317
18,7,layer1.3.conv1,0.0438923
18,8,layer1.3.conv2,0.0397108
18,9,layer1.4.conv1,0.0587681
18,10,layer1.4.conv2,0.0533684
18,11,layer1.5.conv1,0.0654987
18,12,layer1.5.conv2,0.0585903
18,13,layer1.6.conv1,0.0758336
18,14,layer1.6.conv2,0.0657229
18,15,layer1.7.conv1,0.0655351
18,16,layer1.7.conv2,0.0618413
18,17,layer1.8.conv1,0.0713964
18,18,layer1.8.conv2,0.0637305
18,19,layer2.0.conv1,0.130018
18,20,layer2.0.conv2,0.154401
18,21,layer2.1.conv1,0.121975
18,22,layer2.1.conv2,0.111618
18,23,layer2.2.conv1,0.0972845
18,24,layer2.2.conv2,0.0891661
18,25,layer2.3.conv1,0.103974
18,26,layer2.3.conv2,0.0937439
18,27,layer2.4.conv1,0.0963425
18,28,layer2.4.conv2,0.0879597
18,29,layer2.5.conv1,0.096313
18,30,layer2.5.conv2,0.0834216
18,31,layer2.6.conv1,0.0953222
18,32,layer2.6.conv2,0.0878459
18,33,layer2.7.conv1,0.114329
18,34,layer2.7.conv2,0.0975723
18,35,layer2.8.conv1,0.138604
18,36,layer2.8.conv2,0.110022
18,37,layer3.0.conv1,0.190629
18,38,layer3.0.conv2,0.219717
18,39,layer3.1.conv1,0.184239
18,40,layer3.1.conv2,0.186172
18,41,layer3.2.conv1,0.185441
18,42,layer3.2.conv2,0.169185
18,43,layer3.3.conv1,0.157843
18,44,layer3.3.conv2,0.143852
18,45,layer3.4.conv1,0.160391
18,46,layer3.4.conv2,0.141815
18,47,layer3.5.conv1,0.140613
18,48,layer3.5.conv2,0.11957
18,49,layer3.6.conv1,0.137194
18,50,layer3.6.conv2,0.119934
18,51,layer3.7.conv1,0.140214
18,52,layer3.7.conv2,0.122396
18,53,layer3.8.conv1,0.199057
18,54,layer3.8.conv2,0.137513
19,0,conv1,0.126939
19,1,layer1.0.conv1,0.0578851
19,2,layer1.0.conv2,0.0565952
19,3,layer1.1.conv1,0.067444
19,4,layer1.1.conv2,0.0553075
19,5,layer1.2.conv1,0.0448691
19,6,layer1.2.conv2,0.03877
19,7,layer1.3.conv1,0.0428656
19,8,layer1.3.conv2,0.0402906
19,9,layer1.4.conv1,0.0607198
19,10,layer1.4.conv2,0.0571709
19,11,layer1.5.conv1,0.0653462
19,12,layer1.5.conv2,0.0592769
19,13,layer1.6.conv1,0.0763169
19,14,layer1.6.conv2,0.0658354
19,15,layer1.7.conv1,0.0654007
19,16,layer1.7.conv2,0.0640823
19,17,layer1.8.conv1,0.0697801
19,18,layer1.8.conv2,0.0613881
19,19,layer2.0.conv1,0.135681
19,20,layer2.0.conv2,0.157882
19,21,layer2.1.conv1,0.122353
19,22,layer2.1.conv2,0.112397
19,23,layer2.2.conv1,0.101974
19,24,layer2.2.conv2,0.0924057
19,25,layer2.3.conv1,0.109872
19,26,layer2.3.conv2,0.0978615
19,27,layer2.4.conv1,0.0964642
19,28,layer2.4.conv2,0.08739
19,29,layer2.5.conv1,0.0896948
19,30,layer2.5.conv2,0.0798253
19,31,layer2.6.conv1,0.0970573
19,32,layer2.6.conv2,0.0890953
19,33,layer2.7.conv1,0.118871
19,34,layer2.7.conv2,0.100631
19,35,layer2.8.conv1,0.13556
19,36,layer2.8.conv2,0.110739
19,37,layer3.0.conv1,0.189442
19,38,layer3.0.conv2,0.225386
19,39,layer3.1.conv1,0.189665
19,40,layer3.1.conv2,0.193009
19,41,layer3.2.conv1,0.195698
19,42,layer3.2.conv2,0.177095
19,43,layer3.3.conv1,0.166254
19,44,layer3.3.conv2,0.150927
19,45,layer3.4.conv1,0.16473
19,46,layer3.4.conv2,0.145305
19,47,layer3.5.conv1,0.140653
19,48,layer3.5.conv2,0.122061
19,49,layer3.6.conv1,0.144001
19,50,layer3.6.conv2,0.126463
19,51,layer3.7.conv1,0.149362
19,52,layer3.7.conv2,0.125473
19,53,layer3.8.conv1,0.20323
19,54,layer3.8.conv2,0.136693
20,0,conv1,0.141248
20,1,layer1.0.conv1,0.0598842
20,2,layer1.0.conv2,0.0637163
20,3,layer1.1.conv1,0.0753723
20,4,layer1.1.conv2,0.0611081
20,5,layer1.2.conv1,0.0496589
20,6,layer1.2.conv2,0.0424943
20,7,layer1.3.conv1,0.0498511
20,8,layer1.3.conv2,0.045903
20,9,layer1.4.conv1,0.0672245
20,10,layer1.4.conv2,0.0637193
20,11,layer1.5.conv1,0.0771421
20,12,layer1.5.conv2,0.0702722
20,13,layer1.6.conv1,0.0904249
20,14,layer1.6.conv2,0.0734964
20,15,layer1.7.conv1,0.0677288
20,16,layer1.7.conv2,0.0665182
20,17,layer1.8.conv1,0.0815671
20,18,layer1.8.conv2,0.072956
20,19,layer2.0.conv1,0.145752
20,20,layer2.0.conv2,0.169978
20,21,layer2.1.conv1,0.136298
20,22,layer2.1.conv2,0.123397
20,23,layer2.2.conv1,0.111756
20,24,layer2.2.conv2,0.103094
20,25,layer2.3.conv1,0.120441
20,26,layer2.3.conv2,0.106819
20,27,layer2.4.conv1,0.107256
20,28,layer2.4.conv2,0.0975607
20,29,layer2.5.conv1,0.104013
20,30,layer2.5.conv2,0.0894222
20,31,layer2.6.conv1,0.101032
20,32,layer2.6.conv2,0.0925319
20,33,layer2.7.conv1,0.127629
20,34,layer2.7.conv2,0.108147
20,35,layer2.8.conv1,0.15623
20,36,layer2.8.conv2,0.123904
20,37,layer3.0.conv1,0.207288
20,38,layer3.0.conv2,0.2461
20,39,layer3.1.conv1,0.201789
20,40,layer3.1.conv2,0.205538
20,41,layer3.2.conv1,0.208221
20,42,layer3.2.conv2,0.190506
20,43,layer3.3.conv1,0.186145
20,44,layer3.3.conv2,0.165999
20,45,layer3.4.conv1,0.184435
20,46,layer3.4.conv2,0.160598
20,47,layer3.5.conv1,0.15967
20,48,layer3.5.conv2,0.136821
20,49,layer3.6.conv1,0.154654
20,50,layer3.6.conv2,0.134764
20,51,layer3.7.conv1,0.164362
20,52,layer3.7.conv2,0.139841
20,53,layer3.8.conv1,0.219094
20,54,layer3.8.conv2,0.14787
21,0,conv1,0.115311
21,1,layer1.0.conv1,0.0508215
21,2,layer1.0.conv2,0.0496946
21,3,layer1.1.conv1,0.063953
21,4,layer1.1.conv2,0.0512292
21,5,layer1.2.conv1,0.0454088
21,6,layer1.2.conv2,0.0396712
21,7,layer1.3.conv1,0.0428427
21,8,layer1.3.conv2,0.040619
21,9,layer1.4.conv1,0.0597968
21,10,layer1.4.conv2,0.0530769
21,11,layer1.5.conv1,0.0647856
21,12,layer1.5.conv2,0.0596915
21,13,layer1.6.conv1,0.0784858
21,14,layer1.6.conv2,0.0656488
21,15,layer1.7.conv1,0.0627685
21,16,layer1.7.conv2,0.0611658
21,17,layer1.8.conv1,0.0693144
21,18,layer1.8.conv2,0.0631275
21,19,layer2.0.conv1,0.130082
21,20,layer2.0.conv2,0.15005
21,21,layer2.1.conv1,0.118524
21,22,layer2.1.conv2,0.106625
21,23,layer2.2.conv1,0.0965348
21,24,layer2.2.conv2,0.0883159
21,25,layer2.3.conv1,0.101142
21,26,layer2.3.conv2,0.0942096
21,27,layer2.4.conv1,0.0980688
21,28,layer2.4.conv2,0.0895163
21,29,layer2.5.conv1,0.0912696
21,30,layer2.5.conv2,0.0791097
21,31,layer2.6.conv1,0.0963883
21,32,layer2.6.conv2,0.0862779
21,33,layer2.7.conv1,0.116299
21,34,layer2.7.conv2,0.0972349
21,35,layer2.8.conv1,0.13564
21,36,layer2.8.conv2,0.109651
21,37,layer3.0.conv1,0.183317
21,38,layer3.0.conv2,0.218985
21,39,layer3.1.conv1,0.182705
21,40,layer3.1.conv2,0.184441
21,41,layer3.2.conv1,0.18595
21,42,layer3.2.conv2,0.16725
21,43,layer3.3.conv1,0.159262
21,44,layer3.3.conv2,0.14278
21,45,layer3.4.conv1,0.162208
21,46,layer3.4.conv2,0.142036
21,47,layer3.5.conv1,0.141053
21,48,layer3.5.conv2,0.118698
21,49,layer3.6.conv1,0.142382
21,50,layer3.6.conv2,0.121829
21,51,layer3.7.conv1,0.145145
21,52,layer3.7.conv2,0.123874
21,53,layer3.8.conv1,0.194864
21,54,layer3.8.conv2,0.134529
22,0,conv1,0.116199
22,1,layer1.0.conv1,0.0582836
22,2,layer1.0.conv2,0.0609049
22,3,layer1.1.conv1,0.0653504
22,4,layer1.1.conv2,0.0535365
22,5,layer1.2.conv1,0.0436087
22,6,layer1.2.conv2,0.0390064
22,7,layer1.3.conv1,0.0468965
22,8,layer1.3.conv2,0.0439366
22,9,layer1.4.conv1,0.063046
22,10,layer1.4.conv2,0.0560522
22,11,layer1.5.conv1,0.0643643
22,12,layer1.5.conv2,0.0585648
22,13,layer1.6.conv1,0.0754301
22,14,layer1.6.conv2,0.0640812
22,15,layer1.7.conv1,0.0672695
22,16,layer1.7.conv2,0.0636996
22,17,layer1.8.conv1,0.0727823
22,18,layer1.8.conv2,0.0676723
22,19,layer2.0.conv1,0.131323
22,20,layer2.0.conv2,0.157067
22,21,layer2.1.conv1,0.125628
22,22,layer2.1.conv2,0.111576
22,23,layer2.2.conv1,0.104534
22,24,layer2.2.conv2,0.0930016
22,25,layer2.3.conv1,0.108087
22,26,layer2.3.conv2,0.0950562
22,27,layer2.4.conv1,0.100072
22,28,layer2.4.conv2,0.0897489
22,29,layer2.5.conv1,0.0895848
22,30,layer2.5.conv2,0.0787113
22,31,layer2.6.conv1,0.0978241
22,32,layer2.6.conv2,0.0903324
22,33,layer2.7.conv1,0.119176
22,34,layer2.7.conv2,0.0993835
22,35,layer2.8.conv1,0.137306
22,36,layer2.8.conv2,0.111941
22,37,layer3.0.conv1,0.185229
22,38,layer3.0.conv2,0.22186
22,39,layer3.1.conv1,0.186843
22,40,layer3.1.conv2,0.187879
22,41,layer3.2.conv1,0.190076
22,42,layer3.2.conv2,0.172805
22,43,layer3.3.conv1,0.167236
22,44,layer3.3.conv2,0.149225
22,45,layer3.4.conv1,0.164782
22,46,layer3.4.conv2,0.144784
22,47,layer3.5.conv1,0.150902
22,48,layer3.5.conv2,0.126047
22,49,layer3.6.conv1,0.142567
22,50,layer3.6.conv2,0.123513
22,51,layer3.7.conv1,0.141065
22,52,layer3.7.conv2,0.121576
22,53,layer3.8.conv1,0.197952
22,54,layer3.8.conv2,0.134392
23,0,conv1,0.138616
23,1,layer1.0.conv1,0.0581259
23,2,layer1.0.conv2,0.059642
23,3,layer1.1.conv1,0.0690105
23,4,layer1.1.conv2,0.0569504
23,5,layer1.2.conv1,0.0450286
23,6,layer1.2.conv2,0.0410619
23,7,layer1.3.conv1,0.0470978
23,8,layer1.3.conv2,0.0462891
23,9,layer1.4.conv1,0.0639585
23,10,layer1.4.conv2,0.0610939
23,11,layer1.5.conv1,0.0721582
23,12,layer1.5.conv2,0.0683774
23,13,layer1.6.conv1,0.080813
23,14,layer1.6.conv2,0.0699188
23,15,layer1.7.conv1,0.0736247
23,16,layer1.7.conv2,0.0683757
23,17,layer1.8.conv1,0.080296
23,18,layer1.8.conv2,0.0727432
23,19,layer2.0.conv1,0.144154
23,20,layer2.0.conv2,0.165183
23,21,layer2.1.conv1,0.129869
23,22,layer2.1.conv2,0.116323
23,23,layer2.2.conv1,0.102899
23,24,layer2.2.conv2,0.0956889
23,25,layer2.3.conv1,0.111783
23,26,layer2.3.conv2,0.101726
23,27,layer2.4.conv1,0.101187
23,28,layer2.4.conv2,0.0918593
23,29,layer2.5.conv1,0.0964985
23,30,layer2.5.conv2,0.083118
23,31,layer2.6.conv1,0.103686
23,32,layer2.6.conv2,0.0949482
23,33,layer2.7.conv1,0.124637
23,34,layer2.7.conv2,0.10369
23,35,layer2.8.conv1,0.141937
23,36,layer2.8.conv2,0.114443
23,37,layer3.0.conv1,0.197477
23,38,layer3.0.conv2,0.235729
23,39,layer3.1.conv1,0.196654
23,40,layer3.1.conv2,0.197587
23,41,layer3.2.conv1,0.200385
23,42,layer3.2.conv2,0.180934
23,43,layer3.3.conv1,0.182969
23,44,layer3.3.conv2,0.162018
23,45,layer3.4.conv1,0.174198
23,46,layer3.4.conv2,0.153978
23,47,layer3.5.conv1,0.156598
23,48,layer3.5.conv2,0.133907
23,49,layer3.6.conv1,0.15116
23,50,layer3.6.conv2,0.128564
23,51,layer3.7.conv1,0.158358
23,52,layer3.7.conv2,0.133572
23,53,layer3.8.conv1,0.210262
23,54,layer3.8.conv2,0.139789
24,0,conv1,0.131012
24,1,layer1.0.conv1,0.0594161
24,2,layer1.0.conv2,0.0635879
24,3,layer1.1.conv1,0.0641191
24,4,layer1.1.conv2,0.0538554
24,5,layer1.2.conv1,0.0430119
24,6,layer1.2.conv2,0.0382889
24,7,layer1.3.conv1,0.0477646
24,8,layer1.3.conv2,0.0440183
24,9,layer1.4.conv1,0.066714
24,10,layer1.4.conv2,0.0580517
24,11,layer1.5.conv1,0.0717199
24,12,layer1.5.conv2,0.0642994
24,13,layer1.6.conv1,0.077721
24,14,layer1.6.conv2,0.0676232
24,15,layer1.7.conv1,0.0711243
24,16,layer1.7.conv2,0.065743
24,17,layer1.8.conv1,0.0746565
24,18,layer1.8.conv2,0.0714374
24,19,layer2.0.conv1,0.136511
24,20,layer2.0.conv2,0.163706
24,21,layer2.1.conv1,0.125931
24,22,layer2.1.conv2,0.111767
24,23,layer2.2.conv1,0.108162
24,24,layer2.2.conv2,0.0974945
24,25,layer2.3.conv1,0.112753
24,26,layer2.3.conv2,0.0996786
24,27,layer2.4.conv1,0.0959259
24,28,layer2.4.conv2,0.0843053
24,29,layer2.5.conv1,0.0950445
24,30,layer2.5.conv2,0.0803145
24,31,layer2.6.conv1,0.0960682
24,32,layer2.6.conv2,0.0871266
24,33,layer2.7.conv1,0.119856
24,34,layer2.7.conv2,0.0986564
24,35,layer2.8.conv1,0.139125
24,36,layer2.8.conv2,0.113979
24,37,layer3.0.conv1,0.192247
24,38,layer3.0.conv2,0.231451
24,39,layer3.1.conv1,0.192782
24,40,layer3.1.conv2,0.192798
24,41,layer3.2.conv1,0.197193
24,42,layer3.2.conv2,0.180786
24,43,layer3.3.conv1,0.172981
24,44,layer3.3.conv2,0.156791
24,45,layer3.4.conv1,0.171398
24,46,layer3.4.conv2,0.151949
24,47,layer3.5.conv1,0.157215
24,48,layer3.5.conv2,0.133215
24,49,layer3.6.conv1,0.151946
24,50,layer3.6.conv2,0.12971
24,51,layer3.7.conv1,0.157517
24,52,layer3.7.conv2,0.133347
24,53,layer3.8.conv1,0.206725
24,54,layer3.8.conv2,0.139889
25,0,conv1,0.128828
25,1,layer1.0.conv1,0.0547329
25,2,layer1.0.conv2,0.0594231
25,3,layer1.1.conv1,0.068009
25,4,layer1.1.conv2,0.0559078
25,5,layer1.2.conv1,0.0486221
25,6,layer1.2.conv2,0.0410907
25,7,layer1.3.conv1,0.0464777
25,8,layer1.3.conv2,0.0415609
25,9,layer1.4.conv1,0.065811
25,10,layer1.4.conv2,0.0568398
25,11,layer1.5.conv1,0.0670329
25,12,layer1.5.conv2,0.0650237
25,13,layer1.6.conv1,0.0787019
25,14,layer1.6.conv2,0.0689106
25,15,layer1.7.conv1,0.0693519
25,16,layer1.7.conv2,0.0672811
25,17,layer1.8.conv1,0.0786604
25,18,layer1.8.conv2,0.0713884
25,19,layer2.0.conv1,0.133974
25,20,layer2.0.conv2,0.159737
25,21,layer2.1.conv1,0.123826
25,22,layer2.1.conv2,0.11428
25,23,layer2.2.conv1,0.100611
25,24,layer2.2.conv2,0.0923932
25,25,layer2.3.conv1,0.110076
25,26,layer2.3.conv2,0.0993078
25,27,layer2.4.conv1,0.0962404
25,28,layer2.4.conv2,0.0857878
25,29,layer2.5.conv1,0.0956252
25,30,layer2.5.conv2,0.0841413
25,31,layer2.6.conv1,0.104503
25,32,layer2.6.conv2,0.0950541
25,33,layer2.7.conv1,0.12048
25,34,layer2.7.conv2,0.101416
25,35,layer2.8.conv1,0.13962
25,36,layer2.8.conv2,0.113032
25,37,layer3.0.conv1,0.193774
25,38,layer3.0.conv2,0.231808
25,39,layer3.1.conv1,0.193012
25,40,layer3.1.conv2,0.196468
25,41,layer3.2.conv1,0.196465
25,42,layer3.2.conv2,0.181292
25,43,layer3.3.conv1,0.178425
25,44,layer3.3.conv2,0.160324
25,45,layer3.4.conv1,0.169405
25,46,layer3.4.conv2,0.150387
25,47,layer3.5.conv1,0.157342
25,48,layer3.5.conv2,0.134244
25,49,layer3.6.conv1,0.149858
25,50,layer3.6.conv2,0.128189
25,51,layer3.7.conv1,0.156727
25,52,layer3.7.conv2,0.131597
25,53,layer3.8.conv1,0.210178
25,54,layer3.8.conv2,0.139718
26,0,conv1,0.138402
26,1,layer1.0.conv1,0.0618659
26,2,layer1.0.conv2,0.0615136
26,3,layer1.1.conv1,0.068403
26,4,layer1.1.conv2,0.0564381
26,5,layer1.2.conv1,0.0526594
26,6,layer1.2.conv2,0.0455652
26,7,layer1.3.conv1,0.048466
26,8,layer1.3.conv2,0.0447733
26,9,layer1.4.conv1,0.0671223
26,10,layer1.4.conv2,0.0593462
26,11,layer1.5.conv1,0.0737166
26,12,layer1.5.conv2,0.0667807
26,13,layer1.6.conv1,0.0820596
26,14,layer1.6.conv2,0.0732157
26,15,layer1.7.conv1,0.0707202
26,16,layer1.7.conv2,0.0660986
26,17,layer1.8.conv1,0.0738171
26,18,layer1.8.conv2,0.0713715
26,19,layer2.0.conv1,0.144119
26,20,layer2.0.conv2,0.165826
26,21,layer2.1.conv1,0.125083
26,22,layer2.1.conv2,0.115316
26,23,layer2.2.conv1,0.107104
26,24,layer2.2.conv2,0.0957179
26,25,layer2.3.conv1,0.112903
26,26,layer2.3.conv2,0.100341
26,27,layer2.4.conv1,0.103038
26,28,layer2.4.conv2,0.09156
26,29,layer2.5.conv1,0.101421
26,30,layer2.5.conv2,0.0882643
26,31,layer2.6.conv1,0.0984507
26,32,layer2.6.conv2,0.0889141
26,33,layer2.7.conv1,0.124409
26,34,layer2.7.conv2,0.101999
26,35,layer2.8.conv1,0.146876
26,36,layer2.8.conv2,0.119365
26,37,layer3.0.conv1,0.200556
26,38,layer3.0.conv2,0.237943
26,39,layer3.1.conv1,0.200299
26,40,layer3.1.conv2,0.200188
26,41,layer3.2.conv1,0.203713
26,42,layer3.2.conv2,0.18782
26,43,layer3.3.conv1,0.186944
26,44,layer3.3.conv2,0.166426
26,45,layer3.4.conv1,0.174833
26,46,layer3.4.conv2,0.152485
26,47,layer3.5.conv1,0.166945
26,48,layer3.5.conv2,0.141646
26,49,layer3.6.conv1,0.164395
26,50,layer3.6.conv2,0.138714
26,51,layer3.7.conv1,0.158778
26,52,layer3.7.conv2,0.133925
26,53,layer3.8.conv1,0.213548
26,54,layer3.8.conv2,0.141403
27,0,conv1,0.126943
27,1,layer1.0.conv1,0.0561938
27,2,layer1.0.conv2,0.0551802
27,3,layer1.1.conv1,0.0642745
27,4,layer1.1.conv2,0.0517291
27,5,layer1.2.conv1,0.0421165
27,6,layer1.2.conv2,0.0375497
27,7,layer1.3.conv1,0.0441157
27,8,layer1.3.conv2,0.0400956
27,9,layer1.4.conv1,0.0639587
27,10,layer1.4.conv2,0.0568249
27,11,layer1.5.conv1,0.0663574
27,12,layer1.5.conv2,0.0611629
27,13,layer1.6.conv1,0.0746299
27,14,layer1.6.conv2,0.065118
27,15,layer1.7.conv1,0.0667482
27,16,layer1.7.conv2,0.0627688
27,17,layer1.8.conv1,0.0714026
27,18,layer1.8.conv2,0.0657142
27,19,layer2.0.conv1,0.126211
27,20,layer2.0.conv2,0.149948
27,21,layer2.1.conv1,0.115251
27,22,layer2.1.conv2,0.106931
27,23,layer2.2.conv1,0.0998717
27,24,layer2.2.conv2,0.0903048
27,25,layer2.3.conv1,0.104247
27,26,layer2.3.conv2,0.0927214
27,27,layer2.4.conv1,0.0994018
27,28,layer2.4.conv2,0.0867279
27,29,layer2.5.conv1,0.0940821
27,30,layer2.5.conv2,0.0807048
27,31,layer2.6.conv1,0.0984426
27,32,layer2.6.conv2,0.0877774
27,33,layer2.7.conv1,0.117892
27,34,layer2.7.conv2,0.0977381
27,35,layer2.8.conv1,0.133622
27,36,layer2.8.conv2,0.108104
27,37,layer3.0.conv1,0.184149
27,38,layer3.0.conv2,0.220458
27,39,layer3.1.conv1,0.18247
27,40,layer3.1.conv2,0.184508
27,41,layer3.2.conv1,0.185131
27,42,layer3.2.conv2,0.170394
27,43,layer3.3.conv1,0.166555
27,44,layer3.3.conv2,0.149381
27,45,layer3.4.conv1,0.164278
27,46,layer3.4.conv2,0.143611
27,47,layer3.5.conv1,0.154581
27,48,layer3.5.conv2,0.130792
27,49,layer3.6.conv1,0.14481
27,50,layer3.6.conv2,0.12428
27,51,layer3.7.conv1,0.143815
27,52,layer3.7.conv2,0.120893
27,53,layer3.8.conv1,0.196388
27,54,layer3.8.conv2,0.128005
28,0,conv1,0.124567
28,1,layer1.0.conv1,0.0535355
28,2,layer1.0.conv2,0.059724
28,3,layer1.1.conv1,0.0674833
28,4,layer1.1.conv2,0.055252
28,5,layer1.2.conv1,0.0452413
28,6,layer1.2.conv2,0.0409423
28,7,layer1.3.conv1,0.042899
28,8,layer1.3.conv2,0.0412586
28,9,layer1.4.conv1,0.0619714
28,10,layer1.4.conv2,0.0584305
28,11,layer1.5.conv1,0.0678764
28,12,layer1.5.conv2,0.0642773
28,13,layer1.6.conv1,0.0785941
28,14,layer1.6.conv2,0.0689462
28,15,layer1.7.conv1,0.0688519
28,16,layer1.7.conv2,0.0651774
28,17,layer1.8.conv1,0.0758948
28,18,layer1.8.conv2,0.0716716
28,19,layer2.0.conv1,0.136607
28,20,layer2.0.conv2,0.158165
28,21,layer2.1.conv1,0.122161
28,22,layer2.1.conv2,0.111685
28,23,layer2.2.conv1,0.102389
28,24,layer2.2.conv2,0.0945968
28,25,layer2.3.conv1,0.107578
28,26,layer2.3.conv2,0.0974674
28,27,layer2.4.conv1,0.103526
28,28,layer2.4.conv2,0.0903223
28,29,layer2.5.conv1,0.0968926
28,30,layer2.5.conv2,0.0853614
28,31,layer2.6.conv1,0.103324
28,32,layer2.6.conv2,0.091515
28,33,layer2.7.conv1,0.124234
28,34,layer2.7.conv2,0.104599
28,35,layer2.8.conv1,0.139945
28,36,layer2.8.conv2,0.115596
28,37,layer3.0.conv1,0.197049
28,38,layer3.0.conv2,0.237729
28,39,layer3.1.conv1,0.199378
28,40,layer3.1.conv2,0.20086
28,41,layer3.2.conv1,0.201086
28,42,layer3.2.conv2,0.18547
28,43,layer3.3.conv1,0.182197
28,44,layer3.3.conv2,0.16416
28,45,layer3.4.conv1,0.174837
28,46,layer3.4.conv2,0.155366
28,47,layer3.5.conv1,0.1659
28,48,layer3.5.conv2,0.140769
28,49,layer3.6.conv1,0.165229
28,50,layer3.6.conv2,0.139263
28,51,layer3.7.conv1,0.159364
28,52,layer3.7.conv2,0.133934
28,53,layer3.8.conv1,0.215764
28,54,layer3.8.conv2,0.138743
29,0,conv1,0.128795
29,1,layer1.0.conv1,0.0585841
29,2,layer1.0.conv2,0.0574715
29,3,layer1.1.conv1,0.0668361
29,4,layer1.1.conv2,0.0558027
29,5,layer1.2.conv1,0.0463387
29,6,layer1.2.conv2,0.0441419
29,7,layer1.3.conv1,0.0498438
29,8,layer1.3.conv2,0.0474068
29,9,layer1.4.conv1,0.0696283
29,10,layer1.4.conv2,0.0590025
29,11,layer1.5.conv1,0.0702855
29,12,layer1.5.conv2,0.0632489
29,13,layer1.6.conv1,0.0831785
29,14,layer1.6.conv2,0.0711222
29,15,layer1.7.conv1,0.0735589
29,16,layer1.7.conv2,0.0651966
29,17,layer1.8.conv1,0.0770797
29,18,layer1.8.conv2,0.0687067
29,19,layer2.0.conv1,0.144195
29,20,layer2.0.conv2,0.16603
29,21,layer2.1.conv1,0.123093
29,22,layer2.1.conv2,0.11338
29,23,layer2.2.conv1,0.10472
29,24,layer2.2.conv2,0.0936426
29,25,layer2.3.conv1,0.111866
29,26,layer2.3.conv2,0.0971924
29,27,layer2.4.conv1,0.101169
29,28,layer2.4.conv2,0.0894113
29,29,layer2.5.conv1,0.0981717
29,30,layer2.5.conv2,0.0859262
29,31,layer2.6.conv1,0.100038
29,32,layer2.6.conv2,0.0885531
29,33,layer2.7.conv1,0.119344
29,34,layer2.7.conv2,0.101612
29,35,layer2.8.conv1,0.143394
29,36,layer2.8.conv2,0.117332
29,37,layer3.0.conv1,0.198096
29,38,layer3.0.conv2,0.23724
29,39,layer3.1.conv1,0.194687
29,40,layer3.1.conv2,0.195819
29,41,layer3.2.conv1,0.202665
29,42,layer3.2.conv2,0.188658
29,43,layer3.3.conv1,0.186069
29,44,layer3.3.conv2,0.165053
29,45,layer3.4.conv1,0.178475
29,46,layer3.4.conv2,0.158618
29,47,layer3.5.conv1,0.168394
29,48,layer3.5.conv2,0.140962
29,49,layer3.6.conv1,0.159496
29,50,layer3.6.conv2,0.135668
29,51,layer3.7.conv1,0.157737
29,52,layer3.7.conv2,0.133129
29,53,layer3.8.conv1,0.21368
29,54,layer3.8.conv2,0.139729
30,0,conv1,0.129004
30,1,layer1.0.conv1,0.0605972
30,2,layer1.0.conv2,0.0617084
30,3,layer1.1.conv1,0.0690938
30,4,layer1.1.conv2,0.056821
30,5,layer1.2.conv1,0.0518019
30,6,layer1.2.conv2,0.0446675
30,7,layer1.3.conv1,0.0438014
30,8,layer1.3.conv2,0.0401857
30,9,layer1.4.conv1,0.0637515
30,10,layer1.4.conv2,0.0586775
30,11,layer1.5.conv1,0.0693807
30,12,layer1.5.conv2,0.0652917
30,13,layer1.6.conv1,0.0815923
30,14,layer1.6.conv2,0.074968
30,15,layer1.7.conv1,0.0715839
30,16,layer1.7.conv2,0.068327
30,17,layer1.8.conv1,0.0753759
30,18,layer1.8.conv2,0.0706593
30,19,layer2.0.conv1,0.13936
30,20,layer2.0.conv2,0.162413
30,21,layer2.1.conv1,0.123516
30,22,layer2.1.conv2,0.115616
30,23,layer2.2.conv1,0.106972
30,24,layer2.2.conv2,0.0947325
30,25,layer2.3.conv1,0.112641
30,26,layer2.3.conv2,0.0998739
30,27,layer2.4.conv1,0.100983
30,28,layer2.4.conv2,0.0912151
30,29,layer2.5.conv1,0.0979281
30,30,layer2.5.conv2,0.0856589
30,31,layer2.6.conv1,0.105435
30,32,layer2.6.conv2,0.09265
30,33,layer2.7.conv1,0.120741
30,34,layer2.7.conv2,0.103796
30,35,layer2.8.conv1,0.13552
30,36,layer2.8.conv2,0.113017
30,37,layer3.0.conv1,0.19471
30,38,layer3.0.conv2,0.235045
30,39,layer3.1.conv1,0.186964
30,40,layer3.1.conv2,0.194112
30,41,layer3.2.conv1,0.206237
30,42,layer3.2.conv2,0.187418
30,43,layer3.3.conv1,0.186926
30,44,layer3.3.conv2,0.164697
30,45,layer3.4.conv1,0.176888
30,46,layer3.4.conv2,0.157855
30,47,layer3.5.conv1,0.168544
30,48,layer3.5.conv2,0.142387
30,49,layer3.6.conv1,0.156135
30,50,layer3.6.conv2,0.134277
30,51,layer3.7.conv1,0.162078
30,52,layer3.7.conv2,0.132773
30,53,layer3.8.conv1,0.212803
30,54,layer3.8.conv2,0.138746
31,0,conv1,0.135965
31,1,layer1.0.conv1,0.0547345
31,2,layer1.0.conv2,0.0573256
31,3,layer1.1.conv1,0.0650528
31,4,layer1.1.conv2,0.05521
31,5,layer1.2.conv1,0.0465135
31,6,layer1.2.conv2,0.0410085
31,7,layer1.3.conv1,0.046045
31,8,layer1.3.conv2,0.0417719
31,9,layer1.4.conv1,0.063594
31,10,layer1.4.conv2,0.0579665
31,11,layer1.5.conv1,0.0686225
31,12,layer1.5.conv2,0.0637587
31,13,layer1.6.conv1,0.0796735
31,14,layer1.6.conv2,0.0683083
31,15,layer1.7.conv1,0.0720193
31,16,layer1.7.conv2,0.0659339
31,17,layer1.8.conv1,0.0769524
31,18,layer1.8.conv2,0.0726904
31,19,layer2.0.conv1,0.143646
31,20,layer2.0.conv2,0.164637
31,21,layer2.1.conv1,0.127028
31,22,layer2.1.conv2,0.115206
31,23,layer2.2.conv1,0.102843
31,24,layer2.2.conv2,0.0930079
31,25,layer2.3.conv1,0.11104
31,26,layer2.3.conv2,0.0972051
31,27,layer2.4.conv1,0.0997439
31,28,layer2.4.conv2,0.0894323
31,29,layer2.5.conv1,0.098487
31,30,layer2.5.conv2,0.0850569
31,31,layer2.6.conv1,0.10058
31,32,layer2.6.conv2,0.0887089
31,33,layer2.7.conv1,0.120066
31,34,layer2.7.conv2,0.106509
31,35,layer2.8.conv1,0.133398
31,36,layer2.8.conv2,0.110021
31,37,layer3.0.conv1,0.195517
31,38,layer3.0.conv2,0.234011
31,39,layer3.1.conv1,0.195982
31,40,layer3.1.conv2,0.193096
31,41,layer3.2.conv1,0.20148
31,42,layer3.2.conv2,0.1886
31,43,layer3.3.conv1,0.17582
31,44,layer3.3.conv2,0.162374
31,45,layer3.4.conv1,0.178274
31,46,layer3.4.conv2,0.158276
31,47,layer3.5.conv1,0.168757
31,48,layer3.5.conv2,0.141116
31,49,layer3.6.conv1,0.156254
31,50,layer3.6.conv2,0.13481
31,51,layer3.7.conv1,0.164838
31,52,layer3.7.conv2,0.133212
31,53,layer3.8.conv1,0.212091
31,54,layer3.8.conv2,0.138618
32,0,conv1,0.134039
32,1,layer1.0.conv1,0.0572664
32,2,layer1.0.conv2,0.0601988
32,3,layer1.1.conv1,0.064413
32,4,layer1.1.conv2,0.0594787
32,5,layer1.2.conv1,0.0503419
32,6,layer1.2.conv2,0.0476271
32,7,layer1.3.conv1,0.0447916
32,8,layer1.3.conv2,0.0414143
32,9,layer1.4.conv1,0.062968
32,10,layer1.4.conv2,0.0606851
32,11,layer1.5.conv1,0.0729967
32,12,layer1.5.conv2,0.069149
32,13,layer1.6.conv1,0.0750738
32,14,layer1.6.conv2,0.0667434
32,15,layer1.7.conv1,0.0709329
32,16,layer1.7.conv2,0.0675966
32,17,layer1.8.conv1,0.0823082
32,18,layer1.8.conv2,0.0750609
32,19,layer2.0.conv1,0.141806
32,20,layer2.0.conv2,0.162708
32,21,layer2.1.conv1,0.124266
32,22,layer2.1.conv2,0.113776
32,23,layer2.2.conv1,0.107015
32,24,layer2.2.conv2,0.0976724
32,25,layer2.3.conv1,0.116094
32,26,layer2.3.conv2,0.100145
32,27,layer2.4.conv1,0.103766
32,28,layer2.4.conv2,0.0896007
32,29,layer2.5.conv1,0.102509
32,30,layer2.5.conv2,0.0852136
32,31,layer2.6.conv1,0.106666
32,32,layer2.6.conv2,0.0932661
32,33,layer2.7.conv1,0.124406
32,34,layer2.7.conv2,0.103869
32,35,layer2.8.conv1,0.139607
32,36,layer2.8.conv2,0.113988
32,37,layer3.0.conv1,0.197299
32,38,layer3.0.conv2,0.238369
32,39,layer3.1.conv1,0.197671
32,40,layer3.1.conv2,0.196817
32,41,layer3.2.conv1,0.202648
32,42,layer3.2.conv2,0.186663
32,43,layer3.3.conv1,0.18693
32,44,layer3.3.conv2,0.168259
32,45,layer3.4.conv1,0.178593
32,46,layer3.4.conv2,0.158269
32,47,layer3.5.conv1,0.16752
32,48,layer3.5.conv2,0.138973
32,49,layer3.6.conv1,0.158138
32,50,layer3.6.conv2,0.134589
32,51,layer3.7.conv1,0.160746
32,52,layer3.7.conv2,0.133038
32,53,layer3.8.conv1,0.21019
32,54,layer3.8.conv2,0.131562
33,0,conv1,0.102682
33,1,layer1.0.conv1,0.056192
33,2,layer1.0.conv2,0.0587764
33,3,layer1.1.conv1,0.0597228
33,4,layer1.1.conv2,0.0503987
33,5,layer1.2.conv1,0.0445807
33,6,layer1.2.conv2,0.0406667
33,7,layer1.3.conv1,0.0473561
33,8,layer1.3.conv2,0.0443197
33,9,layer1.4.conv1,0.0639222
33,10,layer1.4.conv2,0.0562371
33,11,layer1.5.conv1,0.0650386
33,12,layer1.5.conv2,0.0625223
33,13,layer1.6.conv1,0.0695918
33,14,layer1.6.conv2,0.066023
33,15,layer1.7.conv1,0.0657975
33,16,layer1.7.conv2,0.0633638
33,17,layer1.8.conv1,0.0732243
33,18,layer1.8.conv2,0.0643035
33,19,layer2.0.conv1,0.129117
33,20,layer2.0.conv2,0.149617
33,21,layer2.1.conv1,0.117027
33,22,layer2.1.conv2,0.107237
33,23,layer2.2.conv1,0.0998999
33,24,layer2.2.conv2,0.0903939
33,25,layer2.3.conv1,0.105423
33,26,layer2.3.conv2,0.0933074
33,27,layer2.4.conv1,0.0927163
33,28,layer2.4.conv2,0.0822691
33,29,layer2.5.conv1,0.0924061
33,30,layer2.5.conv2,0.0774773
33,31,layer2.6.conv1,0.0981204
33,32,layer2.6.conv2,0.0870835
33,33,layer2.7.conv1,0.115006
33,34,layer2.7.conv2,0.0960925
33,35,layer2.8.conv1,0.128557
33,36,layer2.8.conv2,0.104309
33,37,layer3.0.conv1,0.18193
33,38,layer3.0.conv2,0.21763
33,39,layer3.1.conv1,0.177721
33,40,layer3.1.conv2,0.182229
33,41,layer3.2.conv1,0.188247
33,42,layer3.2.conv2,0.171644
33,43,layer3.3.conv1,0.174072
33,44,layer3.3.conv2,0.153192
33,45,layer3.4.conv1,0.161472
33,46,layer3.4.conv2,0.143701
33,47,layer3.5.conv1,0.154223
33,48,layer3.5.conv2,0.126738
33,49,layer3.6.conv1,0.1503
33,50,layer3.6.conv2,0.127471
33,51,layer3.7.conv1,0.146849
33,52,layer3.7.conv2,0.121509
33,53,layer3.8.conv1,0.197469
33,54,layer3.8.conv2,0.127684
34,0,conv1,0.115033
34,1,layer1.0.conv1,0.0539186
34,2,layer1.0.conv2,0.0569508
34,3,layer1.1.conv1,0.0613729
34,4,layer1.1.conv2,0.0504544
34,5,layer1.2.conv1,0.044047
34,6,layer1.2.conv2,0.0403445
34,7,layer1.3.conv1,0.045864
34,8,layer1.3.conv2,0.0429318
34,9,layer1.4.conv1,0.0588226
34,10,layer1.4.conv2,0.0554518
34,11,layer1.5.conv1,0.0633622
34,12,layer1.5.conv2,0.0597488
34,13,layer1.6.conv1,0.0743341
34,14,layer1.6.conv2,0.0637137
34,15,layer1.7.conv1,0.0630666
34,16,layer1.7.conv2,0.0612388
34,17,layer1.8.conv1,0.0753063
34,18,layer1.8.conv2,0.0682772
34,19,layer2.0.conv1,0.126103
34,20,layer2.0.conv2,0.147655
34,21,layer2.1.conv1,0.110961
34,22,layer2.1.conv2,0.100443
34,23,layer2.2.conv1,0.0955368
34,24,layer2.2.conv2,0.0876845
34,25,layer2.3.conv1,0.1036
34,26,layer2.3.conv2,0.0920789
34,27,layer2.4.conv1,0.0919979
34,28,layer2.4.conv2,0.0821006
34,29,layer2.5.conv1,0.0891309
34,30,layer2.5.conv2,0.0780379
34,31,layer2.6.conv1,0.0944915
34,32,layer2.6.conv2,0.0851513
34,33,layer2.7.conv1,0.110672
34,34,layer2.7.conv2,0.0941448
34,35,layer2.8.conv1,0.120389
34,36,layer2.8.conv2,0.101424
34,37,layer3.0.conv1,0.18004
34,38,layer3.0.conv2,0.21728
34,39,layer3.1.conv1,0.179302
34,40,layer3.1.conv2,0.18345
34,41,layer3.2.conv1,0.190868
34,42,layer3.2.conv2,0.179584
34,43,layer3.3.conv1,0.172172
34,44,layer3.3.conv2,0.156779
34,45,layer3.4.conv1,0.170523
34,46,layer3.4.conv2,0.151684
34,47,layer3.5.conv1,0.161044
34,48,layer3.5.conv2,0.133753
34,49,layer3.6.conv1,0.157854
34,50,layer3.6.conv2,0.133784
34,51,layer3.7.conv1,0.153847
34,52,layer3.7.conv2,0.1258
34,53,layer3.8.conv1,0.200228
34,54,layer3.8.conv2,0.127682
35,0,conv1,0.127304
35,1,layer1.0.conv1,0.0559767
35,2,layer1.0.conv2,0.0571681
35,3,layer1.1.conv1,0.0659501
35,4,layer1.1.conv2,0.0557927
35,5,layer1.2.conv1,0.0456842
35,6,layer1.2.conv2,0.0430301
35,7,layer1.3.conv1,0.0504485
35,8,layer1.3.conv2,0.045834
35,9,layer1.4.conv1,0.0631119
35,10,layer1.4.conv2,0.0617936
35,11,layer1.5.conv1,0.0662684
35,12,layer1.5.conv2,0.0608776
35,13,layer1.6.conv1,0.0757819
35,14,layer1.6.conv2,0.066414
35,15,layer1.7.conv1,0.0679701
35,16,layer1.7.conv2,0.0634564
35,17,layer1.8.conv1,0.0837077
35,18,layer1.8.conv2,0.0733329
35,19,layer2.0.conv1,0.130191
35,20,layer2.0.conv2,0.153996
35,21,layer2.1.conv1,0.122607
35,22,layer2.1.conv2,0.11129
35,23,layer2.2.conv1,0.103916
35,24,layer2.2.conv2,0.0957543
35,25,layer2.3.conv1,0.108842
35,26,layer2.3.conv2,0.0973568
35,27,layer2.4.conv1,0.102794
35,28,layer2.4.conv2,0.0935434
35,29,layer2.5.conv1,0.0997494
35,30,layer2.5.conv2,0.0869411
35,31,layer2.6.conv1,0.103754
35,32,layer2.6.conv2,0.0923122
35,33,layer2.7.conv1,0.119986
35,34,layer2.7.conv2,0.100701
35,35,layer2.8.conv1,0.131459
35,36,layer2.8.conv2,0.108724
35,37,layer3.0.conv1,0.194081
35,38,layer3.0.conv2,0.234686
35,39,layer3.1.conv1,0.19391
35,40,layer3.1.conv2,0.196092
35,41,layer3.2.conv1,0.201351
35,42,layer3.2.conv2,0.189232
35,43,layer3.3.conv1,0.182575
35,44,layer3.3.conv2,0.166514
35,45,layer3.4.conv1,0.183806
35,46,layer3.4.conv2,0.158923
35,47,layer3.5.conv1,0.167815
35,48,layer3.5.conv2,0.14172
35,49,layer3.6.conv1,0.167699
35,50,layer3.6.conv2,0.143119
35,51,layer3.7.conv1,0.160118
35,52,layer3.7.conv2,0.131545
35,53,layer3.8.conv1,0.212631
35,54,layer3.8.conv2,0.1396
36,0,conv1,0.139274
36,1,layer1.0.conv1,0.0594879
36,2,layer1.0.conv2,0.059343
36,3,layer1.1.conv1,0.0642412
36,4,layer1.1.conv2,0.0566928
36,5,layer1.2.conv1,0.0492155
36,6,layer1.2.conv2,0.0453942
36,7,layer1.3.conv1,0.0497771
36,8,layer1.3.conv2,0.0456651
36,9,layer1.4.conv1,0.0648702
36,10,layer1.4.conv2,0.0595255
36,11,layer1.5.conv1,0.067866
36,12,layer1.5.conv2,0.0644572
36,13,layer1.6.conv1,0.0770237
36,14,layer1.6.conv2,0.0675407
36,15,layer1.7.conv1,0.0656271
36,16,layer1.7.conv2,0.0612186
36,17,layer1.8.conv1,0.0777136
36,18,layer1.8.conv2,0.071321
36,19,layer2.0.conv1,0.137313
36,20,layer2.0.conv2,0.158982
36,21,layer2.1.conv1,0.121722
36,22,layer2.1.conv2,0.113013
36,23,layer2.2.conv1,0.0992618
36,24,layer2.2.conv2,0.091484
36,25,layer2.3.conv1,0.108142
36,26,layer2.3.conv2,0.0960197
36,27,layer2.4.conv1,0.0997165
36,28,layer2.4.conv2,0.0903806
36,29,layer2.5.conv1,0.102333
36,30,layer2.5.conv2,0.0854371
36,31,layer2.6.conv1,0.0975174
36,32,layer2.6.conv2,0.0895677
36,33,layer2.7.conv1,0.114484
36,34,layer2.7.conv2,0.0977636
36,35,layer2.8.conv1,0.136202
36,36,layer2.8.conv2,0.110576
36,37,layer3.0.conv1,0.191108
36,38,layer3.0.conv2,0.230194
36,39,layer3.1.conv1,0.19121
36,40,layer3.1.conv2,0.193159
36,41,layer3.2.conv1,0.199782
36,42,layer3.2.conv2,0.181558
36,43,layer3.3.conv1,0.174408
36,44,layer3.3.conv2,0.157732
36,45,layer3.4.conv1,0.179879
36,46,layer3.4.conv2,0.156931
36,47,layer3.5.conv1,0.173434
36,48,layer3.5.conv2,0.146365
36,49,layer3.6.conv1,0.153317
36,50,layer3.6.conv2,0.13151
36,51,layer3.7.conv1,0.151545
36,52,layer3.7.conv2,0.1238
36,53,layer3.8.conv1,0.208067
36,54,layer3.8.conv2,0.130179
37,0,conv1,0.125257
37,1,layer1.0.conv1,0.0644322
37,2,layer1.0.conv2,0.0597604
37,3,layer1.1.conv1,0.0686544
37,4,layer1.1.conv2,0.0599804
37,5,layer1.2.conv1,0.0469003
37,6,layer1.2.conv2,0.0439289
37,7,layer1.3.conv1,0.0505177
37,8,layer1.3.conv2,0.0467322
37,9,layer1.4.conv1,0.0662275
37,10,layer1.4.conv2,0.0606425
37,11,layer1.5.conv1,0.0675533
37,12,layer1.5.conv2,0.064006
37,13,layer1.6.conv1,0.0799284
37,14,layer1.6.conv2,0.0723025
37,15,layer1.7.conv1,0.0727782
37,16,layer1.7.conv2,0.068837
37,17,layer1.8.conv1,0.0824817
37,18,layer1.8.conv2,0.0767062
37,19,layer2.0.conv1,0.146119
37,20,layer2.0.conv2,0.167279
37,21,layer2.1.conv1,0.119031
37,22,layer2.1.conv2,0.109773
37,23,layer2.2.conv1,0.101383
37,24,layer2.2.conv2,0.0910016
37,25,layer2.3.conv1,0.113001
37,26,layer2.3.conv2,0.0976414
37,27,layer2.4.conv1,0.100392
37,28,layer2.4.conv2,0.0901284
37,29,layer2.5.conv1,0.101811
37,30,layer2.5.conv2,0.0880224
37,31,layer2.6.conv1,0.106074
37,32,layer2.6.conv2,0.0926742
37,33,layer2.7.conv1,0.115452
37,34,layer2.7.conv2,0.0998398
37,35,layer2.8.conv1,0.139082
37,36,layer2.8.conv2,0.113706
37,37,layer3.0.conv1,0.195828
37,38,layer3.0.conv2,0.235861
37,39,layer3.1.conv1,0.195125
37,40,layer3.1.conv2,0.194606
37,41,layer3.2.conv1,0.201547
37,42,layer3.2.conv2,0.185369
37,43,layer3.3.conv1,0.182481
37,44,layer3.3.conv2,0.165603
37,45,layer3.4.conv1,0.177016
37,46,layer3.4.conv2,0.156138
37,47,layer3.5.conv1,0.173097
37,48,layer3.5.conv2,0.145919
37,49,layer3.6.conv1,0.161804
37,50,layer3.6.conv2,0.136872
37,51,layer3.7.conv1,0.165788
37,52,layer3.7.conv2,0.13524
37,53,layer3.8.conv1,0.215795
37,54,layer3.8.conv2,0.137019
38,0,conv1,0.134363
38,1,layer1.0.conv1,0.0585897
38,2,layer1.0.conv2,0.0583352
38,3,layer1.1.conv1,0.0666562
38,4,layer1.1.conv2,0.0590778
38,5,layer1.2.conv1,0.0463555
38,6,layer1.2.conv2,0.0434271
38,7,layer1.3.conv1,0.0468163
38,8,layer1.3.conv2,0.0419592
38,9,layer1.4.conv1,0.0655224
38,10,layer1.4.conv2,0.0609544
38,11,layer1.5.conv1,0.070654
38,12,layer1.5.conv2,0.0667916
38,13,layer1.6.conv1,0.0800097
38,14,layer1.6.conv2,0.0703693
38,15,layer1.7.conv1,0.0674306
38,16,layer1.7.conv2,0.0648751
38,17,layer1.8.conv1,0.0901897
38,18,layer1.8.conv2,0.0810898
38,19,layer2.0.conv1,0.141318
38,20,layer2.0.conv2,0.163163
38,21,layer2.1.conv1,0.120068
38,22,layer2.1.conv2,0.110529
38,23,layer2.2.conv1,0.104604
38,24,layer2.2.conv2,0.0946861
38,25,layer2.3.conv1,0.117397
38,26,layer2.3.conv2,0.100476
38,27,layer2.4.conv1,0.102045
38,28,layer2.4.conv2,0.0917579
38,29,layer2.5.conv1,0.0974793
38,30,layer2.5.conv2,0.0839995
38,31,layer2.6.conv1,0.10902
38,32,layer2.6.conv2,0.0964975
38,33,layer2.7.conv1,0.115227
38,34,layer2.7.conv2,0.0976243
38,35,layer2.8.conv1,0.134857
38,36,layer2.8.conv2,0.110585
38,37,layer3.0.conv1,0.194552
38,38,layer3.0.conv2,0.234391
38,39,layer3.1.conv1,0.187807
38,40,layer3.1.conv2,0.190454
38,41,layer3.2.conv1,0.192782
38,42,layer3.2.conv2,0.180353
38,43,layer3.3.conv1,0.178842
38,44,layer3.3.conv2,0.160949
38,45,layer3.4.conv1,0.180384
38,46,layer3.4.conv2,0.15762
38,47,layer3.5.conv1,0.164897
38,48,layer3.5.conv2,0.137274
38,49,layer3.6.conv1,0.160586
38,50,layer3.6.conv2,0.136052
38,51,layer3.7.conv1,0.15828
38,52,layer3.7.conv2,0.130357
38,53,layer3.8.conv1,0.209656
38,54,layer3.8.conv2,0.131014
39,0,conv1,0.132932
39,1,layer1.0.conv1,0.0630355
39,2,layer1.0.conv2,0.0626452
39,3,layer1.1.conv1,0.06821
39,4,layer1.1.conv2,0.058258
39,5,layer1.2.conv1,0.0478744
39,6,layer1.2.conv2,0.0442884
39,7,layer1.3.conv1,0.0472015
39,8,layer1.3.conv2,0.0449781
39,9,layer1.4.conv1,0.0616385
39,10,layer1.4.conv2,0.0581886
39,11,layer1.5.conv1,0.0671717
39,12,layer1.5.conv2,0.0644897
39,13,layer1.6.conv1,0.0739563
39,14,layer1.6.conv2,0.0657353
39,15,layer1.7.conv1,0.0655028
39,16,layer1.7.conv2,0.0659938
39,17,layer1.8.conv1,0.0830637
39,18,layer1.8.conv2,0.0769588
39,19,layer2.0.conv1,0.140624
39,20,layer2.0.conv2,0.159929
39,21,layer2.1.conv1,0.118929
39,22,layer2.1.conv2,0.109444
39,23,layer2.2.conv1,0.0978368
39,24,layer2.2.conv2,0.0915084
39,25,layer2.3.conv1,0.110818
39,26,layer2.3.conv2,0.0963621
39,27,layer2.4.conv1,0.102256
39,28,layer2.4.conv2,0.0929338
39,29,layer2.5.conv1,0.0907454
39,30,layer2.5.conv2,0.0802755
39,31,layer2.6.conv1,0.102813
39,32,layer2.6.conv2,0.0905486
39,33,layer2.7.conv1,0.116563
39,34,layer2.7.conv2,0.0987503
39,35,layer2.8.conv1,0.132736
39,36,layer2.8.conv2,0.107577
39,37,layer3.0.conv1,0.19153
39,38,layer3.0.conv2,0.229227
39,39,layer3.1.conv1,0.186546
39,40,layer3.1.conv2,0.188175
39,41,layer3.2.conv1,0.192618
39,42,layer3.2.conv2,0.178783
39,43,layer3.3.conv1,0.181219
39,44,layer3.3.conv2,0.163434
39,45,layer3.4.conv1,0.182022
39,46,layer3.4.conv2,0.156415
39,47,layer3.5.conv1,0.165801
39,48,layer3.5.conv2,0.139788
39,49,layer3.6.conv1,0.162654
39,50,layer3.6.conv2,0.138385
39,51,layer3.7.conv1,0.15246
39,52,layer3.7.conv2,0.127901
39,53,layer3.8.conv1,0.207436
39,54,layer3.8.conv2,0.132986
40,0,conv1,0.116584
40,1,layer1.0.conv1,0.059108
40,2,layer1.0.conv2,0.0655832
40,3,layer1.1.conv1,0.0631862
40,4,layer1.1.conv2,0.0568825
40,5,layer1.2.conv1,0.0460992
40,6,layer1.2.conv2,0.0428832
40,7,layer1.3.conv1,0.0429472
40,8,layer1.3.conv2,0.0412317
40,9,layer1.4.conv1,0.0612801
40,10,layer1.4.conv2,0.0550888
40,11,layer1.5.conv1,0.067988
40,12,layer1.5.conv2,0.0663359
40,13,layer1.6.conv1,0.0728544
40,14,layer1.6.conv2,0.0667143
40,15,layer1.7.conv1,0.0660566
40,16,layer1.7.conv2,0.0605003
40,17,layer1.8.conv1,0.0826909
40,18,layer1.8.conv2,0.0760644
40,19,layer2.0.conv1,0.130576
40,20,layer2.0.conv2,0.151943
40,21,layer2.1.conv1,0.115791
40,22,layer2.1.conv2,0.107519
40,23,layer2.2.conv1,0.0963567
40,24,layer2.2.conv2,0.0900729
40,25,layer2.3.conv1,0.106036
40,26,layer2.3.conv2,0.0965271
40,27,layer2.4.conv1,0.0974656
40,28,layer2.4.conv2,0.0883118
40,29,layer2.5.conv1,0.0927057
40,30,layer2.5.conv2,0.0817104
40,31,layer2.6.conv1,0.100721
40,32,layer2.6.conv2,0.0906271
40,33,layer2.7.conv1,0.112003
40,34,layer2.7.conv2,0.0928622
40,35,layer2.8.conv1,0.133025
40,36,layer2.8.conv2,0.110621
40,37,layer3.0.conv1,0.186945
40,38,layer3.0.conv2,0.22609
40,39,layer3.1.conv1,0.183171
40,40,layer3.1.conv2,0.184976
40,41,layer3.2.conv1,0.193839
40,42,layer3.2.conv2,0.177928
40,43,layer3.3.conv1,0.177685
40,44,layer3.3.conv2,0.160703
40,45,layer3.4.conv1,0.172622
40,46,layer3.4.conv2,0.148904
40,47,layer3.5.conv1,0.169494
40,48,layer3.5.conv2,0.142128
40,49,layer3.6.conv1,0.159975
40,50,layer3.6.conv2,0.135379
40,51,layer3.7.conv1,0.155079
40,52,layer3.7.conv2,0.12898
40,53,layer3.8.conv1,0.202762
40,54,layer3.8.conv2,0.129269
41,0,conv1,0.138285
41,1,layer1.0.conv1,0.0592867
41,2,layer1.0.conv2,0.0576955
41,3,layer1.1.conv1,0.0699458
41,4,layer1.1.conv2,0.0621526
41,5,layer1.2.conv1,0.0500452
41,6,layer1.2.conv2,0.0438491
41,7,layer1.3.conv1,0.0485063
41,8,layer1.3.conv2,0.0462566
41,9,layer1.4.conv1,0.0624169
41,10,layer1.4.conv2,0.0579814
41,11,layer1.5.conv1,0.0739412
41,12,layer1.5.conv2,0.0684756
41,13,layer1.6.conv1,0.082883
41,14,layer1.6.conv2,0.075182
41,15,layer1.7.conv1,0.0720726
41,16,layer1.7.conv2,0.0698767
41,17,layer1.8.conv1,0.0826778
41,18,layer1.8.conv2,0.0766614
41,19,layer2.0.conv1,0.139951
41,20,layer2.0.conv2,0.161765
41,21,layer2.1.conv1,0.121496
41,22,layer2.1.conv2,0.112985
41,23,layer2.2.conv1,0.110915
41,24,layer2.2.conv2,0.0987353
41,25,layer2.3.conv1,0.114408
41,26,layer2.3.conv2,0.103038
41,27,layer2.4.conv1,0.104022
41,28,layer2.4.conv2,0.0962934
41,29,layer2.5.conv1,0.0954627
41,30,layer2.5.conv2,0.0887738
41,31,layer2.6.conv1,0.0980736
41,32,layer2.6.conv2,0.0918355
41,33,layer2.7.conv1,0.12276
41,34,layer2.7.conv2,0.102081
41,35,layer2.8.conv1,0.144974
41,36,layer2.8.conv2,0.117287
41,37,layer3.0.conv1,0.19825
41,38,layer3.0.conv2,0.239764
41,39,layer3.1.conv1,0.193117
41,40,layer3.1.conv2,0.194921
41,41,layer3.2.conv1,0.20584
41,42,layer3.2.conv2,0.188912
41,43,layer3.3.conv1,0.187062
41,44,layer3.3.conv2,0.168621
41,45,layer3.4.conv1,0.187044
41,46,layer3.4.conv2,0.162011
41,47,layer3.5.conv1,0.173796
41,48,layer3.5.conv2,0.14691
41,49,layer3.6.conv1,0.167152
41,50,layer3.6.conv2,0.140035
41,51,layer3.7.conv1,0.162999
41,52,layer3.7.conv2,0.133237
41,53,layer3.8.conv1,0.211873
41,54,layer3.8.conv2,0.134483
42,0,conv1,0.123621
42,1,layer1.0.conv1,0.0621861
42,2,layer1.0.conv2,0.0550858
42,3,layer1.1.conv1,0.0706349
42,4,layer1.1.conv2,0.0601379
42,5,layer1.2.conv1,0.0485482
42,6,layer1.2.conv2,0.0448756
42,7,layer1.3.conv1,0.0487505
42,8,layer1.3.conv2,0.0463208
42,9,layer1.4.conv1,0.064911
42,10,layer1.4.conv2,0.0558745
42,11,layer1.5.conv1,0.0675234
42,12,layer1.5.conv2,0.0630123
42,13,layer1.6.conv1,0.0818402
42,14,layer1.6.conv2,0.0730969
42,15,layer1.7.conv1,0.0673177
42,16,layer1.7.conv2,0.0636928
42,17,layer1.8.conv1,0.0788019
42,18,layer1.8.conv2,0.0737437
42,19,layer2.0.conv1,0.139457
42,20,layer2.0.conv2,0.159366
42,21,layer2.1.conv1,0.115456
42,22,layer2.1.conv2,0.106988
42,23,layer2.2.conv1,0.101452
42,24,layer2.2.conv2,0.0944396
42,25,layer2.3.conv1,0.109554
42,26,layer2.3.conv2,0.0964734
42,27,layer2.4.conv1,0.0970872
42,28,layer2.4.conv2,0.0882025
42,29,layer2.5.conv1,0.0906212
42,30,layer2.5.conv2,0.0841919
42,31,layer2.6.conv1,0.10448
42,32,layer2.6.conv2,0.0936072
42,33,layer2.7.conv1,0.116884
42,34,layer2.7.conv2,0.0984098
42,35,layer2.8.conv1,0.134051
42,36,layer2.8.conv2,0.111274
42,37,layer3.0.conv1,0.197077
42,38,layer3.0.conv2,0.234869
42,39,layer3.1.conv1,0.188528
42,40,layer3.1.conv2,0.189787
42,41,layer3.2.conv1,0.19921
42,42,layer3.2.conv2,0.183154
42,43,layer3.3.conv1,0.180354
42,44,layer3.3.conv2,0.16206
42,45,layer3.4.conv1,0.18038
42,46,layer3.4.conv2,0.156762
42,47,layer3.5.conv1,0.173783
42,48,layer3.5.conv2,0.145216
42,49,layer3.6.conv1,0.165833
42,50,layer3.6.conv2,0.14143
42,51,layer3.7.conv1,0.158285
42,52,layer3.7.conv2,0.131505
42,53,layer3.8.conv1,0.20818
42,54,layer3.8.conv2,0.127659
43,0,conv1,0.133535
43,1,layer1.0.conv1,0.0561946
43,2,layer1.0.conv2,0.0541383
43,3,layer1.1.conv1,0.0694448
43,4,layer1.1.conv2,0.0604037
43,5,layer1.2.conv1,0.0463164
43,6,layer1.2.conv2,0.0423934
43,7,layer1.3.conv1,0.0501352
43,8,layer1.3.conv2,0.0482598
43,9,layer1.4.conv1,0.0678025
43,10,layer1.4.conv2,0.0619694
43,11,layer1.5.conv1,0.0645015
43,12,layer1.5.conv2,0.065206
43,13,layer1.6.conv1,0.0766966
43,14,layer1.6.conv2,0.0682825
43,15,layer1.7.conv1,0.0699969
43,16,layer1.7.conv2,0.0628148
43,17,layer1.8.conv1,0.0810274
43,18,layer1.8.conv2,0.0766238
43,19,layer2.0.conv1,0.131472
43,20,layer2.0.conv2,0.156742
43,21,layer2.1.conv1,0.118268
43,22,layer2.1.conv2,0.111235
43,23,layer2.2.conv1,0.102804
43,24,layer2.2.conv2,0.0960005
43,25,layer2.3.conv1,0.114949
43,26,layer2.3.conv2,0.0991862
43,27,layer2.4.conv1,0.106624
43,28,layer2.4.conv2,0.0930181
43,29,layer2.5.conv1,0.0978969
43,30,layer2.5.conv2,0.0845712
43,31,layer2.6.conv1,0.103852
43,32,layer2.6.conv2,0.0901705
43,33,layer2.7.conv1,0.112864
43,34,layer2.7.conv2,0.0941683
43,35,layer2.8.conv1,0.135159
43,36,layer2.8.conv2,0.113214
43,37,layer3.0.conv1,0.196138
43,38,layer3.0.conv2,0.238639
43,39,layer3.1.conv1,0.196314
43,40,layer3.1.conv2,0.198205
43,41,layer3.2.conv1,0.197648
43,42,layer3.2.conv2,0.186007
43,43,layer3.3.conv1,0.185401
43,44,layer3.3.conv2,0.166627
43,45,layer3.4.conv1,0.183163
43,46,layer3.4.conv2,0.160611
43,47,layer3.5.conv1,0.173194
43,48,layer3.5.conv2,0.145119
43,49,layer3.6.conv1,0.168596
43,50,layer3.6.conv2,0.142164
43,51,layer3.7.conv1,0.163345
43,52,layer3.7.conv2,0.136815
43,53,layer3.8.conv1,0.210895
43,54,layer3.8.conv2,0.135467
44,0,conv1,0.141573
44,1,layer1.0.conv1,0.0590347
44,2,layer1.0.conv2,0.0592678
44,3,layer1.1.conv1,0.0682207
44,4,layer1.1.conv2,0.0602057
44,5,layer1.2.conv1,0.0432367
44,6,layer1.2.conv2,0.0405816
44,7,layer1.3.conv1,0.0438123
44,8,layer1.3.conv2,0.0423353
44,9,layer1.4.conv1,0.0632069
44,10,layer1.4.conv2,0.0579593
44,11,layer1.5.conv1,0.0691792
44,12,layer1.5.conv2,0.0649799
44,13,layer1.6.conv1,0.0749012
44,14,layer1.6.conv2,0.068464
44,15,layer1.7.conv1,0.0712079
44,16,layer1.7.conv2,0.0679168
44,17,layer1.8.conv1,0.0823301
44,18,layer1.8.conv2,0.0752892
44,19,layer2.0.conv1,0.138604
44,20,layer2.0.conv2,0.159142
44,21,layer2.1.conv1,0.118908
44,22,layer2.1.conv2,0.109594
44,23,layer2.2.conv1,0.102765
44,24,layer2.2.conv2,0.0932335
44,25,layer2.3.conv1,0.109946
44,26,layer2.3.conv2,0.0960451
44,27,layer2.4.conv1,0.108529
44,28,layer2.4.conv2,0.0953121
44,29,layer2.5.conv1,0.0966293
44,30,layer2.5.conv2,0.0855447
44,31,layer2.6.conv1,0.100556
44,32,layer2.6.conv2,0.0900452
44,33,layer2.7.conv1,0.114793
44,34,layer2.7.conv2,0.0952118
44,35,layer2.8.conv1,0.13269
44,36,layer2.8.conv2,0.110409
44,37,layer3.0.conv1,0.189864
44,38,layer3.0.conv2,0.231679
44,39,layer3.1.conv1,0.194598
44,40,layer3.1.conv2,0.19588
44,41,layer3.2.conv1,0.198861
44,42,layer3.2.conv2,0.187052
44,43,layer3.3.conv1,0.188146
44,44,layer3.3.conv2,0.168114
44,45,layer3.4.conv1,0.180971
44,46,layer3.4.conv2,0.15834
44,47,layer3.5.conv1,0.171277
44,48,layer3.5.conv2,0.143836
44,49,layer3.6.conv1,0.161983
44,50,layer3.6.conv2,0.140567
44,51,layer3.7.conv1,0.160733
44,52,layer3.7.conv2,0.136473
44,53,layer3.8.conv1,0.210636
44,54,layer3.8.conv2,0.134472
45,0,conv1,0.114435
45,1,layer1.0.conv1,0.0588007
45,2,layer1.0.conv2,0.0578601
45,3,layer1.1.conv1,0.0614702
45,4,layer1.1.conv2,0.0569282
45,5,layer1.2.conv1,0.0435431
45,6,layer1.2.conv2,0.0394411
45,7,layer1.3.conv1,0.0415762
45,8,layer1.3.conv2,0.0399677
45,9,layer1.4.conv1,0.0608719
45,10,layer1.4.conv2,0.0563381
45,11,layer1.5.conv1,0.0625456
45,12,layer1.5.conv2,0.0621539
45,13,layer1.6.conv1,0.0695903
45,14,layer1.6.conv2,0.0631799
45,15,layer1.7.conv1,0.0663061
45,16,layer1.7.conv2,0.0647896
45,17,layer1.8.conv1,0.0784896
45,18,layer1.8.conv2,0.0755036
45,19,layer2.0.conv1,0.129641
45,20,layer2.0.conv2,0.150929
45,21,layer2.1.conv1,0.113457
45,22,layer2.1.conv2,0.10454
45,23,layer2.2.conv1,0.0955769
45,24,layer2.2.conv2,0.0907741
45,25,layer2.3.conv1,0.104918
45,26,layer2.3.conv2,0.0955965
45,27,layer2.4.conv1,0.0962861
45,28,layer2.4.conv2,0.087668
45,29,layer2.5.conv1,0.0904423
45,30,layer2.5.conv2,0.0822853
45,31,layer2.6.conv1,0.0957165
45,32,layer2.6.conv2,0.0865809
45,33,layer2.7.conv1,0.111547
45,34,layer2.7.conv2,0.092919
45,35,layer2.8.conv1,0.132134
45,36,layer2.8.conv2,0.110054
45,37,layer3.0.conv1,0.18537
45,38,layer3.0.conv2,0.225389
45,39,layer3.1.conv1,0.181201
45,40,layer3.1.conv2,0.181852
45,41,layer3.2.conv1,0.191752
45,42,layer3.2.conv2,0.174443
45,43,layer3.3.conv1,0.178922
45,44,layer3.3.conv2,0.15931
45,45,layer3.4.conv1,0.178939
45,46,layer3.4.conv2,0.153693
45,47,layer3.5.conv1,0.170932
45,48,layer3.5.conv2,0.140765
45,49,layer3.6.conv1,0.159408
45,50,layer3.6.conv2,0.133545
45,51,layer3.7.conv1,0.154452
45,52,layer3.7.conv2,0.127036
45,53,layer3.8.conv1,0.205001
45,54,layer3.8.conv2,0.131352
46,0,conv1,0.125454
46,1,layer1.0.conv1,0.0593791
46,2,layer1.0.conv2,0.0587846
46,3,layer1.1.conv1,0.0670248
46,4,layer1.1.conv2,0.0606295
46,5,layer1.2.conv1,0.0463813
46,6,layer1.2.conv2,0.0395463
46,7,layer1.3.conv1,0.04344
46,8,layer1.3.conv2,0.0421976
46,9,layer1.4.conv1,0.0606216
46,10,layer1.4.conv2,0.0549666
46,11,layer1.5.conv1,0.0688197
46,12,layer1.5.conv2,0.0639738
46,13,layer1.6.conv1,0.0712418
46,14,layer1.6.conv2,0.063555
46,15,layer1.7.conv1,0.0670451
46,16,layer1.7.conv2,0.0640318
46,17,layer1.8.conv1,0.084666
46,18,layer1.8.conv2,0.077758
46,19,layer2.0.conv1,0.138044
46,20,layer2.0.conv2,0.163774
46,21,layer2.1.conv1,0.120745
46,22,layer2.1.conv2,0.110783
46,23,layer2.2.conv1,0.101537
46,24,layer2.2.conv2,0.095801
46,25,layer2.3.conv1,0.116037
46,26,layer2.3.conv2,0.101756
46,27,layer2.4.conv1,0.101139
46,28,layer2.4.conv2,0.0913807
46,29,layer2.5.conv1,0.0979024
46,30,layer2.5.conv2,0.0899343
46,31,layer2.6.conv1,0.103602
46,32,layer2.6.conv2,0.0927634
46,33,layer2.7.conv1,0.117986
46,34,layer2.7.conv2,0.101187
46,35,layer2.8.conv1,0.136891
46,36,layer2.8.conv2,0.114959
46,37,layer3.0.conv1,0.193287
46,38,layer3.0.conv2,0.236717
46,39,layer3.1.conv1,0.194359
46,40,layer3.1.conv2,0.192653
46,41,layer3.2.conv1,0.198804
46,42,layer3.2.conv2,0.187139
46,43,layer3.3.conv1,0.186554
46,44,layer3.3.conv2,0.16651
46,45,layer3.4.conv1,0.18785
46,46,layer3.4.conv2,0.163537
46,47,layer3.5.conv1,0.177093
46,48,layer3.5.conv2,0.144052
46,49,layer3.6.conv1,0.168047
46,50,layer3.6.conv2,0.139155
46,51,layer3.7.conv1,0.164115
46,52,layer3.7.conv2,0.133371
46,53,layer3.8.conv1,0.209314
46,54,layer3.8.conv2,0.135386
47,0,conv1,0.10475
47,1,layer1.0.conv1,0.0559718
47,2,layer1.0.conv2,0.0508263
47,3,layer1.1.conv1,0.0570737
47,4,layer1.1.conv2,0.0538266
47,5,layer1.2.conv1,0.0447693
47,6,layer1.2.conv2,0.0385937
47,7,layer1.3.conv1,0.0429848
47,8,layer1.3.conv2,0.0388108
47,9,layer1.4.conv1,0.0588102
47,10,layer1.4.conv2,0.0517355
47,11,layer1.5.conv1,0.0575601
47,12,layer1.5.conv2,0.0592663
47,13,layer1.6.conv1,0.070581
47,14,layer1.6.conv2,0.0639577
47,15,layer1.7.conv1,0.0625884
47,16,layer1.7.conv2,0.0581808
47,17,layer1.8.conv1,0.079068
47,18,layer1.8.conv2,0.0721833
47,19,layer2.0.conv1,0.128229
47,20,layer2.0.conv2,0.147455
47,21,layer2.1.conv1,0.108393
47,22,layer2.1.conv2,0.100777
47,23,layer2.2.conv1,0.0927967
47,24,layer2.2.conv2,0.0864737
47,25,layer2.3.conv1,0.099618
47,26,layer2.3.conv2,0.0879393
47,27,layer2.4.conv1,0.0940245
47,28,layer2.4.conv2,0.0847261
47,29,layer2.5.conv1,0.0895415
47,30,layer2.5.conv2,0.0789614
47,31,layer2.6.conv1,0.0941352
47,32,layer2.6.conv2,0.0854389
47,33,layer2.7.conv1,0.108535
47,34,layer2.7.conv2,0.0914185
47,35,layer2.8.conv1,0.127187
47,36,layer2.8.conv2,0.1033
47,37,layer3.0.conv1,0.180386
47,38,layer3.0.conv2,0.216818
47,39,layer3.1.conv1,0.176846
47,40,layer3.1.conv2,0.177277
47,41,layer3.2.conv1,0.181846
47,42,layer3.2.conv2,0.170631
47,43,layer3.3.conv1,0.169253
47,44,layer3.3.conv2,0.153227
47,45,layer3.4.conv1,0.169632
47,46,layer3.4.conv2,0.150727
47,47,layer3.5.conv1,0.162999
47,48,layer3.5.conv2,0.138416
47,49,layer3.6.conv1,0.155082
47,50,layer3.6.conv2,0.129501
47,51,layer3.7.conv1,0.157327
47,52,layer3.7.conv2,0.127034
47,53,layer3.8.conv1,0.197642
47,54,layer3.8.conv2,0.123748
48,0,conv1,0.132707
48,1,layer1.0.conv1,0.0634901
48,2,layer1.0.conv2,0.0607777
48,3,layer1.1.conv1,0.0710915
48,4,layer1.1.conv2,0.0636013
48,5,layer1.2.conv1,0.0487363
48,6,layer1.2.conv2,0.0434959
48,7,layer1.3.conv1,0.0495091
48,8,layer1.3.conv2,0.0439554
48,9,layer1.4.conv1,0.0577173
48,10,layer1.4.conv2,0.0543053
48,11,layer1.5.conv1,0.066456
48,12,layer1.5.conv2,0.0633035
48,13,layer1.6.conv1,0.082198
48,14,layer1.6.conv2,0.072508
48,15,layer1.7.conv1,0.068848
48,16,layer1.7.conv2,0.0667274
48,17,layer1.8.conv1,0.0877899
48,18,layer1.8.conv2,0.0817283
48,19,layer2.0.conv1,0.139765
48,20,layer2.0.conv2,0.159159
48,21,layer2.1.conv1,0.118958
48,22,layer2.1.conv2,0.107861
48,23,layer2.2.conv1,0.100065
48,24,layer2.2.conv2,0.0940544
48,25,layer2.3.conv1,0.113984
48,26,layer2.3.conv2,0.100968
48,27,layer2.4.conv1,0.106687
48,28,layer2.4.conv2,0.0971905
48,29,layer2.5.conv1,0.104961
48,30,layer2.5.conv2,0.0904404
48,31,layer2.6.conv1,0.103295
48,32,layer2.6.conv2,0.0929396
48,33,layer2.7.conv1,0.118031
48,34,layer2.7.conv2,0.100076
48,35,layer2.8.conv1,0.135878
48,36,layer2.8.conv2,0.109223
48,37,layer3.0.conv1,0.191916
48,38,layer3.0.conv2,0.232933
48,39,layer3.1.conv1,0.193914
48,40,layer3.1.conv2,0.197819
48,41,layer3.2.conv1,0.194917
48,42,layer3.2.conv2,0.183773
48,43,layer3.3.conv1,0.183436
48,44,layer3.3.conv2,0.166618
48,45,layer3.4.conv1,0.180135
48,46,layer3.4.conv2,0.161007
48,47,layer3.5.conv1,0.177642
48,48,layer3.5.conv2,0.147365
48,49,layer3.6.conv1,0.163658
48,50,layer3.6.conv2,0.14022
48,51,layer3.7.conv1,0.166912
48,52,layer3.7.conv2,0.13736
48,53,layer3.8.conv1,0.208384
48,54,layer3.8.conv2,0.129112
49,0,conv1,0.124807
49,1,layer1.0.conv1,0.056891
49,2,layer1.0.conv2,0.0605836
49,3,layer1.1.conv1,0.0698956
49,4,layer1.1.conv2,0.0603699
49,5,layer1.2.conv1,0.0425779
49,6,layer1.2.conv2,0.0377578
49,7,layer1.3.conv1,0.0521959
49,8,layer1.3.conv2,0.048468
49,9,layer1.4.conv1,0.0667304
49,10,layer1.4.conv2,0.06
49,11,layer1.5.conv1,0.0610596
49,12,layer1.5.conv2,0.0630927
49,13,layer1.6.conv1,0.0736091
49,14,layer1.6.conv2,0.0725144
49,15,layer1.7.conv1,0.0696788
49,16,layer1.7.conv2,0.0670083
49,17,layer1.8.conv1,0.0886746
49,18,layer1.8.conv2,0.0797286
49,19,layer2.0.conv1,0.133682
49,20,layer2.0.conv2,0.157694
49,21,layer2.1.conv1,0.119424
49,22,layer2.1.conv2,0.108834
49,23,layer2.2.conv1,0.103743
49,24,layer2.2.conv2,0.0944862
49,25,layer2.3.conv1,0.111343
49,26,layer2.3.conv2,0.0958606
49,27,layer2.4.conv1,0.097527
49,28,layer2.4.conv2,0.0873479
49,29,layer2.5.conv1,0.0966099
49,30,layer2.5.conv2,0.0846751
49,31,layer2.6.conv1,0.100009
49,32,layer2.6.conv2,0.0925014
49,33,layer2.7.conv1,0.114546
49,34,layer2.7.conv2,0.0945923
49,35,layer2.8.conv1,0.129634
49,36,layer2.8.conv2,0.109101
49,37,layer3.0.conv1,0.18632
49,38,layer3.0.conv2,0.229473
49,39,layer3.1.conv1,0.187951
49,40,layer3.1.conv2,0.193689
49,41,layer3.2.conv1,0.191949
49,42,layer3.2.conv2,0.177587
49,43,layer3.3.conv1,0.185511
49,44,layer3.3.conv2,0.165651
49,45,layer3.4.conv1,0.183737
49,46,layer3.4.conv2,0.159388
49,47,layer3.5.conv1,0.172062
49,48,layer3.5.conv2,0.144596
49,49,layer3.6.conv1,0.169638
49,50,layer3.6.conv2,0.139521
49,51,layer3.7.conv1,0.170562
49,52,layer3.7.conv2,0.138357
49,53,layer3.8.conv1,0.206361
49,54,layer3.8.conv2,0.131257
50,0,conv1,0.117123
50,1,layer1.0.conv1,0.0602525
50,2,layer1.0.conv2,0.0591926
50,3,layer1.1.conv1,0.0669587
50,4,layer1.1.conv2,0.0593982
50,5,layer1.2.conv1,0.0464973
50,6,layer1.2.conv2,0.0437977
50,7,layer1.3.conv1,0.0493945
50,8,layer1.3.conv2,0.0445636
50,9,layer1.4.conv1,0.0641686
50,10,layer1.4.conv2,0.0599702
50,11,layer1.5.conv1,0.0688954
50,12,layer1.5.conv2,0.0701569
50,13,layer1.6.conv1,0.0812801
50,14,layer1.6.conv2,0.0741673
50,15,layer1.7.conv1,0.0721537
50,16,layer1.7.conv2,0.0669545
50,17,layer1.8.conv1,0.0825937
50,18,layer1.8.conv2,0.0760783
50,19,layer2.0.conv1,0.131995
50,20,layer2.0.conv2,0.159203
50,21,layer2.1.conv1,0.118239
50,22,layer2.1.conv2,0.107325
50,23,layer2.2.conv1,0.104249
50,24,layer2.2.conv2,0.0976185
50,25,layer2.3.conv1,0.116277
50,26,layer2.3.conv2,0.0990832
50,27,layer2.4.conv1,0.0990554
50,28,layer2.4.conv2,0.0877998
50,29,layer2.5.conv1,0.101598
50,30,layer2.5.conv2,0.0897701
50,31,layer2.6.conv1,0.101089
50,32,layer2.6.conv2,0.0904134
50,33,layer2.7.conv1,0.125014
50,34,layer2.7.conv2,0.101868
50,35,layer2.8.conv1,0.133922
50,36,layer2.8.conv2,0.114906
50,37,layer3.0.conv1,0.191792
50,38,layer3.0.conv2,0.235141
50,39,layer3.1.conv1,0.192107
50,40,layer3.1.conv2,0.193767
50,41,layer3.2.conv1,0.198659
50,42,layer3.2.conv2,0.185632
50,43,layer3.3.conv1,0.192864
50,44,layer3.3.conv2,0.170956
50,45,layer3.4.conv1,0.18683
50,46,layer3.4.conv2,0.163656
50,47,layer3.5.conv1,0.179497
50,48,layer3.5.conv2,0.148338
50,49,layer3.6.conv1,0.174463
50,50,layer3.6.conv2,0.145611
50,51,layer3.7.conv1,0.168
50,52,layer3.7.conv2,0.137928
50,53,layer3.8.conv1,0.213675
50,54,layer3.8.conv2,0.134875
51,0,conv1,0.121062
51,1,layer1.0.conv1,0.0632166
51,2,layer1.0.conv2,0.0577027
51,3,layer1.1.conv1,0.0651934
51,4,layer1.1.conv2,0.0569093
51,5,layer1.2.conv1,0.0445907
51,6,layer1.2.conv2,0.0418017
51,7,layer1.3.conv1,0.0459642
51,8,layer1.3.conv2,0.0429799
51,9,layer1.4.conv1,0.0621992
51,10,layer1.4.conv2,0.0590991
51,11,layer1.5.conv1,0.0715837
51,12,layer1.5.conv2,0.0723527
51,13,layer1.6.conv1,0.0762409
51,14,layer1.6.conv2,0.0690311
51,15,layer1.7.conv1,0.0681847
51,16,layer1.7.conv2,0.0664881
51,17,layer1.8.conv1,0.0837744
51,18,layer1.8.conv2,0.079755
51,19,layer2.0.conv1,0.137152
51,20,layer2.0.conv2,0.161656
51,21,layer2.1.conv1,0.121057
51,22,layer2.1.conv2,0.113323
51,23,layer2.2.conv1,0.103395
51,24,layer2.2.conv2,0.0965135
51,25,layer2.3.conv1,0.116455
51,26,layer2.3.conv2,0.100437
51,27,layer2.4.conv1,0.105975
51,28,layer2.4.conv2,0.0965289
51,29,layer2.5.conv1,0.101912
51,30,layer2.5.conv2,0.0881365
51,31,layer2.6.conv1,0.103493
51,32,layer2.6.conv2,0.0922953
51,33,layer2.7.conv1,0.123209
51,34,layer2.7.conv2,0.102306
51,35,layer2.8.conv1,0.135293
51,36,layer2.8.conv2,0.111351
51,37,layer3.0.conv1,0.198005
51,38,layer3.0.conv2,0.241172
51,39,layer3.1.conv1,0.192088
51,40,layer3.1.conv2,0.198924
51,41,layer3.2.conv1,0.203091
51,42,layer3.2.conv2,0.189071
51,43,layer3.3.conv1,0.193952
51,44,layer3.3.conv2,0.172455
51,45,layer3.4.conv1,0.190252
51,46,layer3.4.conv2,0.165788
51,47,layer3.5.conv1,0.18273
51,48,layer3.5.conv2,0.151012
51,49,layer3.6.conv1,0.171283
51,50,layer3.6.conv2,0.144546
51,51,layer3.7.conv1,0.167813
51,52,layer3.7.conv2,0.14006
51,53,layer3.8.conv1,0.218796
51,54,layer3.8.conv2,0.142441
52,0,conv1,0.12086
52,1,layer1.0.conv1,0.0543256
52,2,layer1.0.conv2,0.0557127
52,3,layer1.1.conv1,0.0679309
52,4,layer1.1.conv2,0.0607301
52,5,layer1.2.conv1,0.0458212
52,6,layer1.2.conv2,0.0414182
52,7,layer1.3.conv1,0.0482825
52,8,layer1.3.conv2,0.0440972
52,9,layer1.4.conv1,0.0645957
52,10,layer1.4.conv2,0.0566523
52,11,layer1.5.conv1,0.0758951
52,12,layer1.5.conv2,0.0734484
52,13,layer1.6.conv1,0.081651
52,14,layer1.6.conv2,0.0738778
52,15,layer1.7.conv1,0.0715845
52,16,layer1.7.conv2,0.0674856
52,17,layer1.8.conv1,0.0941638
52,18,layer1.8.conv2,0.0827765
52,19,layer2.0.conv1,0.141368
52,20,layer2.0.conv2,0.166063
52,21,layer2.1.conv1,0.128096
52,22,layer2.1.conv2,0.116777
52,23,layer2.2.conv1,0.111733
52,24,layer2.2.conv2,0.10132
52,25,layer2.3.conv1,0.112737
52,26,layer2.3.conv2,0.0985111
52,27,layer2.4.conv1,0.103428
52,28,layer2.4.conv2,0.0948464
52,29,layer2.5.conv1,0.103016
52,30,layer2.5.conv2,0.0888179
52,31,layer2.6.conv1,0.10555
52,32,layer2.6.conv2,0.0938441
52,33,layer2.7.conv1,0.122006
52,34,layer2.7.conv2,0.101553
52,35,layer2.8.conv1,0.138821
52,36,layer2.8.conv2,0.113337
52,37,layer3.0.conv1,0.200264
52,38,layer3.0.conv2,0.241869
52,39,layer3.1.conv1,0.193094
52,40,layer3.1.conv2,0.199584
52,41,layer3.2.conv1,0.205694
52,42,layer3.2.conv2,0.19066
52,43,layer3.3.conv1,0.191914
52,44,layer3.3.conv2,0.172633
52,45,layer3.4.conv1,0.185659
52,46,layer3.4.conv2,0.16332
52,47,layer3.5.conv1,0.186021
52,48,layer3.5.conv2,0.154931
52,49,layer3.6.conv1,0.168137
52,50,layer3.6.conv2,0.142584
52,51,layer3.7.conv1,0.165728
52,52,layer3.7.conv2,0.139777
52,53,layer3.8.conv1,0.217755
52,54,layer3.8.conv2,0.137894
53,0,conv1,0.142364
53,1,layer1.0.conv1,0.0604065
53,2,layer1.0.conv2,0.0603758
53,3,layer1.1.conv1,0.0698677
53,4,layer1.1.conv2,0.0601469
53,5,layer1.2.conv1,0.0427242
53,6,layer1.2.conv2,0.0400604
53,7,layer1.3.conv1,0.0501273
53,8,layer1.3.conv2,0.0489295
53,9,layer1.4.conv1,0.0658947
53,10,layer1.4.conv2,0.0600526
53,11,layer1.5.conv1,0.0746204
53,12,layer1.5.conv2,0.0713457
53,13,layer1.6.conv1,0.0764325
53,14,layer1.6.conv2,0.0698882
53,15,layer1.7.conv1,0.073065
53,16,layer1.7.conv2,0.0687381
53,17,layer1.8.conv1,0.0920043
53,18,layer1.8.conv2,0.0858158
53,19,layer2.0.conv1,0.144374
53,20,layer2.0.conv2,0.167362
53,21,layer2.1.conv1,0.122744
53,22,layer2.1.conv2,0.114395
53,23,layer2.2.conv1,0.105452
53,24,layer2.2.conv2,0.0994319
53,25,layer2.3.conv1,0.119639
53,26,layer2.3.conv2,0.104411
53,27,layer2.4.conv1,0.11149
53,28,layer2.4.conv2,0.100254
53,29,layer2.5.conv1,0.101216
53,30,layer2.5.conv2,0.0853137
53,31,layer2.6.conv1,0.108086
53,32,layer2.6.conv2,0.0978117
53,33,layer2.7.conv1,0.121229
53,34,layer2.7.conv2,0.102363
53,35,layer2.8.conv1,0.136066
53,36,layer2.8.conv2,0.110924
53,37,layer3.0.conv1,0.197647
53,38,layer3.0.conv2,0.243176
53,39,layer3.1.conv1,0.193704
53,40,layer3.1.conv2,0.204999
53,41,layer3.2.conv1,0.201832
53,42,layer3.2.conv2,0.189512
53,43,layer3.3.conv1,0.193124
53,44,layer3.3.conv2,0.172669
53,45,layer3.4.conv1,0.181175
53,46,layer3.4.conv2,0.161969
53,47,layer3.5.conv1,0.182447
53,48,layer3.5.conv2,0.150474
53,49,layer3.6.conv1,0.166571
53,50,layer3.6.conv2,0.140363
53,51,layer3.7.conv1,0.16964
53,52,layer3.7.conv2,0.136425
53,53,layer3.8.conv1,0.21816
53,54,layer3.8.conv2,0.134219
54,0,conv1,0.128027
54,1,layer1.0.conv1,0.063956
54,2,layer1.0.conv2,0.0571284
54,3,layer1.1.conv1,0.0725585
54,4,layer1.1.conv2,0.0604311
54,5,layer1.2.conv1,0.0499232
54,6,layer1.2.conv2,0.0455496
54,7,layer1.3.conv1,0.0490201
54,8,layer1.3.conv2,0.046206
54,9,layer1.4.conv1,0.0624558
54,10,layer1.4.conv2,0.055756
54,11,layer1.5.conv1,0.071484
54,12,layer1.5.conv2,0.0685573
54,13,layer1.6.conv1,0.0759148
54,14,layer1.6.conv2,0.0681206
54,15,layer1.7.conv1,0.0708035
54,16,layer1.7.conv2,0.0675706
54,17,layer1.8.conv1,0.0850807
54,18,layer1.8.conv2,0.0797081
54,19,layer2.0.conv1,0.145087
54,20,layer2.0.conv2,0.167254
54,21,layer2.1.conv1,0.118072
54,22,layer2.1.conv2,0.113001
54,23,layer2.2.conv1,0.104977
54,24,layer2.2.conv2,0.0966419
54,25,layer2.3.conv1,0.11357
54,26,layer2.3.conv2,0.0996337
54,27,layer2.4.conv1,0.110131
54,28,layer2.4.conv2,0.0991132
54,29,layer2.5.conv1,0.103597
54,30,layer2.5.conv2,0.0886013
54,31,layer2.6.conv1,0.107094
54,32,layer2.6.conv2,0.0963978
54,33,layer2.7.conv1,0.12185
54,34,layer2.7.conv2,0.102796
54,35,layer2.8.conv1,0.134217
54,36,layer2.8.conv2,0.11141
54,37,layer3.0.conv1,0.19249
54,38,layer3.0.conv2,0.236793
54,39,layer3.1.conv1,0.19261
54,40,layer3.1.conv2,0.200124
54,41,layer3.2.conv1,0.198297
54,42,layer3.2.conv2,0.185385
54,43,layer3.3.conv1,0.186359
54,44,layer3.3.conv2,0.165514
54,45,layer3.4.conv1,0.186254
54,46,layer3.4.conv2,0.162444
54,47,layer3.5.conv1,0.174546
54,48,layer3.5.conv2,0.151012
54,49,layer3.6.conv1,0.172792
54,50,layer3.6.conv2,0.144807
54,51,layer3.7.conv1,0.173529
54,52,layer3.7.conv2,0.13937
54,53,layer3.8.conv1,0.221066
54,54,layer3.8.conv2,0.13617
55,0,conv1,0.113187
55,1,layer1.0.conv1,0.0565886
55,2,layer1.0.conv2,0.0568046
55,3,layer1.1.conv1,0.0608724
55,4,layer1.1.conv2,0.0529461
55,5,layer1.2.conv1,0.0453453
55,6,layer1.2.conv2,0.0409646
55,7,layer1.3.conv1,0.0417074
55,8,layer1.3.conv2,0.0364366
55,9,layer1.4.conv1,0.0577347
55,10,layer1.4.conv2,0.0548892
55,11,layer1.5.conv1,0.0624461
55,12,layer1.5.conv2,0.0607612
55,13,layer1.6.conv1,0.0691862
55,14,layer1.6.conv2,0.0639307
55,15,layer1.7.conv1,0.0654219
55,16,layer1.7.conv2,0.0625117
55,17,layer1.8.conv1,0.0825231
55,18,layer1.8.conv2,0.0732227
55,19,layer2.0.conv1,0.126747
55,20,layer2.0.conv2,0.147687
55,21,layer2.1.conv1,0.110147
55,22,layer2.1.conv2,0.101279
55,23,layer2.2.conv1,0.0917427
55,24,layer2.2.conv2,0.084695
55,25,layer2.3.conv1,0.10005
55,26,layer2.3.conv2,0.0902862
55,27,layer2.4.conv1,0.101649
55,28,layer2.4.conv2,0.0901141
55,29,layer2.5.conv1,0.0961134
55,30,layer2.5.conv2,0.0844201
55,31,layer2.6.conv1,0.0952229
55,32,layer2.6.conv2,0.0864154
55,33,layer2.7.conv1,0.111179
55,34,layer2.7.conv2,0.092934
55,35,layer2.8.conv1,0.127963
55,36,layer2.8.conv2,0.106357
55,37,layer3.0.conv1,0.175942
55,38,layer3.0.conv2,0.217257
55,39,layer3.1.conv1,0.17786
55,40,layer3.1.conv2,0.181717
55,41,layer3.2.conv1,0.187233
55,42,layer3.2.conv2,0.174574
55,43,layer3.3.conv1,0.177689
55,44,layer3.3.conv2,0.156716
55,45,layer3.4.conv1,0.172551
55,46,layer3.4.conv2,0.151399
55,47,layer3.5.conv1,0.166992
55,48,layer3.5.conv2,0.138398
55,49,layer3.6.conv1,0.156716
55,50,layer3.6.conv2,0.133703
55,51,layer3.7.conv1,0.157937
55,52,layer3.7.conv2,0.12946
55,53,layer3.8.conv1,0.20333
55,54,layer3.8.conv2,0.12841
56,0,conv1,0.109289
56,1,layer1.0.conv1,0.0580843
56,2,layer1.0.conv2,0.0569845
56,3,layer1.1.conv1,0.0655344
56,4,layer1.1.conv2,0.0560353
56,5,layer1.2.conv1,0.0421684
56,6,layer1.2.conv2,0.0374102
56,7,layer1.3.conv1,0.042335
56,8,layer1.3.conv2,0.0406137
56,9,layer1.4.conv1,0.0578927
56,10,layer1.4.conv2,0.0536922
56,11,layer1.5.conv1,0.0662889
56,12,layer1.5.conv2,0.063638
56,13,layer1.6.conv1,0.0735792
56,14,layer1.6.conv2,0.0682665
56,15,layer1.7.conv1,0.0677623
56,16,layer1.7.conv2,0.0645146
56,17,layer1.8.conv1,0.0879675
56,18,layer1.8.conv2,0.0802178
56,19,layer2.0.conv1,0.132445
56,20,layer2.0.conv2,0.155843
56,21,layer2.1.conv1,0.122501
56,22,layer2.1.conv2,0.111764
56,23,layer2.2.conv1,0.0987728
56,24,layer2.2.conv2,0.0892879
56,25,layer2.3.conv1,0.103961
56,26,layer2.3.conv2,0.0934294
56,27,layer2.4.conv1,0.0984651
56,28,layer2.4.conv2,0.0896787
56,29,layer2.5.conv1,0.0973784
56,30,layer2.5.conv2,0.08771
56,31,layer2.6.conv1,0.101217
56,32,layer2.6.conv2,0.0935421
56,33,layer2.7.conv1,0.116205
56,34,layer2.7.conv2,0.098686
56,35,layer2.8.conv1,0.128051
56,36,layer2.8.conv2,0.104178
56,37,layer3.0.conv1,0.185649
56,38,layer3.0.conv2,0.227557
56,39,layer3.1.conv1,0.190152
56,40,layer3.1.conv2,0.191833
56,41,layer3.2.conv1,0.197662
56,42,layer3.2.conv2,0.184455
56,43,layer3.3.conv1,0.18563
56,44,layer3.3.conv2,0.166703
56,45,layer3.4.conv1,0.183627
56,46,layer3.4.conv2,0.164806
56,47,layer3.5.conv1,0.175774
56,48,layer3.5.conv2,0.148045
56,49,layer3.6.conv1,0.166959
56,50,layer3.6.conv2,0.142751
56,51,layer3.7.conv1,0.165377
56,52,layer3.7.conv2,0.13329
56,53,layer3.8.conv1,0.212994
56,54,layer3.8.conv2,0.131213
57,0,conv1,0.109913
57,1,layer1.0.conv1,0.0530444
57,2,layer1.0.conv2,0.0526736
57,3,layer1.1.conv1,0.0607517
57,4,layer1.1.conv2,0.0521274
57,5,layer1.2.conv1,0.0415826
57,6,layer1.2.conv2,0.0362751
57,7,layer1.3.conv1,0.043486
57,8,layer1.3.conv2,0.0395797
57,9,layer1.4.conv1,0.0539416
57,10,layer1.4.conv2,0.0510399
57,11,layer1.5.conv1,0.0607637
57,12,layer1.5.conv2,0.0576094
57,13,layer1.6.conv1,0.0725446
57,14,layer1.6.conv2,0.0645573
57,15,layer1.7.conv1,0.065338
57,16,layer1.7.conv2,0.0621517
57,17,layer1.8.conv1,0.0790031
57,18,layer1.8.conv2,0.0701703
57,19,layer2.0.conv1,0.127324
57,20,layer2.0.conv2,0.148418
57,21,layer2.1.conv1,0.107264
57,22,layer2.1.conv2,0.099698
57,23,layer2.2.conv1,0.0934397
57,24,layer2.2.conv2,0.0872964
57,25,layer2.3.conv1,0.103826
57,26,layer2.3.conv2,0.0952168
57,27,layer2.4.conv1,0.0944975
57,28,layer2.4.conv2,0.0842199
57,29,layer2.5.conv1,0.0929627
57,30,layer2.5.conv2,0.0825897
57,31,layer2.6.conv1,0.0925727
57,32,layer2.6.conv2,0.0823724
57,33,layer2.7.conv1,0.107959
57,34,layer2.7.conv2,0.0901754
57,35,layer2.8.conv1,0.122861
57,36,layer2.8.conv2,0.102031
57,37,layer3.0.conv1,0.174924
57,38,layer3.0.conv2,0.212896
57,39,layer3.1.conv1,0.174578
57,40,layer3.1.conv2,0.177767
57,41,layer3.2.conv1,0.180007
57,42,layer3.2.conv2,0.168794
57,43,layer3.3.conv1,0.169064
57,44,layer3.3.conv2,0.152866
57,45,layer3.4.conv1,0.166256
57,46,layer3.4.conv2,0.145392
57,47,layer3.5.conv1,0.160954
57,48,layer3.5.conv2,0.137717
57,49,layer3.6.conv1,0.155044
57,50,layer3.6.conv2,0.131433
57,51,layer3.7.conv1,0.152745
57,52,layer3.7.conv2,0.122697
57,53,layer3.8.conv1,0.198421
57,54,layer3.8.conv2,0.122838
58,0,conv1,0.131218
58,1,layer1.0.conv1,0.0641536
58,2,layer1.0.conv2,0.0598769
58,3,layer1.1.conv1,0.0724675
58,4,layer1.1.conv2,0.0606383
58,5,layer1.2.conv1,0.0441798
58,6,layer1.2.conv2,0.0397031
58,7,layer1.3.conv1,0.0429957
58,8,layer1.3.conv2,0.0408508
58,9,layer1.4.conv1,0.0571792
58,10,layer1.4.conv2,0.056403
58,11,layer1.5.conv1,0.0677032
58,12,layer1.5.conv2,0.0672896
58,13,layer1.6.conv1,0.0739776
58,14,layer1.6.conv2,0.0705857
58,15,layer1.7.conv1,0.0730386
58,16,layer1.7.conv2,0.0694133
58,17,layer1.8.conv1,0.0841469
58,18,layer1.8.conv2,0.0790373
58,19,layer2.0.conv1,0.136837
58,20,layer2.0.conv2,0.165
58,21,layer2.1.conv1,0.119017
58,22,layer2.1.conv2,0.108757
58,23,layer2.2.conv1,0.101497
58,24,layer2.2.conv2,0.0953406
58,25,layer2.3.conv1,0.11499
58,26,layer2.3.conv2,0.101544
58,27,layer2.4.conv1,0.104155
58,28,layer2.4.conv2,0.0928183
58,29,layer2.5.conv1,0.101036
58,30,layer2.5.conv2,0.0907194
58,31,layer2.6.conv1,0.105137
58,32,layer2.6.conv2,0.096567
58,33,layer2.7.conv1,0.122942
58,34,layer2.7.conv2,0.10043
58,35,layer2.8.conv1,0.134838
58,36,layer2.8.conv2,0.110329
58,37,layer3.0.conv1,0.199065
58,38,layer3.0.conv2,0.240479
58,39,layer3.1.conv1,0.191495
58,40,layer3.1.conv2,0.199497
58,41,layer3.2.conv1,0.202453
58,42,layer3.2.conv2,0.186714
58,43,layer3.3.conv1,0.191477
58,44,layer3.3.conv2,0.171245
58,45,layer3.4.conv1,0.188536
58,46,layer3.4.conv2,0.161845
58,47,layer3.5.conv1,0.177525
58,48,layer3.5.conv2,0.147125
58,49,layer3.6.conv1,0.176628
58,50,layer3.6.conv2,0.147543
58,51,layer3.7.conv1,0.171639
58,52,layer3.7.conv2,0.139894
58,53,layer3.8.conv1,0.217823
58,54,layer3.8.conv2,0.133515
59,0,conv1,0.127779
59,1,layer1.0.conv1,0.0592046
59,2,layer1.0.conv2,0.0603561
59,3,layer1.1.conv1,0.066744
59,4,layer1.1.conv2,0.0571305
59,5,layer1.2.conv1,0.042459
59,6,layer1.2.conv2,0.0394918
59,7,layer1.3.conv1,0.0411805
59,8,layer1.3.conv2,0.0391544
59,9,layer1.4.conv1,0.0578105
59,10,layer1.4.conv2,0.053666
59,11,layer1.5.conv1,0.0640215
59,12,layer1.5.conv2,0.0602638
59,13,layer1.6.conv1,0.0655253
59,14,layer1.6.conv2,0.0619745
59,15,layer1.7.conv1,0.0687022
59,16,layer1.7.conv2,0.0624052
59,17,layer1.8.conv1,0.0829433
59,18,layer1.8.conv2,0.0754055
59,19,layer2.0.conv1,0.125503
59,20,layer2.0.conv2,0.147952
59,21,layer2.1.conv1,0.109723
59,22,layer2.1.conv2,0.10314
59,23,layer2.2.conv1,0.0944741
59,24,layer2.2.conv2,0.0893096
59,25,layer2.3.conv1,0.106691
59,26,layer2.3.conv2,0.0943072
59,27,layer2.4.conv1,0.0951283
59,28,layer2.4.conv2,0.0839482
59,29,layer2.5.conv1,0.0904086
59,30,layer2.5.conv2,0.080175
59,31,layer2.6.conv1,0.0949419
59,32,layer2.6.conv2,0.0860593
59,33,layer2.7.conv1,0.106722
59,34,layer2.7.conv2,0.0910456
59,35,layer2.8.conv1,0.127675
59,36,layer2.8.conv2,0.104315
59,37,layer3.0.conv1,0.181877
59,38,layer3.0.conv2,0.219364
59,39,layer3.1.conv1,0.177336
59,40,layer3.1.conv2,0.179944
59,41,layer3.2.conv1,0.186837
59,42,layer3.2.conv2,0.175173
59,43,layer3.3.conv1,0.178705
59,44,layer3.3.conv2,0.159144
59,45,layer3.4.conv1,0.169328
59,46,layer3.4.conv2,0.151085
59,47,layer3.5.conv1,0.168263
59,48,layer3.5.conv2,0.13721
59,49,layer3.6.conv1,0.155389
59,50,layer3.6.conv2,0.126976
59,51,layer3.7.conv1,0.148036
59,52,layer3.7.conv2,0.120484
59,53,layer3.8.conv1,0.196191
59,54,layer3.8.conv2,0.122383
60,0,conv1,0.116439
60,1,layer1.0.conv1,0.0553461
60,2,layer1.0.conv2,0.0517716
60,3,layer1.1.conv1,0.0639031
60,4,layer1.1.conv2,0.0544637
60,5,layer1.2.conv1,0.0419504
60,6,layer1.2.conv2,0.0382609
60,7,layer1.3.conv1,0.0425127
60,8,layer1.3.conv2,0.0414057
60,9,layer1.4.conv1,0.0588622
60,10,layer1.4.conv2,0.0541456
60,11,layer1.5.conv1,0.0668797
60,12,layer1.5.conv2,0.0648391
60,13,layer1.6.conv1,0.0711774
60,14,layer1.6.conv2,0.0662538
60,15,layer1.7.conv1,0.064537
60,16,layer1.7.conv2,0.0620193
60,17,layer1.8.conv1,0.08665
60,18,layer1.8.conv2,0.0783198
60,19,layer2.0.conv1,0.130774
60,20,layer2.0.conv2,0.155145
60,21,layer2.1.conv1,0.110908
60,22,layer2.1.conv2,0.104468
60,23,layer2.2.conv1,0.0971547
60,24,layer2.2.conv2,0.0899019
60,25,layer2.3.conv1,0.103473
60,26,layer2.3.conv2,0.0933444
60,27,layer2.4.conv1,0.0982811
60,28,layer2.4.conv2,0.0892489
60,29,layer2.5.conv1,0.0900651
60,30,layer2.5.conv2,0.0807661
60,31,layer2.6.conv1,0.100455
60,32,layer2.6.conv2,0.0876302
60,33,layer2.7.conv1,0.11226
60,34,layer2.7.conv2,0.0961032
60,35,layer2.8.conv1,0.12829
60,36,layer2.8.conv2,0.104507
60,37,layer3.0.conv1,0.183375
60,38,layer3.0.conv2,0.225111
60,39,layer3.1.conv1,0.180869
60,40,layer3.1.conv2,0.187224
60,41,layer3.2.conv1,0.188282
60,42,layer3.2.conv2,0.17439
60,43,layer3.3.conv1,0.181972
60,44,layer3.3.conv2,0.162934
60,45,layer3.4.conv1,0.178365
60,46,layer3.4.conv2,0.155252
60,47,layer3.5.conv1,0.168413
60,48,layer3.5.conv2,0.142923
60,49,layer3.6.conv1,0.160271
60,50,layer3.6.conv2,0.137747
60,51,layer3.7.conv1,0.166691
60,52,layer3.7.conv2,0.134019
60,53,layer3.8.conv1,0.206001
60,54,layer3.8.conv2,0.125254
61,0,conv1,0.13569
61,1,layer1.0.conv1,0.0674366
61,2,layer1.0.conv2,0.0622306
61,3,layer1.1.conv1,0.0671335
61,4,layer1.1.conv2,0.0607417
61,5,layer1.2.conv1,0.0478093
61,6,layer1.2.conv2,0.0418404
61,7,layer1.3.conv1,0.0492078
61,8,layer1.3.conv2,0.0447927
61,9,layer1.4.conv1,0.0672408
61,10,layer1.4.conv2,0.0598317
61,11,layer1.5.conv1,0.0771202
61,12,layer1.5.conv2,0.0705923
61,13,layer1.6.conv1,0.0773883
61,14,layer1.6.conv2,0.0760771
61,15,layer1.7.conv1,0.0699988
61,16,layer1.7.conv2,0.0706887
61,17,layer1.8.conv1,0.0957702
61,18,layer1.8.conv2,0.0885256
61,19,layer2.0.conv1,0.136586
61,20,layer2.0.conv2,0.165728
61,21,layer2.1.conv1,0.119191
61,22,layer2.1.conv2,0.108717
61,23,layer2.2.conv1,0.102752
61,24,layer2.2.conv2,0.0960646
61,25,layer2.3.conv1,0.112577
61,26,layer2.3.conv2,0.100197
61,27,layer2.4.conv1,0.111367
61,28,layer2.4.conv2,0.0981098
61,29,layer2.5.conv1,0.103457
61,30,layer2.5.conv2,0.0902208
61,31,layer2.6.conv1,0.111004
61,32,layer2.6.conv2,0.0960882
61,33,layer2.7.conv1,0.124264
61,34,layer2.7.conv2,0.105165
61,35,layer2.8.conv1,0.138178
61,36,layer2.8.conv2,0.11551
61,37,layer3.0.conv1,0.200536
61,38,layer3.0.conv2,0.24456
61,39,layer3.1.conv1,0.197961
61,40,layer3.1.conv2,0.204759
61,41,layer3.2.conv1,0.206295
61,42,layer3.2.conv2,0.194784
61,43,layer3.3.conv1,0.199472
61,44,layer3.3.conv2,0.179064
61,45,layer3.4.conv1,0.200025
61,46,layer3.4.conv2,0.173149
61,47,layer3.5.conv1,0.190624
61,48,layer3.5.conv2,0.156712
61,49,layer3.6.conv1,0.182121
61,50,layer3.6.conv2,0.152369
61,51,layer3.7.conv1,0.178313
61,52,layer3.7.conv2,0.146451
61,53,layer3.8.conv1,0.222102
61,54,layer3.8.conv2,0.137958
62,0,conv1,0.123472
62,1,layer1.0.conv1,0.0615745
62,2,layer1.0.conv2,0.0615118
62,3,layer1.1.conv1,0.0692201
62,4,layer1.1.conv2,0.059326
62,5,layer1.2.conv1,0.0425615
62,6,layer1.2.conv2,0.0365363
62,7,layer1.3.conv1,0.0424593
62,8,layer1.3.conv2,0.0410303
62,9,layer1.4.conv1,0.0615327
62,10,layer1.4.conv2,0.0572062
62,11,layer1.5.conv1,0.069336
62,12,layer1.5.conv2,0.0650907
62,13,layer1.6.conv1,0.0732326
62,14,layer1.6.conv2,0.0687985
62,15,layer1.7.conv1,0.0665852
62,16,layer1.7.conv2,0.0672561
62,17,layer1.8.conv1,0.0895048
62,18,layer1.8.conv2,0.0826021
62,19,layer2.0.conv1,0.1361
62,20,layer2.0.conv2,0.159855
62,21,layer2.1.conv1,0.117214
62,22,layer2.1.conv2,0.109208
62,23,layer2.2.conv1,0.100845
62,24,layer2.2.conv2,0.0917748
62,25,layer2.3.conv1,0.113233
62,26,layer2.3.conv2,0.0978439
62,27,layer2.4.conv1,0.102906
62,28,layer2.4.conv2,0.0923553
62,29,layer2.5.conv1,0.101581
62,30,layer2.5.conv2,0.0871808
62,31,layer2.6.conv1,0.103674
62,32,layer2.6.conv2,0.0909665
62,33,layer2.7.conv1,0.117795
62,34,layer2.7.conv2,0.0994366
62,35,layer2.8.conv1,0.137809
62,36,layer2.8.conv2,0.113767
62,37,layer3.0.conv1,0.189267
62,38,layer3.0.conv2,0.231375
62,39,layer3.1.conv1,0.186262
62,40,layer3.1.conv2,0.191752
62,41,layer3.2.conv1,0.191979
62,42,layer3.2.conv2,0.183323
62,43,layer3.3.conv1,0.1909
62,44,layer3.3.conv2,0.16778
62,45,layer3.4.conv1,0.182194
62,46,layer3.4.conv2,0.159036
62,47,layer3.5.conv1,0.178179
62,48,layer3.5.conv2,0.144837
62,49,layer3.6.conv1,0.169829
62,50,layer3.6.conv2,0.141886
62,51,layer3.7.conv1,0.161454
62,52,layer3.7.conv2,0.128965
62,53,layer3.8.conv1,0.209598
62,54,layer3.8.conv2,0.126789
63,0,conv1,0.111498
63,1,layer1.0.conv1,0.0572537
63,2,layer1.0.conv2,0.0539022
63,3,layer1.1.conv1,0.0638887
63,4,layer1.1.conv2,0.0547306
63,5,layer1.2.conv1,0.0464207
63,6,layer1.2.conv2,0.0419393
63,7,layer1.3.conv1,0.0433752
63,8,layer1.3.conv2,0.0408234
63,9,layer1.4.conv1,0.0583443
63,10,layer1.4.conv2,0.0548509
63,11,layer1.5.conv1,0.0638381
63,12,layer1.5.conv2,0.0622577
63,13,layer1.6.conv1,0.0689112
63,14,layer1.6.conv2,0.0677874
63,15,layer1.7.conv1,0.0697767
63,16,layer1.7.conv2,0.0634127
63,17,layer1.8.conv1,0.0870007
63,18,layer1.8.conv2,0.0757887
63,19,layer2.0.conv1,0.130212
63,20,layer2.0.conv2,0.155406
63,21,layer2.1.conv1,0.109431
63,22,layer2.1.conv2,0.101356
63,23,layer2.2.conv1,0.0935538
63,24,layer2.2.conv2,0.0858042
63,25,layer2.3.conv1,0.109542
63,26,layer2.3.conv2,0.094844
63,27,layer2.4.conv1,0.105495
63,28,layer2.4.conv2,0.0920201
63,29,layer2.5.conv1,0.0961293
63,30,layer2.5.conv2,0.084553
63,31,layer2.6.conv1,0.0981556
63,32,layer2.6.conv2,0.0875413
63,33,layer2.7.conv1,0.114586
63,34,layer2.7.conv2,0.0975512
63,35,layer2.8.conv1,0.128817
63,36,layer2.8.conv2,0.1049
63,37,layer3.0.conv1,0.183664
63,38,layer3.0.conv2,0.225221
63,39,layer3.1.conv1,0.185378
63,40,layer3.1.conv2,0.188211
63,41,layer3.2.conv1,0.189611
63,42,layer3.2.conv2,0.177092
63,43,layer3.3.conv1,0.17925
63,44,layer3.3.conv2,0.164024
63,45,layer3.4.conv1,0.176844
63,46,layer3.4.conv2,0.153632
63,47,layer3.5.conv1,0.171789
63,48,layer3.5.conv2,0.139839
63,49,layer3.6.conv1,0.168135
63,50,layer3.6.conv2,0.137591
63,51,layer3.7.conv1,0.159078
63,52,layer3.7.conv2,0.125291
63,53,layer3.8.conv1,0.200229
63,54,layer3.8.conv2,0.122486
64,0,conv1,0.13099
64,1,layer1.0.conv1,0.062543
64,2,layer1.0.conv2,0.0582876
64,3,layer1.1.conv1,0.0663619
64,4,layer1.1.conv2,0.0576237
64,5,layer1.2.conv1,0.04351
64,6,layer1.2.conv2,0.0398007
64,7,layer1.3.conv1,0.0486447
64,8,layer1.3.conv2,0.0457958
64,9,layer1.4.conv1,0.0587184
64,10,layer1.4.conv2,0.0583854
64,11,layer1.5.conv1,0.0694312
64,12,layer1.5.conv2,0.0658329
64,13,layer1.6.conv1,0.072505
64,14,layer1.6.conv2,0.0705749
64,15,layer1.7.conv1,0.0702105
64,16,layer1.7.conv2,0.0692199
64,17,layer1.8.conv1,0.086129
64,18,layer1.8.conv2,0.0812419
64,19,layer2.0.conv1,0.13495
64,20,layer2.0.conv2,0.161735
64,21,layer2.1.conv1,0.117634
64,22,layer2.1.conv2,0.110108
64,23,layer2.2.conv1,0.10681
64,24,layer2.2.conv2,0.0974635
64,25,layer2.3.conv1,0.111693
64,26,layer2.3.conv2,0.0983013
64,27,layer2.4.conv1,0.104178
64,28,layer2.4.conv2,0.0929993
64,29,layer2.5.conv1,0.10481
64,30,layer2.5.conv2,0.0912023
64,31,layer2.6.conv1,0.100503
64,32,layer2.6.conv2,0.0920815
64,33,layer2.7.conv1,0.118851
64,34,layer2.7.conv2,0.102324
64,35,layer2.8.conv1,0.137907
64,36,layer2.8.conv2,0.113588
64,37,layer3.0.conv1,0.195892
64,38,layer3.0.conv2,0.240658
64,39,layer3.1.conv1,0.192801
64,40,layer3.1.conv2,0.202483
64,41,layer3.2.conv1,0.209289
64,42,layer3.2.conv2,0.194956
64,43,layer3.3.conv1,0.194655
64,44,layer3.3.conv2,0.177284
64,45,layer3.4.conv1,0.191949
64,46,layer3.4.conv2,0.166571
64,47,layer3.5.conv1,0.185487
64,48,layer3.5.conv2,0.149582
64,49,layer3.6.conv1,0.176385
64,50,layer3.6.conv2,0.146804
64,51,layer3.7.conv1,0.177143
64,52,layer3.7.conv2,0.14459
64,53,layer3.8.conv1,0.222893
64,54,layer3.8.conv2,0.135091
65,0,conv1,0.120469
65,1,layer1.0.conv1,0.0589127
65,2,layer1.0.conv2,0.0578642
65,3,layer1.1.conv1,0.0664498
65,4,layer1.1.conv2,0.0580969
65,5,layer1.2.conv1,0.0432711
65,6,layer1.2.conv2,0.0397563
65,7,layer1.3.conv1,0.0452228
65,8,layer1.3.conv2,0.0413679
65,9,layer1.4.conv1,0.0605624
65,10,layer1.4.conv2,0.0592158
65,11,layer1.5.conv1,0.0673077
65,12,layer1.5.conv2,0.0664066
65,13,layer1.6.conv1,0.0675648
65,14,layer1.6.conv2,0.0636863
65,15,layer1.7.conv1,0.0708374
65,16,layer1.7.conv2,0.0644041
65,17,layer1.8.conv1,0.0913242
65,18,layer1.8.conv2,0.0786009
65,19,layer2.0.conv1,0.130581
65,20,layer2.0.conv2,0.154059
65,21,layer2.1.conv1,0.116132
65,22,layer2.1.conv2,0.107797
65,23,layer2.2.conv1,0.0996704
65,24,layer2.2.conv2,0.089869
65,25,layer2.3.conv1,0.108323
65,26,layer2.3.conv2,0.0927647
65,27,layer2.4.conv1,0.103317
65,28,layer2.4.conv2,0.0914004
65,29,layer2.5.conv1,0.0923504
65,30,layer2.5.conv2,0.0831338
65,31,layer2.6.conv1,0.0961937
65,32,layer2.6.conv2,0.0878649
65,33,layer2.7.conv1,0.112909
65,34,layer2.7.conv2,0.0949199
65,35,layer2.8.conv1,0.129688
65,36,layer2.8.conv2,0.103059
65,37,layer3.0.conv1,0.187794
65,38,layer3.0.conv2,0.226378
65,39,layer3.1.conv1,0.180592
65,40,layer3.1.conv2,0.181455
65,41,layer3.2.conv1,0.189822
65,42,layer3.2.conv2,0.176564
65,43,layer3.3.conv1,0.179436
65,44,layer3.3.conv2,0.158729
65,45,layer3.4.conv1,0.179583
65,46,layer3.4.conv2,0.154573
65,47,layer3.5.conv1,0.171113
65,48,layer3.5.conv2,0.140297
65,49,layer3.6.conv1,0.169746
65,50,layer3.6.conv2,0.141856
65,51,layer3.7.conv1,0.160866
65,52,layer3.7.conv2,0.130421
65,53,layer3.8.conv1,0.203492
65,54,layer3.8.conv2,0.126225
66,0,conv1,0.126038
66,1,layer1.0.conv1,0.0613318
66,2,layer1.0.conv2,0.0571045
66,3,layer1.1.conv1,0.0684943
66,4,layer1.1.conv2,0.0604559
66,5,layer1.2.conv1,0.044558
66,6,layer1.2.conv2,0.0405792
66,7,layer1.3.conv1,0.0442934
66,8,layer1.3.conv2,0.0409166
66,9,layer1.4.conv1,0.0567078
66,10,layer1.4.conv2,0.0555004
66,11,layer1.5.conv1,0.0713658
66,12,layer1.5.conv2,0.0669845
66,13,layer1.6.conv1,0.0755135
66,14,layer1.6.conv2,0.0712765
66,15,layer1.7.conv1,0.0713597
66,16,layer1.7.conv2,0.0662663
66,17,layer1.8.conv1,0.0942878
66,18,layer1.8.conv2,0.0848172
66,19,layer2.0.conv1,0.133751
66,20,layer2.0.conv2,0.160165
66,21,layer2.1.conv1,0.116307
66,22,layer2.1.conv2,0.106181
66,23,layer2.2.conv1,0.0993588
66,24,layer2.2.conv2,0.092064
66,25,layer2.3.conv1,0.112029
66,26,layer2.3.conv2,0.0988429
66,27,layer2.4.conv1,0.107989
66,28,layer2.4.conv2,0.0950255
66,29,layer2.5.conv1,0.0994083
66,30,layer2.5.conv2,0.0896773
66,31,layer2.6.conv1,0.106976
66,32,layer2.6.conv2,0.0930384
66,33,layer2.7.conv1,0.113678
66,34,layer2.7.conv2,0.0987707
66,35,layer2.8.conv1,0.133064
66,36,layer2.8.conv2,0.111488
66,37,layer3.0.conv1,0.192681
66,38,layer3.0.conv2,0.235271
66,39,layer3.1.conv1,0.188911
66,40,layer3.1.conv2,0.19952
66,41,layer3.2.conv1,0.195674
66,42,layer3.2.conv2,0.188433
66,43,layer3.3.conv1,0.191672
66,44,layer3.3.conv2,0.171009
66,45,layer3.4.conv1,0.19119
66,46,layer3.4.conv2,0.168266
66,47,layer3.5.conv1,0.190284
66,48,layer3.5.conv2,0.157905
66,49,layer3.6.conv1,0.184641
66,50,layer3.6.conv2,0.153472
66,51,layer3.7.conv1,0.171973
66,52,layer3.7.conv2,0.140372
66,53,layer3.8.conv1,0.219517
66,54,layer3.8.conv2,0.133353
67,0,conv1,0.124277
67,1,layer1.0.conv1,0.0588739
67,2,layer1.0.conv2,0.0572157
67,3,layer1.1.conv1,0.0706469
67,4,layer1.1.conv2,0.059788
67,5,layer1.2.conv1,0.0411451
67,6,layer1.2.conv2,0.0354646
67,7,layer1.3.conv1,0.0419447
67,8,layer1.3.conv2,0.0392674
67,9,layer1.4.conv1,0.0595573
67,10,layer1.4.conv2,0.0545586
67,11,layer1.5.conv1,0.0673133
67,12,layer1.5.conv2,0.0651693
67,13,layer1.6.conv1,0.0731955
67,14,layer1.6.conv2,0.0688152
67,15,layer1.7.conv1,0.0712135
67,16,layer1.7.conv2,0.0667006
67,17,layer1.8.conv1,0.0886311
67,18,layer1.8.conv2,0.0809977
67,19,layer2.0.conv1,0.13209
67,20,layer2.0.conv2,0.156383
67,21,layer2.1.conv1,0.114209
67,22,layer2.1.conv2,0.102233
67,23,layer2.2.conv1,0.0991477
67,24,layer2.2.conv2,0.0877517
67,25,layer2.3.conv1,0.10738
67,26,layer2.3.conv2,0.0953806
67,27,layer2.4.conv1,0.0999522
67,28,layer2.4.conv2,0.0902059
67,29,layer2.5.conv1,0.0983936
67,30,layer2.5.conv2,0.0868168
67,31,layer2.6.conv1,0.0950495
67,32,layer2.6.conv2,0.0870575
67,33,layer2.7.conv1,0.118308
67,34,layer2.7.conv2,0.0965792
67,35,layer2.8.conv1,0.129784
67,36,layer2.8.conv2,0.10718
67,37,layer3.0.conv1,0.188254
67,38,layer3.0.conv2,0.228806
67,39,layer3.1.conv1,0.182581
67,40,layer3.1.conv2,0.18674
67,41,layer3.2.conv1,0.190688
67,42,layer3.2.conv2,0.179223
67,43,layer3.3.conv1,0.184117
67,44,layer3.3.conv2,0.165815
67,45,layer3.4.conv1,0.18403
67,46,layer3.4.conv2,0.164518
67,47,layer3.5.conv1,0.175881
67,48,layer3.5.conv2,0.146257
67,49,layer3.6.conv1,0.176584
67,50,layer3.6.conv2,0.145952
67,51,layer3.7.conv1,0.167665
67,52,layer3.7.conv2,0.137972
67,53,layer3.8.conv1,0.20982
67,54,layer3.8.conv2,0.131401
68,0,conv1,0.124418
68,1,layer1.0.conv1,0.0631754
68,2,layer1.0.conv2,0.0587034
68,3,layer1.1.conv1,0.0647079
68,4,layer1.1.conv2,0.0563956
68,5,layer1.2.conv1,0.0446396
68,6,layer1.2.conv2,0.0417718
68,7,layer1.3.conv1,0.0418442
68,8,layer1.3.conv2,0.0413063
68,9,layer1.4.conv1,0.0586337
68,10,layer1.4.conv2,0.0540831
68,11,layer1.5.conv1,0.0690929
68,12,layer1.5.conv2,0.0652777
68,13,layer1.6.conv1,0.0694339
68,14,layer1.6.conv2,0.0704432
68,15,layer1.7.conv1,0.0653793
68,16,layer1.7.conv2,0.0607354
68,17,layer1.8.conv1,0.0866465
68,18,layer1.8.conv2,0.0794058
68,19,layer2.0.conv1,0.128022
68,20,layer2.0.conv2,0.153515
68,21,layer2.1.conv1,0.11047
68,22,layer2.1.conv2,0.101468
68,23,layer2.2.conv1,0.0950608
68,24,layer2.2.conv2,0.0866557
68,25,layer2.3.conv1,0.109427
68,26,layer2.3.conv2,0.0942053
68,27,layer2.4.conv1,0.0958088
68,28,layer2.4.conv2,0.0851383
68,29,layer2.5.conv1,0.0972152
68,30,layer2.5.conv2,0.0869039
68,31,layer2.6.conv1,0.0966539
68,32,layer2.6.conv2,0.0857889
68,33,layer2.7.conv1,0.11083
68,34,layer2.7.conv2,0.0923355
68,35,layer2.8.conv1,0.124993
68,36,layer2.8.conv2,0.105247
68,37,layer3.0.conv1,0.179399
68,38,layer3.0.conv2,0.223678
68,39,layer3.1.conv1,0.175963
68,40,layer3.1.conv2,0.180509
68,41,layer3.2.conv1,0.189533
68,42,layer3.2.conv2,0.178172
68,43,layer3.3.conv1,0.178159
68,44,layer3.3.conv2,0.160713
68,45,layer3.4.conv1,0.180014
68,46,layer3.4.conv2,0.15676
68,47,layer3.5.conv1,0.172038
68,48,layer3.5.conv2,0.142737
68,49,layer3.6.conv1,0.166216
68,50,layer3.6.conv2,0.137711
68,51,layer3.7.conv1,0.15818
68,52,layer3.7.conv2,0.129912
68,53,layer3.8.conv1,0.204519
68,54,layer3.8.conv2,0.121971
69,0,conv1,0.133126
69,1,layer1.0.conv1,0.0629294
69,2,layer1.0.conv2,0.0616128
69,3,layer1.1.conv1,0.0706763
69,4,layer1.1.conv2,0.059692
69,5,layer1.2.conv1,0.0448918
69,6,layer1.2.conv2,0.0428859
69,7,layer1.3.conv1,0.0450681
69,8,layer1.3.conv2,0.0410814
69,9,layer1.4.conv1,0.0678693
69,10,layer1.4.conv2,0.0608255
69,11,layer1.5.conv1,0.0711031
69,12,layer1.5.conv2,0.070198
69,13,layer1.6.conv1,0.0748171
69,14,layer1.6.conv2,0.0705136
69,15,layer1.7.conv1,0.0702263
69,16,layer1.7.conv2,0.0639126
69,17,layer1.8.conv1,0.093431
69,18,layer1.8.conv2,0.0832576
69,19,layer2.0.conv1,0.140704
69,20,layer2.0.conv2,0.165898
69,21,layer2.1.conv1,0.117205
69,22,layer2.1.conv2,0.109039
69,23,layer2.2.conv1,0.106209
69,24,layer2.2.conv2,0.0971987
69,25,layer2.3.conv1,0.114987
69,26,layer2.3.conv2,0.101064
69,27,layer2.4.conv1,0.0996778
69,28,layer2.4.conv2,0.0914145
69,29,layer2.5.conv1,0.10682
69,30,layer2.5.conv2,0.0942178
69,31,layer2.6.conv1,0.102395
69,32,layer2.6.conv2,0.092029
69,33,layer2.7.conv1,0.118081
69,34,layer2.7.conv2,0.101229
69,35,layer2.8.conv1,0.135256
69,36,layer2.8.conv2,0.108129
69,37,layer3.0.conv1,0.196061
69,38,layer3.0.conv2,0.239069
69,39,layer3.1.conv1,0.190936
69,40,layer3.1.conv2,0.194522
69,41,layer3.2.conv1,0.208386
69,42,layer3.2.conv2,0.193492
69,43,layer3.3.conv1,0.196063
69,44,layer3.3.conv2,0.174428
69,45,layer3.4.conv1,0.190123
69,46,layer3.4.conv2,0.166404
69,47,layer3.5.conv1,0.185477
69,48,layer3.5.conv2,0.154612
69,49,layer3.6.conv1,0.175796
69,50,layer3.6.conv2,0.148429
69,51,layer3.7.conv1,0.173226
69,52,layer3.7.conv2,0.140949
69,53,layer3.8.conv1,0.217194
69,54,layer3.8.conv2,0.13282
70,0,conv1,0.112887
70,1,layer1.0.conv1,0.0553081
70,2,layer1.0.conv2,0.0522703
70,3,layer1.1.conv1,0.0632124
70,4,layer1.1.conv2,0.0559487
70,5,layer1.2.conv1,0.0409331
70,6,layer1.2.conv2,0.0388313
70,7,layer1.3.conv1,0.0433877
70,8,layer1.3.conv2,0.0393237
70,9,layer1.4.conv1,0.0567008
70,10,layer1.4.conv2,0.0526453
70,11,layer1.5.conv1,0.0679448
70,12,layer1.5.conv2,0.0620692
70,13,layer1.6.conv1,0.0684561
70,14,layer1.6.conv2,0.064273
70,15,layer1.7.conv1,0.0661631
70,16,layer1.7.conv2,0.059579
70,17,layer1.8.conv1,0.0804847
70,18,layer1.8.conv2,0.0766287
70,19,layer2.0.conv1,0.129969
70,20,layer2.0.conv2,0.155357
70,21,layer2.1.conv1,0.113345
70,22,layer2.1.conv2,0.102584
70,23,layer2.2.conv1,0.0951963
70,24,layer2.2.conv2,0.088503
70,25,layer2.3.conv1,0.105487
70,26,layer2.3.conv2,0.0908898
70,27,layer2.4.conv1,0.0970538
70,28,layer2.4.conv2,0.0866874
70,29,layer2.5.conv1,0.0919764
70,30,layer2.5.conv2,0.0828053
70,31,layer2.6.conv1,0.0924277
70,32,layer2.6.conv2,0.0836702
70,33,layer2.7.conv1,0.110638
70,34,layer2.7.conv2,0.0917082
70,35,layer2.8.conv1,0.128773
70,36,layer2.8.conv2,0.105554
70,37,layer3.0.conv1,0.180349
70,38,layer3.0.conv2,0.219297
70,39,layer3.1.conv1,0.180341
70,40,layer3.1.conv2,0.184068
70,41,layer3.2.conv1,0.182501
70,42,layer3.2.conv2,0.172356
70,43,layer3.3.conv1,0.182092
70,44,layer3.3.conv2,0.166978
70,45,layer3.4.conv1,0.17479
70,46,layer3.4.conv2,0.153844
70,47,layer3.5.conv1,0.172048
70,48,layer3.5.conv2,0.143754
70,49,layer3.6.conv1,0.165926
70,50,layer3.6.conv2,0.137515
70,51,layer3.7.conv1,0.16392
70,52,layer3.7.conv2,0.131455
70,53,layer3.8.conv1,0.204244
70,54,layer3.8.conv2,0.125823
71,0,conv1,0.13349
71,1,layer1.0.conv1,0.0625632
71,2,layer1.0.conv2,0.0585277
71,3,layer1.1.conv1,0.0716163
71,4,layer1.1.conv2,0.0615848
71,5,layer1.2.conv1,0.0461721
71,6,layer1.2.conv2,0.0437983
71,7,layer1.3.conv1,0.0472917
71,8,layer1.3.conv2,0.0442084
71,9,layer1.4.conv1,0.0587435
71,10,layer1.4.conv2,0.0567697
71,11,layer1.5.conv1,0.0690621
71,12,layer1.5.conv2,0.0643786
71,13,layer1.6.conv1,0.0727561
71,14,layer1.6.conv2,0.0686575
71,15,layer1.7.conv1,0.070296
71,16,layer1.7.conv2,0.0643714
71,17,layer1.8.conv1,0.0881425
71,18,layer1.8.conv2,0.0812786
71,19,layer2.0.conv1,0.136243
71,20,layer2.0.conv2,0.158688
71,21,layer2.1.conv1,0.118767
71,22,layer2.1.conv2,0.110676
71,23,layer2.2.conv1,0.104855
71,24,layer2.2.conv2,0.0953532
71,25,layer2.3.conv1,0.111473
71,26,layer2.3.conv2,0.0989156
71,27,layer2.4.conv1,0.106298
71,28,layer2.4.conv2,0.0969474
71,29,layer2.5.conv1,0.0945333
71,30,layer2.5.conv2,0.0863361
71,31,layer2.6.conv1,0.0999279
71,32,layer2.6.conv2,0.0900461
71,33,layer2.7.conv1,0.119201
71,34,layer2.7.conv2,0.0981297
71,35,layer2.8.conv1,0.130127
71,36,layer2.8.conv2,0.106915
71,37,layer3.0.conv1,0.193149
71,38,layer3.0.conv2,0.233984
71,39,layer3.1.conv1,0.186168
71,40,layer3.1.conv2,0.190739
71,41,layer3.2.conv1,0.195168
71,42,layer3.2.conv2,0.184235
71,43,layer3.3.conv1,0.189548
71,44,layer3.3.conv2,0.167612
71,45,layer3.4.conv1,0.185572
71,46,layer3.4.conv2,0.157586
71,47,layer3.5.conv1,0.182246
71,48,layer3.5.conv2,0.148077
71,49,layer3.6.conv1,0.172321
71,50,layer3.6.conv2,0.141986
71,51,layer3.7.conv1,0.162749
71,52,layer3.7.conv2,0.132186
71,53,layer3.8.conv1,0.209029
71,54,layer3.8.conv2,0.126327
72,0,conv1,0.126592
72,1,layer1.0.conv1,0.0609999
72,2,layer1.0.conv2,0.0579326
72,3,layer1.1.conv1,0.0641133
72,4,layer1.1.conv2,0.0578487
72,5,layer1.2.conv1,0.0462605
72,6,layer1.2.conv2,0.0433017
72,7,layer1.3.conv1,0.0463594
72,8,layer1.3.conv2,0.0438398
72,9,layer1.4.conv1,0.0626977
72,10,layer1.4.conv2,0.0589597
72,11,layer1.5.conv1,0.0707846
72,12,layer1.5.conv2,0.0660437
72,13,layer1.6.conv1,0.0751362
72,14,layer1.6.conv2,0.071104
72,15,layer1.7.conv1,0.0720585
72,16,layer1.7.conv2,0.0689668
72,17,layer1.8.conv1,0.0944151
72,18,layer1.8.conv2,0.0838204
72,19,layer2.0.conv1,0.135863
72,20,layer2.0.conv2,0.163102
72,21,layer2.1.conv1,0.11786
72,22,layer2.1.conv2,0.1082
72,23,layer2.2.conv1,0.104639
72,24,layer2.2.conv2,0.0952267
72,25,layer2.3.conv1,0.117047
72,26,layer2.3.conv2,0.102812
72,27,layer2.4.conv1,0.104207
72,28,layer2.4.conv2,0.0964953
72,29,layer2.5.conv1,0.103558
72,30,layer2.5.conv2,0.0922401
72,31,layer2.6.conv1,0.109214
72,32,layer2.6.conv2,0.0978367
72,33,layer2.7.conv1,0.12332
72,34,layer2.7.conv2,0.101626
72,35,layer2.8.conv1,0.137371
72,36,layer2.8.conv2,0.113051
72,37,layer3.0.conv1,0.19689
72,38,layer3.0.conv2,0.240741
72,39,layer3.1.conv1,0.197221
72,40,layer3.1.conv2,0.201676
72,41,layer3.2.conv1,0.199682
72,42,layer3.2.conv2,0.191174
72,43,layer3.3.conv1,0.194952
72,44,layer3.3.conv2,0.175048
72,45,layer3.4.conv1,0.197259
72,46,layer3.4.conv2,0.171093
72,47,layer3.5.conv1,0.196183
72,48,layer3.5.conv2,0.160714
72,49,layer3.6.conv1,0.185271
72,50,layer3.6.conv2,0.154132
72,51,layer3.7.conv1,0.177353
72,52,layer3.7.conv2,0.142879
72,53,layer3.8.conv1,0.218702
72,54,layer3.8.conv2,0.132314
73,0,conv1,0.125233
73,1,layer1.0.conv1,0.0612286
73,2,layer1.0.conv2,0.0573259
73,3,layer1.1.conv1,0.0694031
73,4,layer1.1.conv2,0.0622789
73,5,layer1.2.conv1,0.0421157
73,6,layer1.2.conv2,0.0407366
73,7,layer1.3.conv1,0.049102
73,8,layer1.3.conv2,0.0469461
73,9,layer1.4.conv1,0.0617993
73,10,layer1.4.conv2,0.058137
73,11,layer1.5.conv1,0.0676525
73,12,layer1.5.conv2,0.064082
73,13,layer1.6.conv1,0.0762196
73,14,layer1.6.conv2,0.0703591
73,15,layer1.7.conv1,0.0733444
73,16,layer1.7.conv2,0.0692419
73,17,layer1.8.conv1,0.0966524
73,18,layer1.8.conv2,0.0831358
73,19,layer2.0.conv1,0.13643
73,20,layer2.0.conv2,0.160222
73,21,layer2.1.conv1,0.117715
73,22,layer2.1.conv2,0.107519
73,23,layer2.2.conv1,0.101438
73,24,layer2.2.conv2,0.095288
73,25,layer2.3.conv1,0.11197
73,26,layer2.3.conv2,0.101075
73,27,layer2.4.conv1,0.104949
73,28,layer2.4.conv2,0.096691
73,29,layer2.5.conv1,0.101363
73,30,layer2.5.conv2,0.0902606
73,31,layer2.6.conv1,0.104395
73,32,layer2.6.conv2,0.0932887
73,33,layer2.7.conv1,0.127639
73,34,layer2.7.conv2,0.103142
73,35,layer2.8.conv1,0.138707
73,36,layer2.8.conv2,0.111481
73,37,layer3.0.conv1,0.191955
73,38,layer3.0.conv2,0.234716
73,39,layer3.1.conv1,0.189063
73,40,layer3.1.conv2,0.192574
73,41,layer3.2.conv1,0.195619
73,42,layer3.2.conv2,0.18245
73,43,layer3.3.conv1,0.195911
73,44,layer3.3.conv2,0.174118
73,45,layer3.4.conv1,0.190943
73,46,layer3.4.conv2,0.166024
73,47,layer3.5.conv1,0.187932
73,48,layer3.5.conv2,0.153993
73,49,layer3.6.conv1,0.178104
73,50,layer3.6.conv2,0.146112
73,51,layer3.7.conv1,0.170311
73,52,layer3.7.conv2,0.138141
73,53,layer3.8.conv1,0.220518
73,54,layer3.8.conv2,0.138636
74,0,conv1,0.11979
74,1,layer1.0.conv1,0.0593566
74,2,layer1.0.conv2,0.0589877
74,3,layer1.1.conv1,0.0702776
74,4,layer1.1.conv2,0.0630905
74,5,layer1.2.conv1,0.0422368
74,6,layer1.2.conv2,0.0421113
74,7,layer1.3.conv1,0.0491877
74,8,layer1.3.conv2,0.0454699
74,9,layer1.4.conv1,0.065143
74,10,layer1.4.conv2,0.0597076
74,11,layer1.5.conv1,0.0680167
74,12,layer1.5.conv2,0.0674072
74,13,layer1.6.conv1,0.07406
74,14,layer1.6.conv2,0.0700029
74,15,layer1.7.conv1,0.0712315
74,16,layer1.7.conv2,0.0664918
74,17,layer1.8.conv1,0.0951216
74,18,layer1.8.conv2,0.0791043
74,19,layer2.0.conv1,0.13688
74,20,layer2.0.conv2,0.161129
74,21,layer2.1.conv1,0.117059
74,22,layer2.1.conv2,0.111709
74,23,layer2.2.conv1,0.0993884
74,24,layer2.2.conv2,0.0921455
74,25,layer2.3.conv1,0.107667
74,26,layer2.3.conv2,0.0989667
74,27,layer2.4.conv1,0.112922
74,28,layer2.4.conv2,0.103492
74,29,layer2.5.conv1,0.102479
74,30,layer2.5.conv2,0.0919337
74,31,layer2.6.conv1,0.100879
74,32,layer2.6.conv2,0.0920923
74,33,layer2.7.conv1,0.123922
74,34,layer2.7.conv2,0.102239
74,35,layer2.8.conv1,0.137535
74,36,layer2.8.conv2,0.112633
74,37,layer3.0.conv1,0.194047
74,38,layer3.0.conv2,0.236785
74,39,layer3.1.conv1,0.192377
74,40,layer3.1.conv2,0.191694
74,41,layer3.2.conv1,0.196888
74,42,layer3.2.conv2,0.186082
74,43,layer3.3.conv1,0.189901
74,44,layer3.3.conv2,0.171773
74,45,layer3.4.conv1,0.195022
74,46,layer3.4.conv2,0.167353
74,47,layer3.5.conv1,0.186391
74,48,layer3.5.conv2,0.154627
74,49,layer3.6.conv1,0.184329
74,50,layer3.6.conv2,0.152152
74,51,layer3.7.conv1,0.170257
74,52,layer3.7.conv2,0.138628
74,53,layer3.8.conv1,0.218696
74,54,layer3.8.conv2,0.137727
75,0,conv1,0.120068
75,1,layer1.0.conv1,0.0601209
75,2,layer1.0.conv2,0.0527778
75,3,layer1.1.conv1,0.067642
75,4,layer1.1.conv2,0.0598386
75,5,layer1.2.conv1,0.0418596
75,6,layer1.2.conv2,0.0384607
75,7,layer1.3.conv1,0.0413929
75,8,layer1.3.conv2,0.0400326
75,9,layer1.4.conv1,0.0586397
75,10,layer1.4.conv2,0.0539298
75,11,layer1.5.conv1,0.0665993
75,12,layer1.5.conv2,0.0649614
75,13,layer1.6.conv1,0.069531
75,14,layer1.6.conv2,0.0679466
75,15,layer1.7.conv1,0.0662164
75,16,layer1.7.conv2,0.0612981
75,17,layer1.8.conv1,0.0886151
75,18,layer1.8.conv2,0.0808281
75,19,layer2.0.conv1,0.130816
75,20,layer2.0.conv2,0.155611
75,21,layer2.1.conv1,0.114529
75,22,layer2.1.conv2,0.104832
75,23,layer2.2.conv1,0.104374
75,24,layer2.2.conv2,0.0961561
75,25,layer2.3.conv1,0.112588
75,26,layer2.3.conv2,0.100447
75,27,layer2.4.conv1,0.104119
75,28,layer2.4.conv2,0.0949671
75,29,layer2.5.conv1,0.098622
75,30,layer2.5.conv2,0.087345
75,31,layer2.6.conv1,0.101723
75,32,layer2.6.conv2,0.0875527
75,33,layer2.7.conv1,0.122766
75,34,layer2.7.conv2,0.100909
75,35,layer2.8.conv1,0.12977
75,36,layer2.8.conv2,0.106872
75,37,layer3.0.conv1,0.189994
75,38,layer3.0.conv2,0.234981
75,39,layer3.1.conv1,0.189994
75,40,layer3.1.conv2,0.194088
75,41,layer3.2.conv1,0.190919
75,42,layer3.2.conv2,0.178403
75,43,layer3.3.conv1,0.186974
75,44,layer3.3.conv2,0.167749
75,45,layer3.4.conv1,0.187096
75,46,layer3.4.conv2,0.162713
75,47,layer3.5.conv1,0.183112
75,48,layer3.5.conv2,0.149987
75,49,layer3.6.conv1,0.175289
75,50,layer3.6.conv2,0.145829
75,51,layer3.7.conv1,0.171169
75,52,layer3.7.conv2,0.139986
75,53,layer3.8.conv1,0.207566
75,54,layer3.8.conv2,0.12785
76,0,conv1,0.136464
76,1,layer1.0.conv1,0.0569251
76,2,layer1.0.conv2,0.0564377
76,3,layer1.1.conv1,0.0696168
76,4,layer1.1.conv2,0.0589516
76,5,layer1.2.conv1,0.040925
76,6,layer1.2.conv2,0.0389459
76,7,layer1.3.conv1,0.0443817
76,8,layer1.3.conv2,0.0420448
76,9,layer1.4.conv1,0.0555292
76,10,layer1.4.conv2,0.0545793
76,11,layer1.5.conv1,0.0737097
76,12,layer1.5.conv2,0.0670435
76,13,layer1.6.conv1,0.0764237
76,14,layer1.6.conv2,0.0700058
76,15,layer1.7.conv1,0.0703233
76,16,layer1.7.conv2,0.0666583
76,17,layer1.8.conv1,0.0926558
76,18,layer1.8.conv2,0.0809107
76,19,layer2.0.conv1,0.132042
76,20,layer2.0.conv2,0.162518
76,21,layer2.1.conv1,0.122547
76,22,layer2.1.conv2,0.110482
76,23,layer2.2.conv1,0.100127
76,24,layer2.2.conv2,0.0929341
76,25,layer2.3.conv1,0.112007
76,26,layer2.3.conv2,0.0947769
76,27,layer2.4.conv1,0.105915
76,28,layer2.4.conv2,0.093909
76,29,layer2.5.conv1,0.0990434
76,30,layer2.5.conv2,0.0872623
76,31,layer2.6.conv1,0.10626
76,32,layer2.6.conv2,0.0943428
76,33,layer2.7.conv1,0.120714
76,34,layer2.7.conv2,0.0967113
76,35,layer2.8.conv1,0.136649
76,36,layer2.8.conv2,0.109058
76,37,layer3.0.conv1,0.195263
76,38,layer3.0.conv2,0.240633
76,39,layer3.1.conv1,0.195217
76,40,layer3.1.conv2,0.20033
76,41,layer3.2.conv1,0.202168
76,42,layer3.2.conv2,0.190604
76,43,layer3.3.conv1,0.1931
76,44,layer3.3.conv2,0.17722
76,45,layer3.4.conv1,0.194821
76,46,layer3.4.conv2,0.166887
76,47,layer3.5.conv1,0.186865
76,48,layer3.5.conv2,0.159576
76,49,layer3.6.conv1,0.183149
76,50,layer3.6.conv2,0.151992
76,51,layer3.7.conv1,0.169606
76,52,layer3.7.conv2,0.142167
76,53,layer3.8.conv1,0.218594
76,54,layer3.8.conv2,0.130232
77,0,conv1,0.135461
77,1,layer1.0.conv1,0.0651198
77,2,layer1.0.conv2,0.0610162
77,3,layer1.1.conv1,0.0777938
77,4,layer1.1.conv2,0.0632282
77,5,layer1.2.conv1,0.0423499
77,6,layer1.2.conv2,0.0390607
77,7,layer1.3.conv1,0.0474616
77,8,layer1.3.conv2,0.0462828
77,9,layer1.4.conv1,0.0638635
77,10,layer1.4.conv2,0.0612242
77,11,layer1.5.conv1,0.073483
77,12,layer1.5.conv2,0.0688148
77,13,layer1.6.conv1,0.0805385
77,14,layer1.6.conv2,0.073973
77,15,layer1.7.conv1,0.0721067
77,16,layer1.7.conv2,0.0677767
77,17,layer1.8.conv1,0.0968546
77,18,layer1.8.conv2,0.0837765
77,19,layer2.0.conv1,0.142483
77,20,layer2.0.conv2,0.166089
77,21,layer2.1.conv1,0.116175
77,22,layer2.1.conv2,0.109294
77,23,layer2.2.conv1,0.108691
77,24,layer2.2.conv2,0.0983149
77,25,layer2.3.conv1,0.119622
77,26,layer2.3.conv2,0.104454
77,27,layer2.4.conv1,0.108534
77,28,layer2.4.conv2,0.09656
77,29,layer2.5.conv1,0.105312
77,30,layer2.5.conv2,0.0942205
77,31,layer2.6.conv1,0.110511
77,32,layer2.6.conv2,0.0965004
77,33,layer2.7.conv1,0.122112
77,34,layer2.7.conv2,0.101661
77,35,layer2.8.conv1,0.136907
77,36,layer2.8.conv2,0.111316
77,37,layer3.0.conv1,0.197496
77,38,layer3.0.conv2,0.242174
77,39,layer3.1.conv1,0.194599
77,40,layer3.1.conv2,0.1968
77,41,layer3.2.conv1,0.204814
77,42,layer3.2.conv2,0.192309
77,43,layer3.3.conv1,0.193381
77,44,layer3.3.conv2,0.175734
77,45,layer3.4.conv1,0.198303
77,46,layer3.4.conv2,0.173121
77,47,layer3.5.conv1,0.191712
77,48,layer3.5.conv2,0.159659
77,49,layer3.6.conv1,0.182123
77,50,layer3.6.conv2,0.149539
77,51,layer3.7.conv1,0.180762
77,52,layer3.7.conv2,0.146235
77,53,layer3.8.conv1,0.22142
77,54,layer3.8.conv2,0.135381
78,0,conv1,0.129527
78,1,layer1.0.conv1,0.0639258
78,2,layer1.0.conv2,0.0625052
78,3,layer1.1.conv1,0.0773658
78,4,layer1.1.conv2,0.0679784
78,5,layer1.2.conv1,0.0447475
78,6,layer1.2.conv2,0.043164
78,7,layer1.3.conv1,0.0508935
78,8,layer1.3.conv2,0.0501327
78,9,layer1.4.conv1,0.0648209
78,10,layer1.4.conv2,0.0606901
78,11,layer1.5.conv1,0.075613
78,12,layer1.5.conv2,0.0712073
78,13,layer1.6.conv1,0.0764645
78,14,layer1.6.conv2,0.0713094
78,15,layer1.7.conv1,0.0747853
78,16,layer1.7.conv2,0.0706967
78,17,layer1.8.conv1,0.0979915
78,18,layer1.8.conv2,0.0859282
78,19,layer2.0.conv1,0.146267
78,20,layer2.0.conv2,0.174368
78,21,layer2.1.conv1,0.12243
78,22,layer2.1.conv2,0.111546
78,23,layer2.2.conv1,0.112296
78,24,layer2.2.conv2,0.101133
78,25,layer2.3.conv1,0.118431
78,26,layer2.3.conv2,0.104874
78,27,layer2.4.conv1,0.109514
78,28,layer2.4.conv2,0.0996943
78,29,layer2.5.conv1,0.103525
78,30,layer2.5.conv2,0.0933292
78,31,layer2.6.conv1,0.110436
78,32,layer2.6.conv2,0.0959463
78,33,layer2.7.conv1,0.126522
78,34,layer2.7.conv2,0.10765
78,35,layer2.8.conv1,0.139147
78,36,layer2.8.conv2,0.114274
78,37,layer3.0.conv1,0.200854
78,38,layer3.0.conv2,0.247273
78,39,layer3.1.conv1,0.19592
78,40,layer3.1.conv2,0.19908
78,41,layer3.2.conv1,0.208604
78,42,layer3.2.conv2,0.194647
78,43,layer3.3.conv1,0.202377
78,44,layer3.3.conv2,0.181035
78,45,layer3.4.conv1,0.19854
78,46,layer3.4.conv2,0.175864
78,47,layer3.5.conv1,0.195442
78,48,layer3.5.conv2,0.161147
78,49,layer3.6.conv1,0.188068
78,50,layer3.6.conv2,0.157254
78,51,layer3.7.conv1,0.183184
78,52,layer3.7.conv2,0.14928
78,53,layer3.8.conv1,0.231095
78,54,layer3.8.conv2,0.138594
79,0,conv1,0.128486
79,1,layer1.0.conv1,0.0597453
79,2,layer1.0.conv2,0.0544488
79,3,layer1.1.conv1,0.0724624
79,4,layer1.1.conv2,0.0611143
79,5,layer1.2.conv1,0.0394054
79,6,layer1.2.conv2,0.0396323
79,7,layer1.3.conv1,0.0430458
79,8,layer1.3.conv2,0.0405777
79,9,layer1.4.conv1,0.057987
79,10,layer1.4.conv2,0.0557986
79,11,layer1.5.conv1,0.0672915
79,12,layer1.5.conv2,0.0670418
79,13,layer1.6.conv1,0.0767984
79,14,layer1.6.conv2,0.0719051
79,15,layer1.7.conv1,0.0736285
79,16,layer1.7.conv2,0.0684218
79,17,layer1.8.conv1,0.0917759
79,18,layer1.8.conv2,0.0799191
79,19,layer2.0.conv1,0.133449
79,20,layer2.0.conv2,0.159344
79,21,layer2.1.conv1,0.117341
79,22,layer2.1.conv2,0.108346
79,23,layer2.2.conv1,0.101864
79,24,layer2.2.conv2,0.0945694
79,25,layer2.3.conv1,0.114724
79,26,layer2.3.conv2,0.0989233
79,27,layer2.4.conv1,0.106871
79,28,layer2.4.conv2,0.0938068
79,29,layer2.5.conv1,0.101069
79,30,layer2.5.conv2,0.0900408
79,31,layer2.6.conv1,0.104371
79,32,layer2.6.conv2,0.0927042
79,33,layer2.7.conv1,0.119592
79,34,layer2.7.conv2,0.0994706
79,35,layer2.8.conv1,0.135149
79,36,layer2.8.conv2,0.108305
79,37,layer3.0.conv1,0.190698
79,38,layer3.0.conv2,0.233947
79,39,layer3.1.conv1,0.187297
79,40,layer3.1.conv2,0.191377
79,41,layer3.2.conv1,0.189981
79,42,layer3.2.conv2,0.181635
79,43,layer3.3.conv1,0.185807
79,44,layer3.3.conv2,0.168335
79,45,layer3.4.conv1,0.184635
79,46,layer3.4.conv2,0.159798
79,47,layer3.5.conv1,0.185168
79,48,layer3.5.conv2,0.151794
79,49,layer3.6.conv1,0.174801
79,50,layer3.6.conv2,0.144289
79,51,layer3.7.conv1,0.167137
79,52,layer3.7.conv2,0.133737
79,53,layer3.8.conv1,0.213275
79,54,layer3.8.conv2,0.127559
80,0,conv1,0.122574
80,1,layer1.0.conv1,0.0578295
80,2,layer1.0.conv2,0.0532227
80,3,layer1.1.conv1,0.0681629
80,4,layer1.1.conv2,0.0564491
80,5,layer1.2.conv1,0.0450509
80,6,layer1.2.conv2,0.0412338
80,7,layer1.3.conv1,0.0477307
80,8,layer1.3.conv2,0.0454794
80,9,layer1.4.conv1,0.0597232
80,10,layer1.4.conv2,0.0595182
80,11,layer1.5.conv1,0.0722834
80,12,layer1.5.conv2,0.0651164
80,13,layer1.6.conv1,0.0707232
80,14,layer1.6.conv2,0.0659272
80,15,layer1.7.conv1,0.0722637
80,16,layer1.7.conv2,0.0675845
80,17,layer1.8.conv1,0.099133
80,18,layer1.8.conv2,0.08213
80,19,layer2.0.conv1,0.137323
80,20,layer2.0.conv2,0.166304
80,21,layer2.1.conv1,0.121833
80,22,layer2.1.conv2,0.113026
80,23,layer2.2.conv1,0.106621
80,24,layer2.2.conv2,0.0968827
80,25,layer2.3.conv1,0.112648
80,26,layer2.3.conv2,0.09678
80,27,layer2.4.conv1,0.109355
80,28,layer2.4.conv2,0.0935695
80,29,layer2.5.conv1,0.101307
80,30,layer2.5.conv2,0.0898453
80,31,layer2.6.conv1,0.102052
80,32,layer2.6.conv2,0.0907917
80,33,layer2.7.conv1,0.119013
80,34,layer2.7.conv2,0.100139
80,35,layer2.8.conv1,0.132054
80,36,layer2.8.conv2,0.108982
80,37,layer3.0.conv1,0.189872
80,38,layer3.0.conv2,0.237275
80,39,layer3.1.conv1,0.190846
80,40,layer3.1.conv2,0.192219
80,41,layer3.2.conv1,0.199708
80,42,layer3.2.conv2,0.191944
80,43,layer3.3.conv1,0.194919
80,44,layer3.3.conv2,0.176361
80,45,layer3.4.conv1,0.190827
80,46,layer3.4.conv2,0.164819
80,47,layer3.5.conv1,0.188975
80,48,layer3.5.conv2,0.15322
80,49,layer3.6.conv1,0.178369
80,50,layer3.6.conv2,0.144695
80,51,layer3.7.conv1,0.168243
80,52,layer3.7.conv2,0.134675
80,53,layer3.8.conv1,0.213099
80,54,layer3.8.conv2,0.130531
81,0,conv1,0.134024
81,1,layer1.0.conv1,0.0635909
81,2,layer1.0.conv2,0.0601673
81,3,layer1.1.conv1,0.0744725
81,4,layer1.1.conv2,0.0637366
81,5,layer1.2.conv1,0.04786
81,6,layer1.2.conv2,0.0420545
81,7,layer1.3.conv1,0.0483763
81,8,layer1.3.conv2,0.0451831
81,9,layer1.4.conv1,0.0585686
81,10,layer1.4.conv2,0.0564951
81,11,layer1.5.conv1,0.0754051
81,12,layer1.5.conv2,0.0688415
81,13,layer1.6.conv1,0.0749172
81,14,layer1.6.conv2,0.0706214
81,15,layer1.7.conv1,0.072723
81,16,layer1.7.conv2,0.0684107
81,17,layer1.8.conv1,0.0997809
81,18,layer1.8.conv2,0.0877355
81,19,layer2.0.conv1,0.137081
81,20,layer2.0.conv2,0.163193
81,21,layer2.1.conv1,0.122552
81,22,layer2.1.conv2,0.111301
81,23,layer2.2.conv1,0.109149
81,24,layer2.2.conv2,0.099343
81,25,layer2.3.conv1,0.112014
81,26,layer2.3.conv2,0.0985338
81,27,layer2.4.conv1,0.110598
81,28,layer2.4.conv2,0.0956699
81,29,layer2.5.conv1,0.106526
81,30,layer2.5.conv2,0.0941782
81,31,layer2.6.conv1,0.106049
81,32,layer2.6.conv2,0.0931297
81,33,layer2.7.conv1,0.119782
81,34,layer2.7.conv2,0.101713
81,35,layer2.8.conv1,0.137871
81,36,layer2.8.conv2,0.1139
81,37,layer3.0.conv1,0.199919
81,38,layer3.0.conv2,0.248789
81,39,layer3.1.conv1,0.199026
81,40,layer3.1.conv2,0.203092
81,41,layer3.2.conv1,0.210464
81,42,layer3.2.conv2,0.197729
81,43,layer3.3.conv1,0.197794
81,44,layer3.3.conv2,0.180523
81,45,layer3.4.conv1,0.196357
81,46,layer3.4.conv2,0.173387
81,47,layer3.5.conv1,0.189961
81,48,layer3.5.conv2,0.157396
81,49,layer3.6.conv1,0.190411
81,50,layer3.6.conv2,0.152733
81,51,layer3.7.conv1,0.184712
81,52,layer3.7.conv2,0.146633
81,53,layer3.8.conv1,0.222524
81,54,layer3.8.conv2,0.131094
82,0,conv1,0.117536
82,1,layer1.0.conv1,0.0606758
82,2,layer1.0.conv2,0.0533401
82,3,layer1.1.conv1,0.061009
82,4,layer1.1.conv2,0.054458
82,5,layer1.2.conv1,0.0418877
82,6,layer1.2.conv2,0.0372193
82,7,layer1.3.conv1,0.0420649
82,8,layer1.3.conv2,0.0399473
82,9,layer1.4.conv1,0.0518095
82,10,layer1.4.conv2,0.0504905
82,11,layer1.5.conv1,0.0661757
82,12,layer1.5.conv2,0.0620975
82,13,layer1.6.conv1,0.0683428
82,14,layer1.6.conv2,0.0655502
82,15,layer1.7.conv1,0.0643427
82,16,layer1.7.conv2,0.0619308
82,17,layer1.8.conv1,0.0871677
82,18,layer1.8.conv2,0.0814875
82,19,layer2.0.conv1,0.128937
82,20,layer2.0.conv2,0.147487
82,21,layer2.1.conv1,0.104493
82,22,layer2.1.conv2,0.0986565
82,23,layer2.2.conv1,0.0953999
82,24,layer2.2.conv2,0.0875423
82,25,layer2.3.conv1,0.103502
82,26,layer2.3.conv2,0.0904264
82,27,layer2.4.conv1,0.096517
82,28,layer2.4.conv2,0.0858799
82,29,layer2.5.conv1,0.0951797
82,30,layer2.5.conv2,0.0857567
82,31,layer2.6.conv1,0.0927769
82,32,layer2.6.conv2,0.0825422
82,33,layer2.7.conv1,0.108675
82,34,layer2.7.conv2,0.090763
82,35,layer2.8.conv1,0.121756
82,36,layer2.8.conv2,0.0994391
82,37,layer3.0.conv1,0.175366
82,38,layer3.0.conv2,0.22162
82,39,layer3.1.conv1,0.176436
82,40,layer3.1.conv2,0.181002
82,41,layer3.2.conv1,0.185777
82,42,layer3.2.conv2,0.176047
82,43,layer3.3.conv1,0.175172
82,44,layer3.3.conv2,0.157076
82,45,layer3.4.conv1,0.173945
82,46,layer3.4.conv2,0.153535
82,47,layer3.5.conv1,0.169324
82,48,layer3.5.conv2,0.143709
82,49,layer3.6.conv1,0.162247
82,50,layer3.6.conv2,0.133439
82,51,layer3.7.conv1,0.159841
82,52,layer3.7.conv2,0.126939
82,53,layer3.8.conv1,0.200648
82,54,layer3.8.conv2,0.11962
83,0,conv1,0.0904398
83,1,layer1.0.conv1,0.0379107
83,2,layer1.0.conv2,0.0365969
83,3,layer1.1.conv1,0.0446829
83,4,layer1.1.conv2,0.0397169
83,5,layer1.2.conv1,0.0277972
83,6,layer1.2.conv2,0.0254763
83,7,layer1.3.conv1,0.030883
83,8,layer1.3.conv2,0.0292271
83,9,layer1.4.conv1,0.0393969
83,10,layer1.4.conv2,0.0390256
83,11,layer1.5.conv1,0.0455532
83,12,layer1.5.conv2,0.0446472
83,13,layer1.6.conv1,0.0473328
83,14,layer1.6.conv2,0.0471133
83,15,layer1.7.conv1,0.0490577
83,16,layer1.7.conv2,0.0455315
83,17,layer1.8.conv1,0.069174
83,18,layer1.8.conv2,0.0584438
83,19,layer2.0.conv1,0.0912703
83,20,layer2.0.conv2,0.109084
83,21,layer2.1.conv1,0.0755587
83,22,layer2.1.conv2,0.0689323
83,23,layer2.2.conv1,0.0678457
83,24,layer2.2.conv2,0.0623021
83,25,layer2.3.conv1,0.0780519
83,26,layer2.3.conv2,0.0685446
83,27,layer2.4.conv1,0.0725959
83,28,layer2.4.conv2,0.0627425
83,29,layer2.5.conv1,0.0704326
83,30,layer2.5.conv2,0.0639556
83,31,layer2.6.conv1,0.0701537
83,32,layer2.6.conv2,0.0629673
83,33,layer2.7.conv1,0.0779449
83,34,layer2.7.conv2,0.0654725
83,35,layer2.8.conv1,0.0922724
83,36,layer2.8.conv2,0.076923
83,37,layer3.0.conv1,0.130809
83,38,layer3.0.conv2,0.164441
83,39,layer3.1.conv1,0.127677
83,40,layer3.1.conv2,0.131559
83,41,layer3.2.conv1,0.138067
83,42,layer3.2.conv2,0.131176
83,43,layer3.3.conv1,0.130581
83,44,layer3.3.conv2,0.117608
83,45,layer3.4.conv1,0.134026
83,46,layer3.4.conv2,0.115599
83,47,layer3.5.conv1,0.127525
83,48,layer3.5.conv2,0.105895
83,49,layer3.6.conv1,0.1212
83,50,layer3.6.conv2,0.100386
83,51,layer3.7.conv1,0.116597
83,52,layer3.7.conv2,0.0966879
83,53,layer3.8.conv1,0.151418
83,54,layer3.8.conv2,0.0881766
84,0,conv1,0.0816768
84,1,layer1.0.conv1,0.0355427
84,2,layer1.0.conv2,0.034938
84,3,layer1.1.conv1,0.0429711
84,4,layer1.1.conv2,0.0381824
84,5,layer1.2.conv1,0.0287631
84,6,layer1.2.conv2,0.0258419
84,7,layer1.3.conv1,0.0297362
84,8,layer1.3.conv2,0.025537
84,9,layer1.4.conv1,0.0366654
84,10,layer1.4.conv2,0.0365276
84,11,layer1.5.conv1,0.044516
84,12,layer1.5.conv2,0.0442596
84,13,layer1.6.conv1,0.0463568
84,14,layer1.6.conv2,0.0438156
84,15,layer1.7.conv1,0.0448141
84,16,layer1.7.conv2,0.0436142
84,17,layer1.8.conv1,0.0662582
84,18,layer1.8.conv2,0.0559346
84,19,layer2.0.conv1,0.0866069
84,20,layer2.0.conv2,0.102579
84,21,layer2.1.conv1,0.0729562
84,22,layer2.1.conv2,0.0679501
84,23,layer2.2.conv1,0.0645881
84,24,layer2.2.conv2,0.0596822
84,25,layer2.3.conv1,0.0717635
84,26,layer2.3.conv2,0.0645123
84,27,layer2.4.conv1,0.0696223
84,28,layer2.4.conv2,0.0610155
84,29,layer2.5.conv1,0.0660882
84,30,layer2.5.conv2,0.0588952
84,31,layer2.6.conv1,0.0681803
84,32,layer2.6.conv2,0.0601336
84,33,layer2.7.conv1,0.0768535
84,34,layer2.7.conv2,0.0614719
84,35,layer2.8.conv1,0.0888322
84,36,layer2.8.conv2,0.0710281
84,37,layer3.0.conv1,0.120629
84,38,layer3.0.conv2,0.151963
84,39,layer3.1.conv1,0.121688
84,40,layer3.1.conv2,0.122073
84,41,layer3.2.conv1,0.13355
84,42,layer3.2.conv2,0.12099
84,43,layer3.3.conv1,0.122794
84,44,layer3.3.conv2,0.107473
84,45,layer3.4.conv1,0.127036
84,46,layer3.4.conv2,0.107396
84,47,layer3.5.conv1,0.120858
84,48,layer3.5.conv2,0.0986127
84,49,layer3.6.conv1,0.116142
84,50,layer3.6.conv2,0.0922932
84,51,layer3.7.conv1,0.109
84,52,layer3.7.conv2,0.0889332
84,53,layer3.8.conv1,0.135701
84,54,layer3.8.conv2,0.0770789
85,0,conv1,0.0645377
85,1,layer1.0.conv1,0.0283758
85,2,layer1.0.conv2,0.0283215
85,3,layer1.1.conv1,0.0331372
85,4,layer1.1.conv2,0.029804
85,5,layer1.2.conv1,0.0223744
85,6,layer1.2.conv2,0.0201593
85,7,layer1.3.conv1,0.0223575
85,8,layer1.3.conv2,0.0207307
85,9,layer1.4.conv1,0.0288119
85,10,layer1.4.conv2,0.0284212
85,11,layer1.5.conv1,0.0346959
85,12,layer1.5.conv2,0.0342718
85,13,layer1.6.conv1,0.036383
85,14,layer1.6.conv2,0.0350081
85,15,layer1.7.conv1,0.0367439
85,16,layer1.7.conv2,0.0344792
85,17,layer1.8.conv1,0.0514015
85,18,layer1.8.conv2,0.0447406
85,19,layer2.0.conv1,0.0697625
85,20,layer2.0.conv2,0.0831263
85,21,layer2.1.conv1,0.0588142
85,22,layer2.1.conv2,0.0554657
85,23,layer2.2.conv1,0.0531421
85,24,layer2.2.conv2,0.0494991
85,25,layer2.3.conv1,0.0597339
85,26,layer2.3.conv2,0.0538667
85,27,layer2.4.conv1,0.0563925
85,28,layer2.4.conv2,0.0496601
85,29,layer2.5.conv1,0.0573182
85,30,layer2.5.conv2,0.051288
85,31,layer2.6.conv1,0.0585332
85,32,layer2.6.conv2,0.0514106
85,33,layer2.7.conv1,0.063501
85,34,layer2.7.conv2,0.0525928
85,35,layer2.8.conv1,0.0734201
85,36,layer2.8.conv2,0.0595865
85,37,layer3.0.conv1,0.100854
85,38,layer3.0.conv2,0.126685
85,39,layer3.1.conv1,0.102894
85,40,layer3.1.conv2,0.102324
85,41,layer3.2.conv1,0.110835
85,42,layer3.2.conv2,0.102647
85,43,layer3.3.conv1,0.10054
85,44,layer3.3.conv2,0.0912489
85,45,layer3.4.conv1,0.105953
85,46,layer3.4.conv2,0.0915289
85,47,layer3.5.conv1,0.10311
85,48,layer3.5.conv2,0.0824345
85,49,layer3.6.conv1,0.100479
85,50,layer3.6.conv2,0.0803942
85,51,layer3.7.conv1,0.089635
85,52,layer3.7.conv2,0.0721378
85,53,layer3.8.conv1,0.110888
85,54,layer3.8.conv2,0.0620178
86,0,conv1,0.0614624
86,1,layer1.0.conv1,0.028868
86,2,layer1.0.conv2,0.0287772
86,3,layer1.1.conv1,0.0346705
86,4,layer1.1.conv2,0.0301111
86,5,layer1.2.conv1,0.0216653
86,6,layer1.2.conv2,0.0208095
86,7,layer1.3.conv1,0.0235908
86,8,layer1.3.conv2,0.0208826
86,9,layer1.4.conv1,0.0295916
86,10,layer1.4.conv2,0.028742
86,11,layer1.5.conv1,0.0350447
86,12,layer1.5.conv2,0.0325185
86,13,layer1.6.conv1,0.0352441
86,14,layer1.6.conv2,0.0350428
86,15,layer1.7.conv1,0.0361064
86,16,layer1.7.conv2,0.0340787
86,17,layer1.8.conv1,0.0528869
86,18,layer1.8.conv2,0.0439302
86,19,layer2.0.conv1,0.0686222
86,20,layer2.0.conv2,0.0818517
86,21,layer2.1.conv1,0.0594553
86,22,layer2.1.conv2,0.0548324
86,23,layer2.2.conv1,0.0530933
86,24,layer2.2.conv2,0.0480311
86,25,layer2.3.conv1,0.0582087
86,26,layer2.3.conv2,0.0526158
86,27,layer2.4.conv1,0.0556695
86,28,layer2.4.conv2,0.0487547
86,29,layer2.5.conv1,0.0571132
86,30,layer2.5.conv2,0.0509797
86,31,layer2.6.conv1,0.0564033
86,32,layer2.6.conv2,0.0494303
86,33,layer2.7.conv1,0.063885
86,34,layer2.7.conv2,0.0511307
86,35,layer2.8.conv1,0.0720807
86,36,layer2.8.conv2,0.0579292
86,37,layer3.0.conv1,0.0975512
86,38,layer3.0.conv2,0.122481
86,39,layer3.1.conv1,0.0994275
86,40,layer3.1.conv2,0.10238
86,41,layer3.2.conv1,0.107725
86,42,layer3.2.conv2,0.0991642
86,43,layer3.3.conv1,0.0976066
86,44,layer3.3.conv2,0.0872402
86,45,layer3.4.conv1,0.100473
86,46,layer3.4.conv2,0.086388
86,47,layer3.5.conv1,0.102457
86,48,layer3.5.conv2,0.0820874
86,49,layer3.6.conv1,0.0979561
86,50,layer3.6.conv2,0.0768702
86,51,layer3.7.conv1,0.0894775
86,52,layer3.7.conv2,0.0714191
86,53,layer3.8.conv1,0.106514
86,54,layer3.8.conv2,0.0590461
87,0,conv1,0.0837856
87,1,layer1.0.conv1,0.0381542
87,2,layer1.0.conv2,0.0348448
87,3,layer1.1.conv1,0.0432509
87,4,layer1.1.conv2,0.0379488
87,5,layer1.2.conv1,0.0281473
87,6,layer1.2.conv2,0.0258523
87,7,layer1.3.conv1,0.0293039
87,8,layer1.3.conv2,0.0274676
87,9,layer1.4.conv1,0.0397728
87,10,layer1.4.conv2,0.037295
87,11,layer1.5.conv1,0.0448195
87,12,layer1.5.conv2,0.0425151
87,13,layer1.6.conv1,0.0471938
87,14,layer1.6.conv2,0.0441804
87,15,layer1.7.conv1,0.0463637
87,16,layer1.7.conv2,0.0427799
87,17,layer1.8.conv1,0.0648974
87,18,layer1.8.conv2,0.0590611
87,19,layer2.0.conv1,0.0867215
87,20,layer2.0.conv2,0.100168
87,21,layer2.1.conv1,0.0743919
87,22,layer2.1.conv2,0.0698251
87,23,layer2.2.conv1,0.0663521
87,24,layer2.2.conv2,0.0615808
87,25,layer2.3.conv1,0.0734964
87,26,layer2.3.conv2,0.0655744
87,27,layer2.4.conv1,0.0693888
87,28,layer2.4.conv2,0.0610768
87,29,layer2.5.conv1,0.0722809
87,30,layer2.5.conv2,0.0632375
87,31,layer2.6.conv1,0.0693754
87,32,layer2.6.conv2,0.0594297
87,33,layer2.7.conv1,0.078177
87,34,layer2.7.conv2,0.0619231
87,35,layer2.8.conv1,0.0907447
87,36,layer2.8.conv2,0.0708926
87,37,layer3.0.conv1,0.121558
87,38,layer3.0.conv2,0.151957
87,39,layer3.1.conv1,0.125091
87,40,layer3.1.conv2,0.125165
87,41,layer3.2.conv1,0.135176
87,42,layer3.2.conv2,0.122189
87,43,layer3.3.conv1,0.122698
87,44,layer3.3.conv2,0.10966
87,45,layer3.4.conv1,0.126972
87,46,layer3.4.conv2,0.108025
87,47,layer3.5.conv1,0.128722
87,48,layer3.5.conv2,0.102694
87,49,layer3.6.conv1,0.124271
87,50,layer3.6.conv2,0.0973898
87,51,layer3.7.conv1,0.114427
87,52,layer3.7.conv2,0.0895261
87,53,layer3.8.conv1,0.130263
87,54,layer3.8.conv2,0.0749761
88,0,conv1,0.0528033
88,1,layer1.0.conv1,0.0253151
88,2,layer1.0.conv2,0.0233353
88,3,layer1.1.conv1,0.0300384
88,4,layer1.1.conv2,0.0269182
88,5,layer1.2.conv1,0.0197506
88,6,layer1.2.conv2,0.0184443
88,7,layer1.3.conv1,0.0203234
88,8,layer1.3.conv2,0.018053
88,9,layer1.4.conv1,0.024021
88,10,layer1.4.conv2,0.0250632
88,11,layer1.5.conv1,0.0306454
88,12,layer1.5.conv2,0.0296127
88,13,layer1.6.conv1,0.0320533
88,14,layer1.6.conv2,0.0314198
88,15,layer1.7.conv1,0.0321034
88,16,layer1.7.conv2,0.0307433
88,17,layer1.8.conv1,0.0472098
88,18,layer1.8.conv2,0.0389351
88,19,layer2.0.conv1,0.0619243
88,20,layer2.0.conv2,0.0730798
88,21,layer2.1.conv1,0.0536091
88,22,layer2.1.conv2,0.0491863
88,23,layer2.2.conv1,0.0460906
88,24,layer2.2.conv2,0.0424638
88,25,layer2.3.conv1,0.0533251
88,26,layer2.3.conv2,0.0465714
88,27,layer2.4.conv1,0.0503898
88,28,layer2.4.conv2,0.0436399
88,29,layer2.5.conv1,0.0518814
88,30,layer2.5.conv2,0.045565
88,31,layer2.6.conv1,0.0500077
88,32,layer2.6.conv2,0.044876
88,33,layer2.7.conv1,0.0557325
88,34,layer2.7.conv2,0.045287
88,35,layer2.8.conv1,0.0658855
88,36,layer2.8.conv2,0.0524993
88,37,layer3.0.conv1,0.0877668
88,38,layer3.0.conv2,0.110684
88,39,layer3.1.conv1,0.0880447
88,40,layer3.1.conv2,0.0911574
88,41,layer3.2.conv1,0.0975296
88,42,layer3.2.conv2,0.0913197
88,43,layer3.3.conv1,0.0906236
88,44,layer3.3.conv2,0.079239
88,45,layer3.4.conv1,0.0948986
88,46,layer3.4.conv2,0.0809364
88,47,layer3.5.conv1,0.0922946
88,48,layer3.5.conv2,0.0737177
88,49,layer3.6.conv1,0.0900167
88,50,layer3.6.conv2,0.071656
88,51,layer3.7.conv1,0.085635
88,52,layer3.7.conv2,0.0673441
88,53,layer3.8.conv1,0.0981468
88,54,layer3.8.conv2,0.0541268
89,0,conv1,0.0602198
89,1,layer1.0.conv1,0.0289327
89,2,layer1.0.conv2,0.0268327
89,3,layer1.1.conv1,0.0324429
89,4,layer1.1.conv2,0.0293368
89,5,layer1.2.conv1,0.0217234
89,6,layer1.2.conv2,0.0203679
89,7,layer1.3.conv1,0.0228819
89,8,layer1.3.conv2,0.0210193
89,9,layer1.4.conv1,0.0280582
89,10,layer1.4.conv2,0.0265788
89,11,layer1.5.conv1,0.0339589
89,12,layer1.5.conv2,0.0326635
89,13,layer1.6.conv1,0.0346844
89,14,layer1.6.conv2,0.0341402
89,15,layer1.7.conv1,0.0359026
89,16,layer1.7.conv2,0.0348122
89,17,layer1.8.conv1,0.0491817
89,18,layer1.8.conv2,0.0423701
89,19,layer2.0.conv1,0.0688999
89,20,layer2.0.conv2,0.0803829
89,21,layer2.1.conv1,0.0585758
89,22,layer2.1.conv2,0.0535148
89,23,layer2.2.conv1,0.0507404
89,24,layer2.2.conv2,0.0465524
89,25,layer2.3.conv1,0.0576723
89,26,layer2.3.conv2,0.052096
89,27,layer2.4.conv1,0.0547563
89,28,layer2.4.conv2,0.0470451
89,29,layer2.5.conv1,0.0581859
89,30,layer2.5.conv2,0.0510319
89,31,layer2.6.conv1,0.0536336
89,32,layer2.6.conv2,0.0471809
89,33,layer2.7.conv1,0.061197
89,34,layer2.7.conv2,0.0503621
89,35,layer2.8.conv1,0.072841
89,36,layer2.8.conv2,0.0597416
89,37,layer3.0.conv1,0.098064
89,38,layer3.0.conv2,0.124343
89,39,layer3.1.conv1,0.0997717
89,40,layer3.1.conv2,0.101951
89,41,layer3.2.conv1,0.110944
89,42,layer3.2.conv2,0.102017
89,43,layer3.3.conv1,0.102298
89,44,layer3.3.conv2,0.0911458
89,45,layer3.4.conv1,0.104064
89,46,layer3.4.conv2,0.0899531
89,47,layer3.5.conv1,0.108065
89,48,layer3.5.conv2,0.0821966
89,49,layer3.6.conv1,0.107083
89,50,layer3.6.conv2,0.0805936
89,51,layer3.7.conv1,0.0950758
89,52,layer3.7.conv2,0.0737475
89,53,layer3.8.conv1,0.108966
89,54,layer3.8.conv2,0.06342
90,0,conv1,0.056512
90,1,layer1.0.conv1,0.0247334
90,2,layer1.0.conv2,0.0245277
90,3,layer1.1.conv1,0.0308772
90,4,layer1.1.conv2,0.026533
90,5,layer1.2.conv1,0.0205294
90,6,layer1.2.conv2,0.0203029
90,7,layer1.3.conv1,0.0222399
90,8,layer1.3.conv2,0.019167
90,9,layer1.4.conv1,0.0261547
90,10,layer1.4.conv2,0.026246
90,11,layer1.5.conv1,0.0325281
90,12,layer1.5.conv2,0.03127
90,13,layer1.6.conv1,0.031287
90,14,layer1.6.conv2,0.0301654
90,15,layer1.7.conv1,0.033066
90,16,layer1.7.conv2,0.0298911
90,17,layer1.8.conv1,0.0458365
90,18,layer1.8.conv2,0.0395634
90,19,layer2.0.conv1,0.0595298
90,20,layer2.0.conv2,0.0693015
90,21,layer2.1.conv1,0.0525231
90,22,layer2.1.conv2,0.0485453
90,23,layer2.2.conv1,0.0471203
90,24,layer2.2.conv2,0.0428958
90,25,layer2.3.conv1,0.0521863
90,26,layer2.3.conv2,0.0470271
90,27,layer2.4.conv1,0.0481846
90,28,layer2.4.conv2,0.0424533
90,29,layer2.5.conv1,0.0503846
90,30,layer2.5.conv2,0.0441026
90,31,layer2.6.conv1,0.0507376
90,32,layer2.6.conv2,0.0439938
90,33,layer2.7.conv1,0.0563209
90,34,layer2.7.conv2,0.0448701
90,35,layer2.8.conv1,0.06522
90,36,layer2.8.conv2,0.0523149
90,37,layer3.0.conv1,0.088687
90,38,layer3.0.conv2,0.109407
90,39,layer3.1.conv1,0.0897717
90,40,layer3.1.conv2,0.0901323
90,41,layer3.2.conv1,0.0984619
90,42,layer3.2.conv2,0.0886695
90,43,layer3.3.conv1,0.0924172
90,44,layer3.3.conv2,0.0816621
90,45,layer3.4.conv1,0.0946836
90,46,layer3.4.conv2,0.0813806
90,47,layer3.5.conv1,0.0993547
90,48,layer3.5.conv2,0.0794648
90,49,layer3.6.conv1,0.0957727
90,50,layer3.6.conv2,0.0693498
90,51,layer3.7.conv1,0.0841355
90,52,layer3.7.conv2,0.0652107
90,53,layer3.8.conv1,0.0932248
90,54,layer3.8.conv2,0.0528279
91,0,conv1,0.0689002
91,1,layer1.0.conv1,0.0313284
91,2,layer1.0.conv2,0.0289665
91,3,layer1.1.conv1,0.0385118
91,4,layer1.1.conv2,0.0318069
91,5,layer1.2.conv1,0.0237273
91,6,layer1.2.conv2,0.0221274
91,7,layer1.3.conv1,0.0249094
91,8,layer1.3.conv2,0.0225388
91,9,layer1.4.conv1,0.0310077
91,10,layer1.4.conv2,0.0311375
91,11,layer1.5.conv1,0.0386419
91,12,layer1.5.conv2,0.0363683
91,13,layer1.6.conv1,0.0388274
91,14,layer1.6.conv2,0.0385246
91,15,layer1.7.conv1,0.0392983
91,16,layer1.7.conv2,0.0376749
91,17,layer1.8.conv1,0.0553633
91,18,layer1.8.conv2,0.0491784
91,19,layer2.0.conv1,0.0742919
91,20,layer2.0.conv2,0.087797
91,21,layer2.1.conv1,0.0658763
91,22,layer2.1.conv2,0.0608144
91,23,layer2.2.conv1,0.0574092
91,24,layer2.2.conv2,0.0536021
91,25,layer2.3.conv1,0.0680905
91,26,layer2.3.conv2,0.0596095
91,27,layer2.4.conv1,0.0613998
91,28,layer2.4.conv2,0.0537141
91,29,layer2.5.conv1,0.0661239
91,30,layer2.5.conv2,0.056359
91,31,layer2.6.conv1,0.0628219
91,32,layer2.6.conv2,0.0550872
91,33,layer2.7.conv1,0.0698997
91,34,layer2.7.conv2,0.0561047
91,35,layer2.8.conv1,0.0827614
91,36,layer2.8.conv2,0.0663968
91,37,layer3.0.conv1,0.108538
91,38,layer3.0.conv2,0.138657
91,39,layer3.1.conv1,0.116969
91,40,layer3.1.conv2,0.118235
91,41,layer3.2.conv1,0.124387
91,42,layer3.2.conv2,0.116871
91,43,layer3.3.conv1,0.11803
91,44,layer3.3.conv2,0.102809
91,45,layer3.4.conv1,0.123756
91,46,layer3.4.conv2,0.105045
91,47,layer3.5.conv1,0.122881
91,48,layer3.5.conv2,0.0960029
91,49,layer3.6.conv1,0.11892
91,50,layer3.6.conv2,0.0898396
91,51,layer3.7.conv1,0.109349
91,52,layer3.7.conv2,0.0850132
91,53,layer3.8.conv1,0.120238
91,54,layer3.8.conv2,0.0669725
92,0,conv1,0.0786947
92,1,layer1.0.conv1,0.0332524
92,2,layer1.0.conv2,0.0303743
92,3,layer1.1.conv1,0.0385561
92,4,layer1.1.conv2,0.0336913
92,5,layer1.2.conv1,0.0254824
92,6,layer1.2.conv2,0.0241815
92,7,layer1.3.conv1,0.0266219
92,8,layer1.3.conv2,0.0238378
92,9,layer1.4.conv1,0.033452
92,10,layer1.4.conv2,0.0326383
92,11,layer1.5.conv1,0.0415211
92,12,layer1.5.conv2,0.0409658
92,13,layer1.6.conv1,0.0433844
92,14,layer1.6.conv2,0.0390143
92,15,layer1.7.conv1,0.0414283
92,16,layer1.7.conv2,0.039635
92,17,layer1.8.conv1,0.059442
92,18,layer1.8.conv2,0.0495288
92,19,layer2.0.conv1,0.0779652
92,20,layer2.0.conv2,0.087817
92,21,layer2.1.conv1,0.0670527
92,22,layer2.1.conv2,0.0616216
92,23,layer2.2.conv1,0.0604267
92,24,layer2.2.conv2,0.0548966
92,25,layer2.3.conv1,0.0654338
92,26,layer2.3.conv2,0.059067
92,27,layer2.4.conv1,0.0618954
92,28,layer2.4.conv2,0.0551035
92,29,layer2.5.conv1,0.0661079
92,30,layer2.5.conv2,0.0571625
92,31,layer2.6.conv1,0.0642349
92,32,layer2.6.conv2,0.055688
92,33,layer2.7.conv1,0.0709031
92,34,layer2.7.conv2,0.0558501
92,35,layer2.8.conv1,0.0854226
92,36,layer2.8.conv2,0.0655764
92,37,layer3.0.conv1,0.109509
92,38,layer3.0.conv2,0.137484
92,39,layer3.1.conv1,0.113587
92,40,layer3.1.conv2,0.116153
92,41,layer3.2.conv1,0.125639
92,42,layer3.2.conv2,0.112962
92,43,layer3.3.conv1,0.114607
92,44,layer3.3.conv2,0.0987972
92,45,layer3.4.conv1,0.119387
92,46,layer3.4.conv2,0.101284
92,47,layer3.5.conv1,0.125797
92,48,layer3.5.conv2,0.0978749
92,49,layer3.6.conv1,0.120906
92,50,layer3.6.conv2,0.0884923
92,51,layer3.7.conv1,0.106915
92,52,layer3.7.conv2,0.0821978
92,53,layer3.8.conv1,0.117184
92,54,layer3.8.conv2,0.0630423
93,0,conv1,0.0680217
93,1,layer1.0.conv1,0.0270183
93,2,layer1.0.conv2,0.0260167
93,3,layer1.1.conv1,0.033066
93,4,layer1.1.conv2,0.0287755
93,5,layer1.2.conv1,0.0222394
93,6,layer1.2.conv2,0.0209408
93,7,layer1.3.conv1,0.0215639
93,8,layer1.3.conv2,0.0189909
93,9,layer1.4.conv1,0.0291192
93,10,layer1.4.conv2,0.0279892
93,11,layer1.5.conv1,0.034995
93,12,layer1.5.conv2,0.033934
93,13,layer1.6.conv1,0.0366928
93,14,layer1.6.conv2,0.0340961
93,15,layer1.7.conv1,0.0356636
93,16,layer1.7.conv2,0.0345593
93,17,layer1.8.conv1,0.0510807
93,18,layer1.8.conv2,0.0425584
93,19,layer2.0.conv1,0.0684333
93,20,layer2.0.conv2,0.0771949
93,21,layer2.1.conv1,0.0584418
93,22,layer2.1.conv2,0.0535082
93,23,layer2.2.conv1,0.0510414
93,24,layer2.2.conv2,0.0467585
93,25,layer2.3.conv1,0.0583314
93,26,layer2.3.conv2,0.0511634
93,27,layer2.4.conv1,0.0553882
93,28,layer2.4.conv2,0.0476136
93,29,layer2.5.conv1,0.0576258
93,30,layer2.5.conv2,0.0497829
93,31,layer2.6.conv1,0.0562625
93,32,layer2.6.conv2,0.0503265
93,33,layer2.7.conv1,0.0610442
93,34,layer2.7.conv2,0.0496632
93,35,layer2.8.conv1,0.0723597
93,36,layer2.8.conv2,0.0589154
93,37,layer3.0.conv1,0.0959592
93,38,layer3.0.conv2,0.121545
93,39,layer3.1.conv1,0.100823
93,40,layer3.1.conv2,0.105212
93,41,layer3.2.conv1,0.110459
93,42,layer3.2.conv2,0.104038
93,43,layer3.3.conv1,0.102727
93,44,layer3.3.conv2,0.0904199
93,45,layer3.4.conv1,0.108463
93,46,layer3.4.conv2,0.0899523
93,47,layer3.5.conv1,0.114393
93,48,layer3.5.conv2,0.0866713
93,49,layer3.6.conv1,0.106779
93,50,layer3.6.conv2,0.0801468
93,51,layer3.7.conv1,0.0962518
93,52,layer3.7.conv2,0.0736046
93,53,layer3.8.conv1,0.105528
93,54,layer3.8.conv2,0.0581024
94,0,conv1,0.0585824
94,1,layer1.0.conv1,0.0269712
94,2,layer1.0.conv2,0.0270695
94,3,layer1.1.conv1,0.0306509
94,4,layer1.1.conv2,0.0280311
94,5,layer1.2.conv1,0.0220792
94,6,layer1.2.conv2,0.0201122
94,7,layer1.3.conv1,0.0216488
94,8,layer1.3.conv2,0.0193858
94,9,layer1.4.conv1,0.028733
94,10,layer1.4.conv2,0.0276846
94,11,layer1.5.conv1,0.034483
94,12,layer1.5.conv2,0.0316704
94,13,layer1.6.conv1,0.0361168
94,14,layer1.6.conv2,0.0346106
94,15,layer1.7.conv1,0.036371
94,16,layer1.7.conv2,0.0352223
94,17,layer1.8.conv1,0.0511951
94,18,layer1.8.conv2,0.0423311
94,19,layer2.0.conv1,0.0668165
94,20,layer2.0.conv2,0.0794763
94,21,layer2.1.conv1,0.0580729
94,22,layer2.1.conv2,0.0528669
94,23,layer2.2.conv1,0.0532612
94,24,layer2.2.conv2,0.048469
94,25,layer2.3.conv1,0.0612187
94,26,layer2.3.conv2,0.0553328
94,27,layer2.4.conv1,0.055473
94,28,layer2.4.conv2,0.0497491
94,29,layer2.5.conv1,0.060868
94,30,layer2.5.conv2,0.0522828
94,31,layer2.6.conv1,0.057953
94,32,layer2.6.conv2,0.0507862
94,33,layer2.7.conv1,0.06501
94,34,layer2.7.conv2,0.0509191
94,35,layer2.8.conv1,0.0756288
94,36,layer2.8.conv2,0.0631763
94,37,layer3.0.conv1,0.0989136
94,38,layer3.0.conv2,0.126483
94,39,layer3.1.conv1,0.104265
94,40,layer3.1.conv2,0.105058
94,41,layer3.2.conv1,0.116342
94,42,layer3.2.conv2,0.105617
94,43,layer3.3.conv1,0.105472
94,44,layer3.3.conv2,0.0959037
94,45,layer3.4.conv1,0.109636
94,46,layer3.4.conv2,0.0946389
94,47,layer3.5.conv1,0.112278
94,48,layer3.5.conv2,0.0871387
94,49,layer3.6.conv1,0.109464
94,50,layer3.6.conv2,0.0820149
94,51,layer3.7.conv1,0.102122
94,52,layer3.7.conv2,0.0778507
94,53,layer3.8.conv1,0.108507
94,54,layer3.8.conv2,0.0589483
95,0,conv1,0.0646224
95,1,layer1.0.conv1,0.0290185
95,2,layer1.0.conv2,0.027227
95,3,layer1.1.conv1,0.0331887
95,4,layer1.1.conv2,0.0292231
95,5,layer1.2.conv1,0.0227629
95,6,layer1.2.conv2,0.0211576
95,7,layer1.3.conv1,0.022918
95,8,layer1.3.conv2,0.0206103
95,9,layer1.4.conv1,0.0284315
95,10,layer1.4.conv2,0.0271986
95,11,layer1.5.conv1,0.0359434
95,12,layer1.5.conv2,0.0327402
95,13,layer1.6.conv1,0.0355849
95,14,layer1.6.conv2,0.034182
95,15,layer1.7.conv1,0.0362722
95,16,layer1.7.conv2,0.0337133
95,17,layer1.8.conv1,0.0488609
95,18,layer1.8.conv2,0.0415922
95,19,layer2.0.conv1,0.0721965
95,20,layer2.0.conv2,0.0802295
95,21,layer2.1.conv1,0.0588061
95,22,layer2.1.conv2,0.0534748
95,23,layer2.2.conv1,0.053823
95,24,layer2.2.conv2,0.0502847
95,25,layer2.3.conv1,0.0598261
95,26,layer2.3.conv2,0.0562752
95,27,layer2.4.conv1,0.0561792
95,28,layer2.4.conv2,0.0494079
95,29,layer2.5.conv1,0.0593927
95,30,layer2.5.conv2,0.051799
95,31,layer2.6.conv1,0.056205
95,32,layer2.6.conv2,0.0493995
95,33,layer2.7.conv1,0.0636741
95,34,layer2.7.conv2,0.0511814
95,35,layer2.8.conv1,0.0755271
95,36,layer2.8.conv2,0.060693
95,37,layer3.0.conv1,0.0989836
95,38,layer3.0.conv2,0.126618
95,39,layer3.1.conv1,0.105252
95,40,layer3.1.conv2,0.109536
95,41,layer3.2.conv1,0.115875
95,42,layer3.2.conv2,0.108951
95,43,layer3.3.conv1,0.1055
95,44,layer3.3.conv2,0.0932081
95,45,layer3.4.conv1,0.110443
95,46,layer3.4.conv2,0.094178
95,47,layer3.5.conv1,0.118107
95,48,layer3.5.conv2,0.0893327
95,49,layer3.6.conv1,0.111806
95,50,layer3.6.conv2,0.0824906
95,51,layer3.7.conv1,0.0974408
95,52,layer3.7.conv2,0.0778177
95,53,layer3.8.conv1,0.110517
95,54,layer3.8.conv2,0.0595775
96,0,conv1,0.0657357
96,1,layer1.0.conv1,0.0285166
96,2,layer1.0.conv2,0.0284194
96,3,layer1.1.conv1,0.0334177
96,4,layer1.1.conv2,0.0288378
96,5,layer1.2.conv1,0.0221095
96,6,layer1.2.conv2,0.0208037
96,7,layer1.3.conv1,0.0233435
96,8,layer1.3.conv2,0.0219352
96,9,layer1.4.conv1,0.0289737
96,10,layer1.4.conv2,0.0294422
96,11,layer1.5.conv1,0.0353049
96,12,layer1.5.conv2,0.0341677
96,13,layer1.6.conv1,0.0379237
96,14,layer1.6.conv2,0.0341983
96,15,layer1.7.conv1,0.0364654
96,16,layer1.7.conv2,0.0345266
96,17,layer1.8.conv1,0.0506212
96,18,layer1.8.conv2,0.0431124
96,19,layer2.0.conv1,0.0684382
96,20,layer2.0.conv2,0.0808512
96,21,layer2.1.conv1,0.0594723
96,22,layer2.1.conv2,0.054228
96,23,layer2.2.conv1,0.0529734
96,24,layer2.2.conv2,0.0498774
96,25,layer2.3.conv1,0.0604394
96,26,layer2.3.conv2,0.0549309
96,27,layer2.4.conv1,0.0575747
96,28,layer2.4.conv2,0.049513
96,29,layer2.5.conv1,0.0600339
96,30,layer2.5.conv2,0.0513999
96,31,layer2.6.conv1,0.0569378
96,32,layer2.6.conv2,0.0506199
96,33,layer2.7.conv1,0.0616515
96,34,layer2.7.conv2,0.0504944
96,35,layer2.8.conv1,0.0746472
96,36,layer2.8.conv2,0.0605457
96,37,layer3.0.conv1,0.0982403
96,38,layer3.0.conv2,0.126763
96,39,layer3.1.conv1,0.104335
96,40,layer3.1.conv2,0.105499
96,41,layer3.2.conv1,0.115283
96,42,layer3.2.conv2,0.106538
96,43,layer3.3.conv1,0.111275
96,44,layer3.3.conv2,0.0984936
96,45,layer3.4.conv1,0.117861
96,46,layer3.4.conv2,0.0978964
96,47,layer3.5.conv1,0.117694
96,48,layer3.5.conv2,0.0956459
96,49,layer3.6.conv1,0.113348
96,50,layer3.6.conv2,0.082361
96,51,layer3.7.conv1,0.100667
96,52,layer3.7.conv2,0.0764386
96,53,layer3.8.conv1,0.107122
96,54,layer3.8.conv2,0.0564083
97,0,conv1,0.0597011
97,1,layer1.0.conv1,0.0264875
97,2,layer1.0.conv2,0.0232149
97,3,layer1.1.conv1,0.0293246
97,4,layer1.1.conv2,0.0256984
97,5,layer1.2.conv1,0.019908
97,6,layer1.2.conv2,0.018742
97,7,layer1.3.conv1,0.02064
97,8,layer1.3.conv2,0.0185835
97,9,layer1.4.conv1,0.0265447
97,10,layer1.4.conv2,0.025321
97,11,layer1.5.conv1,0.030136
97,12,layer1.5.conv2,0.0293466
97,13,layer1.6.conv1,0.0325672
97,14,layer1.6.conv2,0.0298742
97,15,layer1.7.conv1,0.0327531
97,16,layer1.7.conv2,0.0294823
97,17,layer1.8.conv1,0.0450435
97,18,layer1.8.conv2,0.0378718
97,19,layer2.0.conv1,0.0585818
97,20,layer2.0.conv2,0.0687539
97,21,layer2.1.conv1,0.0521557
97,22,layer2.1.conv2,0.048663
97,23,layer2.2.conv1,0.0475946
97,24,layer2.2.conv2,0.0437021
97,25,layer2.3.conv1,0.0535395
97,26,layer2.3.conv2,0.0488722
97,27,layer2.4.conv1,0.0512464
97,28,layer2.4.conv2,0.0442794
97,29,layer2.5.conv1,0.0522287
97,30,layer2.5.conv2,0.0456115
97,31,layer2.6.conv1,0.0522364
97,32,layer2.6.conv2,0.0462189
97,33,layer2.7.conv1,0.0575725
97,34,layer2.7.conv2,0.0460527
97,35,layer2.8.conv1,0.0689424
97,36,layer2.8.conv2,0.0543573
97,37,layer3.0.conv1,0.0867807
97,38,layer3.0.conv2,0.110398
97,39,layer3.1.conv1,0.0912256
97,40,layer3.1.conv2,0.0955008
97,41,layer3.2.conv1,0.101677
97,42,layer3.2.conv2,0.093225
97,43,layer3.3.conv1,0.0955983
97,44,layer3.3.conv2,0.0871783
97,45,layer3.4.conv1,0.10007
97,46,layer3.4.conv2,0.0856439
97,47,layer3.5.conv1,0.101811
97,48,layer3.5.conv2,0.0801205
97,49,layer3.6.conv1,0.100097
97,50,layer3.6.conv2,0.0787361
97,51,layer3.7.conv1,0.0939874
97,52,layer3.7.conv2,0.0727656
97,53,layer3.8.conv1,0.0989577
97,54,layer3.8.conv2,0.0553184
98,0,conv1,0.054148
98,1,layer1.0.conv1,0.0252127
98,2,layer1.0.conv2,0.0244664
98,3,layer1.1.conv1,0.0307341
98,4,layer1.1.conv2,0.0270388
98,5,layer1.2.conv1,0.0222622
98,6,layer1.2.conv2,0.0196229
98,7,layer1.3.conv1,0.0232135
98,8,layer1.3.conv2,0.0210697
98,9,layer1.4.conv1,0.0273633
98,10,layer1.4.conv2,0.0264915
98,11,layer1.5.conv1,0.0330506
98,12,layer1.5.conv2,0.0322232
98,13,layer1.6.conv1,0.0335877
98,14,layer1.6.conv2,0.0327366
98,15,layer1.7.conv1,0.0357909
98,16,layer1.7.conv2,0.0334138
98,17,layer1.8.conv1,0.048124
98,18,layer1.8.conv2,0.0425603
98,19,layer2.0.conv1,0.0651829
98,20,layer2.0.conv2,0.0770422
98,21,layer2.1.conv1,0.0579306
98,22,layer2.1.conv2,0.053728
98,23,layer2.2.conv1,0.053482
98,24,layer2.2.conv2,0.0482142
98,25,layer2.3.conv1,0.0600132
98,26,layer2.3.conv2,0.0518679
98,27,layer2.4.conv1,0.0569377
98,28,layer2.4.conv2,0.0486988
98,29,layer2.5.conv1,0.0580756
98,30,layer2.5.conv2,0.0500506
98,31,layer2.6.conv1,0.0565324
98,32,layer2.6.conv2,0.0496124
98,33,layer2.7.conv1,0.0632186
98,34,layer2.7.conv2,0.0510078
98,35,layer2.8.conv1,0.0733178
98,36,layer2.8.conv2,0.0580462
98,37,layer3.0.conv1,0.0972087
98,38,layer3.0.conv2,0.124446
98,39,layer3.1.conv1,0.103576
98,40,layer3.1.conv2,0.105653
98,41,layer3.2.conv1,0.114835
98,42,layer3.2.conv2,0.105548
98,43,layer3.3.conv1,0.112519
98,44,layer3.3.conv2,0.0995486
98,45,layer3.4.conv1,0.109071
98,46,layer3.4.conv2,0.0954941
98,47,layer3.5.conv1,0.111357
98,48,layer3.5.conv2,0.0914221
98,49,layer3.6.conv1,0.10813
98,50,layer3.6.conv2,0.0837687
98,51,layer3.7.conv1,0.103951
98,52,layer3.7.conv2,0.0796334
98,53,layer3.8.conv1,0.106324
98,54,layer3.8.conv2,0.0568168
99,0,conv1,0.0463335
99,1,layer1.0.conv1,0.019911
99,2,layer1.0.conv2,0.0190795
99,3,layer1.1.conv1,0.0250209
99,4,layer1.1.conv2,0.0212127
99,5,layer1.2.conv1,0.0171671
99,6,layer1.2.conv2,0.0157473
99,7,layer1.3.conv1,0.0171595
99,8,layer1.3.conv2,0.0150324
99,9,layer1.4.conv1,0.020727
99,10,layer1.4.conv2,0.0210844
99,11,layer1.5.conv1,0.0264089
99,12,layer1.5.conv2,0.0243744
99,13,layer1.6.conv1,0.0275191
99,14,layer1.6.conv2,0.0256037
99,15,layer1.7.conv1,0.0269959
99,16,layer1.7.conv2,0.0257406
99,17,layer1.8.conv1,0.0375277
99,18,layer1.8.conv2,0.0313933
99,19,layer2.0.conv1,0.0499717
99,20,layer2.0.conv2,0.0586742
99,21,layer2.1.conv1,0.0428542
99,22,layer2.1.conv2,0.0401178
99,23,layer2.2.conv1,0.0395876
99,24,layer2.2.conv2,0.0362218
99,25,layer2.3.conv1,0.0448776
99,26,layer2.3.conv2,0.0400735
99,27,layer2.4.conv1,0.0427922
99,28,layer2.4.conv2,0.0377454
99,29,layer2.5.conv1,0.0449247
99,30,layer2.5.conv2,0.0388448
99,31,layer2.6.conv1,0.0428984
99,32,layer2.6.conv2,0.0374447
99,33,layer2.7.conv1,0.0481832
99,34,layer2.7.conv2,0.0393425
99,35,layer2.8.conv1,0.0571059
99,36,layer2.8.conv2,0.0460931
99,37,layer3.0.conv1,0.0733546
99,38,layer3.0.conv2,0.092785
99,39,layer3.1.conv1,0.0772851
99,40,layer3.1.conv2,0.0805265
99,41,layer3.2.conv1,0.0877676
99,42,layer3.2.conv2,0.0781996
99,43,layer3.3.conv1,0.08236
99,44,layer3.3.conv2,0.0685374
99,45,layer3.4.conv1,0.0838706
99,46,layer3.4.conv2,0.0726763
99,47,layer3.5.conv1,0.0882
99,48,layer3.5.conv2,0.0676657
99,49,layer3.6.conv1,0.0841847
99,50,layer3.6.conv2,0.0654595
99,51,layer3.7.conv1,0.0772395
99,52,layer3.7.conv2,0.0581541
99,53,layer3.8.conv1,0.0825005
99,54,layer3.8.conv2,0.0441494
100,0,conv1,0.0642394
100,1,layer1.0.conv1,0.0262484
100,2,layer1.0.conv2,0.0258522
100,3,layer1.1.conv1,0.031682
100,4,layer1.1.conv2,0.0277367
100,5,layer1.2.conv1,0.0196758
100,6,layer1.2.conv2,0.0187091
100,7,layer1.3.conv1,0.0224649
100,8,layer1.3.conv2,0.0202295
100,9,layer1.4.conv1,0.0262176
100,10,layer1.4.conv2,0.0268062
100,11,layer1.5.conv1,0.0329876
100,12,layer1.5.conv2,0.0302831
100,13,layer1.6.conv1,0.0333437
100,14,layer1.6.conv2,0.032013
100,15,layer1.7.conv1,0.0337945
100,16,layer1.7.conv2,0.0320982
100,17,layer1.8.conv1,0.0480913
100,18,layer1.8.conv2,0.0403144
100,19,layer2.0.conv1,0.0627925
100,20,layer2.0.conv2,0.0741782
100,21,layer2.1.conv1,0.0557324
100,22,layer2.1.conv2,0.0521848
100,23,layer2.2.conv1,0.0497672
100,24,layer2.2.conv2,0.0451053
100,25,layer2.3.conv1,0.0561767
100,26,layer2.3.conv2,0.0520166
100,27,layer2.4.conv1,0.0532
100,28,layer2.4.conv2,0.0463599
100,29,layer2.5.conv1,0.0581183
100,30,layer2.5.conv2,0.0501839
100,31,layer2.6.conv1,0.0549207
100,32,layer2.6.conv2,0.048097
100,33,layer2.7.conv1,0.061879
100,34,layer2.7.conv2,0.0495391
100,35,layer2.8.conv1,0.071863
100,36,layer2.8.conv2,0.0580663
100,37,layer3.0.conv1,0.0931716
100,38,layer3.0.conv2,0.119389
100,39,layer3.1.conv1,0.100247
100,40,layer3.1.conv2,0.101075
100,41,layer3.2.conv1,0.108601
100,42,layer3.2.conv2,0.098091
100,43,layer3.3.conv1,0.101701
100,44,layer3.3.conv2,0.091678
100,45,layer3.4.conv1,0.106563
100,46,layer3.4.conv2,0.0922255
100,47,layer3.5.conv1,0.115515
100,48,layer3.5.conv2,0.0880034
100,49,layer3.6.conv1,0.104732
100,50,layer3.6.conv2,0.0803118
100,51,layer3.7.conv1,0.0998787
100,52,layer3.7.conv2,0.0758859
100,53,layer3.8.conv1,0.105514
100,54,layer3.8.conv2,0.0597209
101,0,conv1,0.0507176
101,1,layer1.0.conv1,0.0225713
101,2,layer1.0.conv2,0.0229644
101,3,layer1.1.conv1,0.0292315
101,4,layer1.1.conv2,0.0257483
101,5,layer1.2.conv1,0.0190135
101,6,layer1.2.conv2,0.0179889
101,7,layer1.3.conv1,0.0199923
101,8,layer1.3.conv2,0.0176583
101,9,layer1.4.conv1,0.0253113
101,10,layer1.4.conv2,0.0250233
101,11,layer1.5.conv1,0.0301176
101,12,layer1.5.conv2,0.0296668
101,13,layer1.6.conv1,0.0305747
101,14,layer1.6.conv2,0.0297825
101,15,layer1.7.conv1,0.0309841
101,16,layer1.7.conv2,0.0297746
101,17,layer1.8.conv1,0.0452136
101,18,layer1.8.conv2,0.0383291
101,19,layer2.0.conv1,0.057189
101,20,layer2.0.conv2,0.0672182
101,21,layer2.1.conv1,0.0507415
101,22,layer2.1.conv2,0.0480349
101,23,layer2.2.conv1,0.0465451
101,24,layer2.2.conv2,0.040929
101,25,layer2.3.conv1,0.0510457
101,26,layer2.3.conv2,0.0463239
101,27,layer2.4.conv1,0.0490783
101,28,layer2.4.conv2,0.0422892
101,29,layer2.5.conv1,0.0510843
101,30,layer2.5.conv2,0.0449201
101,31,layer2.6.conv1,0.0491562
101,32,layer2.6.conv2,0.042923
101,33,layer2.7.conv1,0.0560654
101,34,layer2.7.conv2,0.0457895
101,35,layer2.8.conv1,0.0655243
101,36,layer2.8.conv2,0.0506518
101,37,layer3.0.conv1,0.084245
101,38,layer3.0.conv2,0.105867
101,39,layer3.1.conv1,0.0873721
101,40,layer3.1.conv2,0.0905011
101,41,layer3.2.conv1,0.0970474
101,42,layer3.2.conv2,0.0882979
101,43,layer3.3.conv1,0.0928283
101,44,layer3.3.conv2,0.0845428
101,45,layer3.4.conv1,0.0965747
101,46,layer3.4.conv2,0.0807618
101,47,layer3.5.conv1,0.0960678
101,48,layer3.5.conv2,0.0738649
101,49,layer3.6.conv1,0.0967277
101,50,layer3.6.conv2,0.0746019
101,51,layer3.7.conv1,0.0903957
101,52,layer3.7.conv2,0.0699591
101,53,layer3.8.conv1,0.0941952
101,54,layer3.8.conv2,0.0524956
102,0,conv1,0.0526911
102,1,layer1.0.conv1,0.0233775
102,2,layer1.0.conv2,0.0220546
102,3,layer1.1.conv1,0.0277741
102,4,layer1.1.conv2,0.0269754
102,5,layer1.2.conv1,0.0207713
102,6,layer1.2.conv2,0.0197874
102,7,layer1.3.conv1,0.01979
102,8,layer1.3.conv2,0.0179799
102,9,layer1.4.conv1,0.0248473
102,10,layer1.4.conv2,0.0249958
102,11,layer1.5.conv1,0.0313056
102,12,layer1.5.conv2,0.0290502
102,13,layer1.6.conv1,0.0318753
102,14,layer1.6.conv2,0.0304303
102,15,layer1.7.conv1,0.0318524
102,16,layer1.7.conv2,0.0303846
102,17,layer1.8.conv1,0.0451183
102,18,layer1.8.conv2,0.0364565
102,19,layer2.0.conv1,0.05809
102,20,layer2.0.conv2,0.0670106
102,21,layer2.1.conv1,0.0504684
102,22,layer2.1.conv2,0.0470762
102,23,layer2.2.conv1,0.0461066
102,24,layer2.2.conv2,0.0419934
102,25,layer2.3.conv1,0.0521738
102,26,layer2.3.conv2,0.0467979
102,27,layer2.4.conv1,0.0516781
102,28,layer2.4.conv2,0.0435453
102,29,layer2.5.conv1,0.0535459
102,30,layer2.5.conv2,0.0457313
102,31,layer2.6.conv1,0.0520332
102,32,layer2.6.conv2,0.0449199
102,33,layer2.7.conv1,0.0550204
102,34,layer2.7.conv2,0.0440975
102,35,layer2.8.conv1,0.0659119
102,36,layer2.8.conv2,0.0526196
102,37,layer3.0.conv1,0.0862224
102,38,layer3.0.conv2,0.109292
102,39,layer3.1.conv1,0.0906607
102,40,layer3.1.conv2,0.0924263
102,41,layer3.2.conv1,0.10225
102,42,layer3.2.conv2,0.0948523
102,43,layer3.3.conv1,0.0945856
102,44,layer3.3.conv2,0.0833641
102,45,layer3.4.conv1,0.102008
102,46,layer3.4.conv2,0.0871005
102,47,layer3.5.conv1,0.0998807
102,48,layer3.5.conv2,0.0768835
102,49,layer3.6.conv1,0.103423
102,50,layer3.6.conv2,0.0789529
102,51,layer3.7.conv1,0.0925824
102,52,layer3.7.conv2,0.0686589
102,53,layer3.8.conv1,0.093595
102,54,layer3.8.conv2,0.0501306
103,0,conv1,0.0559956
103,1,layer1.0.conv1,0.0247662
103,2,layer1.0.conv2,0.02363
103,3,layer1.1.conv1,0.0307806
103,4,layer1.1.conv2,0.0273564
103,5,layer1.2.conv1,0.0222956
103,6,layer1.2.conv2,0.0202149
103,7,layer1.3.conv1,0.0219836
103,8,layer1.3.conv2,0.0202341
103,9,layer1.4.conv1,0.0261102
103,10,layer1.4.conv2,0.0269777
103,11,layer1.5.conv1,0.0329907
103,12,layer1.5.conv2,0.029915
103,13,layer1.6.conv1,0.0333112
103,14,layer1.6.conv2,0.0326511
103,15,layer1.7.conv1,0.0346669
103,16,layer1.7.conv2,0.0317113
103,17,layer1.8.conv1,0.0475298
103,18,layer1.8.conv2,0.0405096
103,19,layer2.0.conv1,0.0647039
103,20,layer2.0.conv2,0.073201
103,21,layer2.1.conv1,0.0543601
103,22,layer2.1.conv2,0.051546
103,23,layer2.2.conv1,0.0505016
103,24,layer2.2.conv2,0.0438585
103,25,layer2.3.conv1,0.0548728
103,26,layer2.3.conv2,0.0488785
103,27,layer2.4.conv1,0.0521196
103,28,layer2.4.conv2,0.0461773
103,29,layer2.5.conv1,0.0580154
103,30,layer2.5.conv2,0.0486959
103,31,layer2.6.conv1,0.0562196
103,32,layer2.6.conv2,0.0481876
103,33,layer2.7.conv1,0.0605961
103,34,layer2.7.conv2,0.0477361
103,35,layer2.8.conv1,0.0707008
103,36,layer2.8.conv2,0.054641
103,37,layer3.0.conv1,0.0904025
103,38,layer3.0.conv2,0.113969
103,39,layer3.1.conv1,0.093695
103,40,layer3.1.conv2,0.0969911
103,41,layer3.2.conv1,0.104522
103,42,layer3.2.conv2,0.0939477
103,43,layer3.3.conv1,0.0981842
103,44,layer3.3.conv2,0.0840304
103,45,layer3.4.conv1,0.103901
103,46,layer3.4.conv2,0.086789
103,47,layer3.5.conv1,0.106736
103,48,layer3.5.conv2,0.0812158
103,49,layer3.6.conv1,0.101926
103,50,layer3.6.conv2,0.0774865
103,51,layer3.7.conv1,0.0949912
103,52,layer3.7.conv2,0.0714076
103,53,layer3.8.conv1,0.0973905
103,54,layer3.8.conv2,0.0504177
104,0,conv1,0.0558538
104,1,layer1.0.conv1,0.0226658
104,2,layer1.0.conv2,0.0211969
104,3,layer1.1.conv1,0.0284531
104,4,layer1.1.conv2,0.0249036
104,5,layer1.2.conv1,0.0195896
104,6,layer1.2.conv2,0.0174619
104,7,layer1.3.conv1,0.0197002
104,8,layer1.3.conv2,0.0167959
104,9,layer1.4.conv1,0.0241186
104,10,layer1.4.conv2,0.0233267
104,11,layer1.5.conv1,0.0288381
104,12,layer1.5.conv2,0.0275726
104,13,layer1.6.conv1,0.0307378
104,14,layer1.6.conv2,0.0296341
104,15,layer1.7.conv1,0.0305273
104,16,layer1.7.conv2,0.0279348
104,17,layer1.8.conv1,0.0426751
104,18,layer1.8.conv2,0.0356459
104,19,layer2.0.conv1,0.056332
104,20,layer2.0.conv2,0.0661772
104,21,layer2.1.conv1,0.0504917
104,22,layer2.1.conv2,0.0447912
104,23,layer2.2.conv1,0.0433398
104,24,layer2.2.conv2,0.0409637
104,25,layer2.3.conv1,0.0507743
104,26,layer2.3.conv2,0.0452665
104,27,layer2.4.conv1,0.049557
104,28,layer2.4.conv2,0.041237
104,29,layer2.5.conv1,0.0546224
104,30,layer2.5.conv2,0.0441438
104,31,layer2.6.conv1,0.0480441
104,32,layer2.6.conv2,0.0423882
104,33,layer2.7.conv1,0.054572
104,34,layer2.7.conv2,0.0438459
104,35,layer2.8.conv1,0.065138
104,36,layer2.8.conv2,0.0511773
104,37,layer3.0.conv1,0.0824477
104,38,layer3.0.conv2,0.104788
104,39,layer3.1.conv1,0.0883591
104,40,layer3.1.conv2,0.0869945
104,41,layer3.2.conv1,0.0987996
104,42,layer3.2.conv2,0.0880116
104,43,layer3.3.conv1,0.0909801
104,44,layer3.3.conv2,0.0791637
104,45,layer3.4.conv1,0.0927697
104,46,layer3.4.conv2,0.0741371
104,47,layer3.5.conv1,0.0919874
104,48,layer3.5.conv2,0.0702356
104,49,layer3.6.conv1,0.0889393
104,50,layer3.6.conv2,0.0659884
104,51,layer3.7.conv1,0.0797798
104,52,layer3.7.conv2,0.0602357
104,53,layer3.8.conv1,0.0782753
104,54,layer3.8.conv2,0.0423788
105,0,conv1,0.051736
105,1,layer1.0.conv1,0.0231188
105,2,layer1.0.conv2,0.0224619
105,3,layer1.1.conv1,0.0271931
105,4,layer1.1.conv2,0.0246412
105,5,layer1.2.conv1,0.0199558
105,6,layer1.2.conv2,0.0184426
105,7,layer1.3.conv1,0.0193634
105,8,layer1.3.conv2,0.0169924
105,9,layer1.4.conv1,0.0244497
105,10,layer1.4.conv2,0.0246273
105,11,layer1.5.conv1,0.0287284
105,12,layer1.5.conv2,0.0276688
105,13,layer1.6.conv1,0.0307392
105,14,layer1.6.conv2,0.0304457
105,15,layer1.7.conv1,0.0310511
105,16,layer1.7.conv2,0.0305601
105,17,layer1.8.conv1,0.0458268
105,18,layer1.8.conv2,0.0381512
105,19,layer2.0.conv1,0.0571898
105,20,layer2.0.conv2,0.0678241
105,21,layer2.1.conv1,0.0515579
105,22,layer2.1.conv2,0.0460924
105,23,layer2.2.conv1,0.0459452
105,24,layer2.2.conv2,0.0407695
105,25,layer2.3.conv1,0.050882
105,26,layer2.3.conv2,0.0466505
105,27,layer2.4.conv1,0.0499079
105,28,layer2.4.conv2,0.0434876
105,29,layer2.5.conv1,0.0536341
105,30,layer2.5.conv2,0.0448182
105,31,layer2.6.conv1,0.0508307
105,32,layer2.6.conv2,0.0448831
105,33,layer2.7.conv1,0.0575614
105,34,layer2.7.conv2,0.0459521
105,35,layer2.8.conv1,0.0677336
105,36,layer2.8.conv2,0.0536773
105,37,layer3.0.conv1,0.0852867
105,38,layer3.0.conv2,0.108724
105,39,layer3.1.conv1,0.0890543
105,40,layer3.1.conv2,0.0924172
105,41,layer3.2.conv1,0.0950767
105,42,layer3.2.conv2,0.088615
105,43,layer3.3.conv1,0.0924405
105,44,layer3.3.conv2,0.0812233
105,45,layer3.4.conv1,0.0962157
105,46,layer3.4.conv2,0.0815461
105,47,layer3.5.conv1,0.103097
105,48,layer3.5.conv2,0.0812165
105,49,layer3.6.conv1,0.0988041
105,50,layer3.6.conv2,0.0736899
105,51,layer3.7.conv1,0.0910973
105,52,layer3.7.conv2,0.0706147
105,53,layer3.8.conv1,0.0963414
105,54,layer3.8.conv2,0.0497481
106,0,conv1,0.0415781
106,1,layer1.0.conv1,0.0183261
106,2,layer1.0.conv2,0.0175321
106,3,layer1.1.conv1,0.0224595
106,4,layer1.1.conv2,0.0195528
106,5,layer1.2.conv1,0.0164194
106,6,layer1.2.conv2,0.0147855
106,7,layer1.3.conv1,0.0163335
106,8,layer1.3.conv2,0.0147986
106,9,layer1.4.conv1,0.0187617
106,10,layer1.4.conv2,0.0187122
106,11,layer1.5.conv1,0.0231399
106,12,layer1.5.conv2,0.0209604
106,13,layer1.6.conv1,0.0247938
106,14,layer1.6.conv2,0.0234525
106,15,layer1.7.conv1,0.0245576
106,16,layer1.7.conv2,0.0228564
106,17,layer1.8.conv1,0.0339359
106,18,layer1.8.conv2,0.0280769
106,19,layer2.0.conv1,0.0447249
106,20,layer2.0.conv2,0.0524768
106,21,layer2.1.conv1,0.038169
106,22,layer2.1.conv2,0.0353698
106,23,layer2.2.conv1,0.0355668
106,24,layer2.2.conv2,0.0312738
106,25,layer2.3.conv1,0.039616
106,26,layer2.3.conv2,0.0360047
106,27,layer2.4.conv1,0.038332
106,28,layer2.4.conv2,0.0331459
106,29,layer2.5.conv1,0.0387545
106,30,layer2.5.conv2,0.0345006
106,31,layer2.6.conv1,0.0405475
106,32,layer2.6.conv2,0.0343967
106,33,layer2.7.conv1,0.0417695
106,34,layer2.7.conv2,0.0340782
106,35,layer2.8.conv1,0.0481272
106,36,layer2.8.conv2,0.0392365
106,37,layer3.0.conv1,0.0641859
106,38,layer3.0.conv2,0.0831029
106,39,layer3.1.conv1,0.069951
106,40,layer3.1.conv2,0.0731105
106,41,layer3.2.conv1,0.0813267
106,42,layer3.2.conv2,0.073166
106,43,layer3.3.conv1,0.0727697
106,44,layer3.3.conv2,0.0639011
106,45,layer3.4.conv1,0.073125
106,46,layer3.4.conv2,0.0648993
106,47,layer3.5.conv1,0.0752595
106,48,layer3.5.conv2,0.0602374
106,49,layer3.6.conv1,0.0755913
106,50,layer3.6.conv2,0.0604758
106,51,layer3.7.conv1,0.0703373
106,52,layer3.7.conv2,0.052915
106,53,layer3.8.conv1,0.0698982
106,54,layer3.8.conv2,0.0371859
107,0,conv1,0.0504436
107,1,layer1.0.conv1,0.0216625
107,2,layer1.0.conv2,0.0203408
107,3,layer1.1.conv1,0.0270338
107,4,layer1.1.conv2,0.0235579
107,5,layer1.2.conv1,0.0185219
107,6,layer1.2.conv2,0.0170686
107,7,layer1.3.conv1,0.0197002
107,8,layer1.3.conv2,0.0168175
107,9,layer1.4.conv1,0.0247921
107,10,layer1.4.conv2,0.0231632
107,11,layer1.5.conv1,0.0289904
107,12,layer1.5.conv2,0.0264058
107,13,layer1.6.conv1,0.0302698
107,14,layer1.6.conv2,0.0283775
107,15,layer1.7.conv1,0.0301721
107,16,layer1.7.conv2,0.0280745
107,17,layer1.8.conv1,0.0439386
107,18,layer1.8.conv2,0.03673
107,19,layer2.0.conv1,0.0562469
107,20,layer2.0.conv2,0.0673443
107,21,layer2.1.conv1,0.0496481
107,22,layer2.1.conv2,0.0448536
107,23,layer2.2.conv1,0.0458028
107,24,layer2.2.conv2,0.0402963
107,25,layer2.3.conv1,0.0505705
107,26,layer2.3.conv2,0.045314
107,27,layer2.4.conv1,0.0496592
107,28,layer2.4.conv2,0.0429367
107,29,layer2.5.conv1,0.0535929
107,30,layer2.5.conv2,0.0442476
107,31,layer2.6.conv1,0.0476124
107,32,layer2.6.conv2,0.0420543
107,33,layer2.7.conv1,0.0551896
107,34,layer2.7.conv2,0.0446108
107,35,layer2.8.conv1,0.0664167
107,36,layer2.8.conv2,0.0520437
107,37,layer3.0.conv1,0.0832406
107,38,layer3.0.conv2,0.104338
107,39,layer3.1.conv1,0.0890937
107,40,layer3.1.conv2,0.0875303
107,41,layer3.2.conv1,0.0952802
107,42,layer3.2.conv2,0.0864914
107,43,layer3.3.conv1,0.0884214
107,44,layer3.3.conv2,0.0788555
107,45,layer3.4.conv1,0.0907514
107,46,layer3.4.conv2,0.0805926
107,47,layer3.5.conv1,0.0937745
107,48,layer3.5.conv2,0.0742015
107,49,layer3.6.conv1,0.0969125
107,50,layer3.6.conv2,0.0725658
107,51,layer3.7.conv1,0.0881456
107,52,layer3.7.conv2,0.0635883
107,53,layer3.8.conv1,0.0872923
107,54,layer3.8.conv2,0.0464228
108,0,conv1,0.0516972
108,1,layer1.0.conv1,0.0243766
108,2,layer1.0.conv2,0.0223946
108,3,layer1.1.conv1,0.0273791
108,4,layer1.1.conv2,0.024302
108,5,layer1.2.conv1,0.0204154
108,6,layer1.2.conv2,0.0181812
108,7,layer1.3.conv1,0.0202564
108,8,layer1.3.conv2,0.017467
108,9,layer1.4.conv1,0.02428
108,10,layer1.4.conv2,0.0236754
108,11,layer1.5.conv1,0.029834
108,12,layer1.5.conv2,0.0268652
108,13,layer1.6.conv1,0.0307447
108,14,layer1.6.conv2,0.0293504
108,15,layer1.7.conv1,0.0308484
108,16,layer1.7.conv2,0.0296092
108,17,layer1.8.conv1,0.0442981
108,18,layer1.8.conv2,0.0376081
108,19,layer2.0.conv1,0.0578809
108,20,layer2.0.conv2,0.0672265
108,21,layer2.1.conv1,0.050051
108,22,layer2.1.conv2,0.0455788
108,23,layer2.2.conv1,0.0465309
108,24,layer2.2.conv2,0.0417885
108,25,layer2.3.conv1,0.0522286
108,26,layer2.3.conv2,0.0483723
108,27,layer2.4.conv1,0.0531989
108,28,layer2.4.conv2,0.0443657
108,29,layer2.5.conv1,0.0523159
108,30,layer2.5.conv2,0.0450214
108,31,layer2.6.conv1,0.0521828
108,32,layer2.6.conv2,0.045224
108,33,layer2.7.conv1,0.057155
108,34,layer2.7.conv2,0.0466539
108,35,layer2.8.conv1,0.0683869
108,36,layer2.8.conv2,0.0536581
108,37,layer3.0.conv1,0.0862913
108,38,layer3.0.conv2,0.109053
108,39,layer3.1.conv1,0.092413
108,40,layer3.1.conv2,0.0928336
108,41,layer3.2.conv1,0.0999966
108,42,layer3.2.conv2,0.0907196
108,43,layer3.3.conv1,0.0918751
108,44,layer3.3.conv2,0.0809051
108,45,layer3.4.conv1,0.0962449
108,46,layer3.4.conv2,0.0820734
108,47,layer3.5.conv1,0.0986754
108,48,layer3.5.conv2,0.0745799
108,49,layer3.6.conv1,0.0965385
108,50,layer3.6.conv2,0.0727591
108,51,layer3.7.conv1,0.0865674
108,52,layer3.7.conv2,0.0632334
108,53,layer3.8.conv1,0.0909239
108,54,layer3.8.conv2,0.0492903
109,0,conv1,0.0523498
109,1,layer1.0.conv1,0.023512
109,2,layer1.0.conv2,0.0217656
109,3,layer1.1.conv1,0.0284613
109,4,layer1.1.conv2,0.0241802
109,5,layer1.2.conv1,0.0201322
109,6,layer1.2.conv2,0.018664
109,7,layer1.3.conv1,0.0208606
109,8,layer1.3.conv2,0.0179635
109,9,layer1.4.conv1,0.0257806
109,10,layer1.4.conv2,0.0257437
109,11,layer1.5.conv1,0.0306235
109,12,layer1.5.conv2,0.0285452
109,13,layer1.6.conv1,0.0315866
109,14,layer1.6.conv2,0.0281768
109,15,layer1.7.conv1,0.0302579
109,16,layer1.7.conv2,0.0293892
109,17,layer1.8.conv1,0.0448521
109,18,layer1.8.conv2,0.0357643
109,19,layer2.0.conv1,0.0576585
109,20,layer2.0.conv2,0.0672857
109,21,layer2.1.conv1,0.050569
109,22,layer2.1.conv2,0.0445407
109,23,layer2.2.conv1,0.04778
109,24,layer2.2.conv2,0.0421905
109,25,layer2.3.conv1,0.0506273
109,26,layer2.3.conv2,0.0444666
109,27,layer2.4.conv1,0.0516519
109,28,layer2.4.conv2,0.043125
109,29,layer2.5.conv1,0.053329
109,30,layer2.5.conv2,0.043984
109,31,layer2.6.conv1,0.0513032
109,32,layer2.6.conv2,0.044717
109,33,layer2.7.conv1,0.0552582
109,34,layer2.7.conv2,0.0445738
109,35,layer2.8.conv1,0.0663855
109,36,layer2.8.conv2,0.0533975
109,37,layer3.0.conv1,0.0848538
109,38,layer3.0.conv2,0.109719
109,39,layer3.1.conv1,0.0959429
109,40,layer3.1.conv2,0.0979043
109,41,layer3.2.conv1,0.101612
109,42,layer3.2.conv2,0.0945282
109,43,layer3.3.conv1,0.0991928
109,44,layer3.3.conv2,0.0872827
109,45,layer3.4.conv1,0.101712
109,46,layer3.4.conv2,0.0861505
109,47,layer3.5.conv1,0.104872
109,48,layer3.5.conv2,0.0831424
109,49,layer3.6.conv1,0.104795
109,50,layer3.6.conv2,0.0790341
109,51,layer3.7.conv1,0.0996663
109,52,layer3.7.conv2,0.0748284
109,53,layer3.8.conv1,0.0957583
109,54,layer3.8.conv2,0.0502156
110,0,conv1,0.0343653
110,1,layer1.0.conv1,0.0154306
110,2,layer1.0.conv2,0.0149068
110,3,layer1.1.conv1,0.0189959
110,4,layer1.1.conv2,0.0166285
110,5,layer1.2.conv1,0.0135762
110,6,layer1.2.conv2,0.0127868
110,7,layer1.3.conv1,0.0146407
110,8,layer1.3.conv2,0.0131998
110,9,layer1.4.conv1,0.0162767
110,10,layer1.4.conv2,0.0165168
110,11,layer1.5.conv1,0.019565
110,12,layer1.5.conv2,0.0183414
110,13,layer1.6.conv1,0.0206898
110,14,layer1.6.conv2,0.0195644
110,15,layer1.7.conv1,0.0210444
110,16,layer1.7.conv2,0.0197124
110,17,layer1.8.conv1,0.0291106
110,18,layer1.8.conv2,0.0248437
110,19,layer2.0.conv1,0.0395482
110,20,layer2.0.conv2,0.0466654
110,21,layer2.1.conv1,0.0350004
110,22,layer2.1.conv2,0.0320857
110,23,layer2.2.conv1,0.0316653
110,24,layer2.2.conv2,0.0291241
110,25,layer2.3.conv1,0.0344383
110,26,layer2.3.conv2,0.0306107
110,27,layer2.4.conv1,0.0356019
110,28,layer2.4.conv2,0.0299467
110,29,layer2.5.conv1,0.0352331
110,30,layer2.5.conv2,0.0303339
110,31,layer2.6.conv1,0.0337108
110,32,layer2.6.conv2,0.0287086
110,33,layer2.7.conv1,0.0371688
110,34,layer2.7.conv2,0.0298734
110,35,layer2.8.conv1,0.0435755
110,36,layer2.8.conv2,0.0350397
110,37,layer3.0.conv1,0.0571343
110,38,layer3.0.conv2,0.0725708
110,39,layer3.1.conv1,0.0624261
110,40,layer3.1.conv2,0.0627684
110,41,layer3.2.conv1,0.065825
110,42,layer3.2.conv2,0.0599248
110,43,layer3.3.conv1,0.0630506
110,44,layer3.3.conv2,0.0560924
110,45,layer3.4.conv1,0.0644402
110,46,layer3.4.conv2,0.0535685
110,47,layer3.5.conv1,0.0683316
110,48,layer3.5.conv2,0.0533404
110,49,layer3.6.conv1,0.065671
110,50,layer3.6.conv2,0.0498559
110,51,layer3.7.conv1,0.0621243
110,52,layer3.7.conv2,0.0447617
110,53,layer3.8.conv1,0.0599246
110,54,layer3.8.conv2,0.0315232
111,0,conv1,0.0698782
111,1,layer1.0.conv1,0.0289754
111,2,layer1.0.conv2,0.0266442
111,3,layer1.1.conv1,0.0355886
111,4,layer1.1.conv2,0.030361
111,5,layer1.2.conv1,0.024722
111,6,layer1.2.conv2,0.0229251
111,7,layer1.3.conv1,0.0243953
111,8,layer1.3.conv2,0.0211647
111,9,layer1.4.conv1,0.0310503
111,10,layer1.4.conv2,0.029979
111,11,layer1.5.conv1,0.0360332
111,12,layer1.5.conv2,0.035311
111,13,layer1.6.conv1,0.0374147
111,14,layer1.6.conv2,0.0367312
111,15,layer1.7.conv1,0.0383973
111,16,layer1.7.conv2,0.0367094
111,17,layer1.8.conv1,0.0579629
111,18,layer1.8.conv2,0.0447389
111,19,layer2.0.conv1,0.0709918
111,20,layer2.0.conv2,0.0835095
111,21,layer2.1.conv1,0.0646403
111,22,layer2.1.conv2,0.058242
111,23,layer2.2.conv1,0.0589611
111,24,layer2.2.conv2,0.0531796
111,25,layer2.3.conv1,0.0646336
111,26,layer2.3.conv2,0.0561442
111,27,layer2.4.conv1,0.0614161
111,28,layer2.4.conv2,0.0523389
111,29,layer2.5.conv1,0.0638693
111,30,layer2.5.conv2,0.0553075
111,31,layer2.6.conv1,0.0625079
111,32,layer2.6.conv2,0.0548787
111,33,layer2.7.conv1,0.0681558
111,34,layer2.7.conv2,0.0531551
111,35,layer2.8.conv1,0.0808575
111,36,layer2.8.conv2,0.0630777
111,37,layer3.0.conv1,0.102955
111,38,layer3.0.conv2,0.130396
111,39,layer3.1.conv1,0.109034
111,40,layer3.1.conv2,0.115693
111,41,layer3.2.conv1,0.118277
111,42,layer3.2.conv2,0.107157
111,43,layer3.3.conv1,0.114918
111,44,layer3.3.conv2,0.099879
111,45,layer3.4.conv1,0.116542
111,46,layer3.4.conv2,0.100307
111,47,layer3.5.conv1,0.118494
111,48,layer3.5.conv2,0.0932056
111,49,layer3.6.conv1,0.116934
111,50,layer3.6.conv2,0.086498
111,51,layer3.7.conv1,0.107013
111,52,layer3.7.conv2,0.082331
111,53,layer3.8.conv1,0.110267
111,54,layer3.8.conv2,0.0582639
112,0,conv1,0.0454859
112,1,layer1.0.conv1,0.0198272
112,2,layer1.0.conv2,0.0187311
112,3,layer1.1.conv1,0.0245366
112,4,layer1.1.conv2,0.0214504
112,5,layer1.2.conv1,0.0160547
112,6,layer1.2.conv2,0.0158108
112,7,layer1.3.conv1,0.0174386
112,8,layer1.3.conv2,0.0158247
112,9,layer1.4.conv1,0.0218287
112,10,layer1.4.conv2,0.020703
112,11,layer1.5.conv1,0.0241931
112,12,layer1.5.conv2,0.0227552
112,13,layer1.6.conv1,0.0256655
112,14,layer1.6.conv2,0.0243533
112,15,layer1.7.conv1,0.0247356
112,16,layer1.7.conv2,0.0246214
112,17,layer1.8.conv1,0.036914
112,18,layer1.8.conv2,0.0299626
112,19,layer2.0.conv1,0.0478743
112,20,layer2.0.conv2,0.0561065
112,21,layer2.1.conv1,0.0427115
112,22,layer2.1.conv2,0.0398428
112,23,layer2.2.conv1,0.0385854
112,24,layer2.2.conv2,0.0363172
112,25,layer2.3.conv1,0.0434248
112,26,layer2.3.conv2,0.0398343
112,27,layer2.4.conv1,0.0428808
112,28,layer2.4.conv2,0.036999
112,29,layer2.5.conv1,0.0446893
112,30,layer2.5.conv2,0.0386114
112,31,layer2.6.conv1,0.0425425
112,32,layer2.6.conv2,0.03828
112,33,layer2.7.conv1,0.0473404
112,34,layer2.7.conv2,0.0386065
112,35,layer2.8.conv1,0.0575608
112,36,layer2.8.conv2,0.0461583
112,37,layer3.0.conv1,0.0713409
112,38,layer3.0.conv2,0.0928171
112,39,layer3.1.conv1,0.0790056
112,40,layer3.1.conv2,0.0801163
112,41,layer3.2.conv1,0.0859804
112,42,layer3.2.conv2,0.078106
112,43,layer3.3.conv1,0.0805474
112,44,layer3.3.conv2,0.0724888
112,45,layer3.4.conv1,0.0859858
112,46,layer3.4.conv2,0.0723692
112,47,layer3.5.conv1,0.0896845
112,48,layer3.5.conv2,0.0696735
112,49,layer3.6.conv1,0.0877022
112,50,layer3.6.conv2,0.0643932
112,51,layer3.7.conv1,0.0817906
112,52,layer3.7.conv2,0.0617514
112,53,layer3.8.conv1,0.083192
112,54,layer3.8.conv2,0.0430164
113,0,conv1,0.0432475
113,1,layer1.0.conv1,0.0236162
113,2,layer1.0.conv2,0.0205365
113,3,layer1.1.conv1,0.0254436
113,4,layer1.1.conv2,0.0221895
113,5,layer1.2.conv1,0.0176124
113,6,layer1.2.conv2,0.0164726
113,7,layer1.3.conv1,0.0176738
113,8,layer1.3.conv2,0.0156808
113,9,layer1.4.conv1,0.0219383
113,10,layer1.4.conv2,0.0215911
113,11,layer1.5.conv1,0.0269049
113,12,layer1.5.conv2,0.0248739
113,13,layer1.6.conv1,0.0270874
113,14,layer1.6.conv2,0.0265125
113,15,layer1.7.conv1,0.0277942
113,16,layer1.7.conv2,0.026703
113,17,layer1.8.conv1,0.0396836
113,18,layer1.8.conv2,0.0318185
113,19,layer2.0.conv1,0.0502264
113,20,layer2.0.conv2,0.0601256
113,21,layer2.1.conv1,0.0448837
113,22,layer2.1.conv2,0.0406922
113,23,layer2.2.conv1,0.0407145
113,24,layer2.2.conv2,0.0381073
113,25,layer2.3.conv1,0.0457104
113,26,layer2.3.conv2,0.0405243
113,27,layer2.4.conv1,0.0471545
113,28,layer2.4.conv2,0.0390272
113,29,layer2.5.conv1,0.045683
113,30,layer2.5.conv2,0.0393367
113,31,layer2.6.conv1,0.0437102
113,32,layer2.6.conv2,0.0383563
113,33,layer2.7.conv1,0.048648
113,34,layer2.7.conv2,0.0387563
113,35,layer2.8.conv1,0.0612224
113,36,layer2.8.conv2,0.046801
113,37,layer3.0.conv1,0.0728209
113,38,layer3.0.conv2,0.0930065
113,39,layer3.1.conv1,0.0786609
113,40,layer3.1.conv2,0.0786474
113,41,layer3.2.conv1,0.0911858
113,42,layer3.2.conv2,0.0819191
113,43,layer3.3.conv1,0.086407
113,44,layer3.3.conv2,0.0712609
113,45,layer3.4.conv1,0.0828607
113,46,layer3.4.conv2,0.0726134
113,47,layer3.5.conv1,0.0908739
113,48,layer3.5.conv2,0.066221
113,49,layer3.6.conv1,0.0870139
113,50,layer3.6.conv2,0.0639862
113,51,layer3.7.conv1,0.0795232
113,52,layer3.7.conv2,0.0611119
113,53,layer3.8.conv1,0.0774541
113,54,layer3.8.conv2,0.0410917
114,0,conv1,0.0471024
114,1,layer1.0.conv1,0.0214993
114,2,layer1.0.conv2,0.0207446
114,3,layer1.1.conv1,0.0237486
114,4,layer1.1.conv2,0.0217232
114,5,layer1.2.conv1,0.0179742
114,6,layer1.2.conv2,0.0164731
114,7,layer1.3.conv1,0.0195636
114,8,layer1.3.conv2,0.0176172
114,9,layer1.4.conv1,0.0212062
114,10,layer1.4.conv2,0.0215933
114,11,layer1.5.conv1,0.024193
114,12,layer1.5.conv2,0.023358
114,13,layer1.6.conv1,0.0267866
114,14,layer1.6.conv2,0.0247814
114,15,layer1.7.conv1,0.0269747
114,16,layer1.7.conv2,0.0256885
114,17,layer1.8.conv1,0.0389281
114,18,layer1.8.conv2,0.0314178
114,19,layer2.0.conv1,0.0481377
114,20,layer2.0.conv2,0.055928
114,21,layer2.1.conv1,0.0441126
114,22,layer2.1.conv2,0.0412058
114,23,layer2.2.conv1,0.0406247
114,24,layer2.2.conv2,0.0381386
114,25,layer2.3.conv1,0.0437187
114,26,layer2.3.conv2,0.0410565
114,27,layer2.4.conv1,0.0448488
114,28,layer2.4.conv2,0.0373278
114,29,layer2.5.conv1,0.0448783
114,30,layer2.5.conv2,0.0381345
114,31,layer2.6.conv1,0.0450392
114,32,layer2.6.conv2,0.037611
114,33,layer2.7.conv1,0.0502637
114,34,layer2.7.conv2,0.039343
114,35,layer2.8.conv1,0.0572251
114,36,layer2.8.conv2,0.0439519
114,37,layer3.0.conv1,0.0711223
114,38,layer3.0.conv2,0.0912298
114,39,layer3.1.conv1,0.0781289
114,40,layer3.1.conv2,0.0778716
114,41,layer3.2.conv1,0.0842269
114,42,layer3.2.conv2,0.0788916
114,43,layer3.3.conv1,0.079985
114,44,layer3.3.conv2,0.0686267
114,45,layer3.4.conv1,0.0859405
114,46,layer3.4.conv2,0.0705907
114,47,layer3.5.conv1,0.0877736
114,48,layer3.5.conv2,0.0701541
114,49,layer3.6.conv1,0.0870422
114,50,layer3.6.conv2,0.0672911
114,51,layer3.7.conv1,0.0771669
114,52,layer3.7.conv2,0.0585142
114,53,layer3.8.conv1,0.0782085
114,54,layer3.8.conv2,0.0431408
115,0,conv1,0.044423
115,1,layer1.0.conv1,0.0205105
115,2,layer1.0.conv2,0.018814
115,3,layer1.1.conv1,0.0232815
115,4,layer1.1.conv2,0.0203055
115,5,layer1.2.conv1,0.0172744
115,6,layer1.2.conv2,0.016244
115,7,layer1.3.conv1,0.0167666
115,8,layer1.3.conv2,0.015206
115,9,layer1.4.conv1,0.0212027
115,10,layer1.4.conv2,0.0223633
115,11,layer1.5.conv1,0.0238753
115,12,layer1.5.conv2,0.0229737
115,13,layer1.6.conv1,0.0254921
115,14,layer1.6.conv2,0.024331
115,15,layer1.7.conv1,0.0254743
115,16,layer1.7.conv2,0.0234484
115,17,layer1.8.conv1,0.0377621
115,18,layer1.8.conv2,0.0295834
115,19,layer2.0.conv1,0.0482246
115,20,layer2.0.conv2,0.0555616
115,21,layer2.1.conv1,0.0431309
115,22,layer2.1.conv2,0.0392529
115,23,layer2.2.conv1,0.0409069
115,24,layer2.2.conv2,0.0372865
115,25,layer2.3.conv1,0.0419438
115,26,layer2.3.conv2,0.0379418
115,27,layer2.4.conv1,0.0436207
115,28,layer2.4.conv2,0.0368911
115,29,layer2.5.conv1,0.0417482
115,30,layer2.5.conv2,0.0353406
115,31,layer2.6.conv1,0.0417029
115,32,layer2.6.conv2,0.0362903
115,33,layer2.7.conv1,0.0457491
115,34,layer2.7.conv2,0.0372051
115,35,layer2.8.conv1,0.0554767
115,36,layer2.8.conv2,0.0440408
115,37,layer3.0.conv1,0.069784
115,38,layer3.0.conv2,0.0890228
115,39,layer3.1.conv1,0.076351
115,40,layer3.1.conv2,0.0789424
115,41,layer3.2.conv1,0.0828329
115,42,layer3.2.conv2,0.0752063
115,43,layer3.3.conv1,0.0749081
115,44,layer3.3.conv2,0.0680102
115,45,layer3.4.conv1,0.0817791
115,46,layer3.4.conv2,0.0698576
115,47,layer3.5.conv1,0.0838509
115,48,layer3.5.conv2,0.0653389
115,49,layer3.6.conv1,0.0830091
115,50,layer3.6.conv2,0.0627567
115,51,layer3.7.conv1,0.0770126
115,52,layer3.7.conv2,0.0581952
115,53,layer3.8.conv1,0.0782784
115,54,layer3.8.conv2,0.0403449
116,0,conv1,0.0507181
116,1,layer1.0.conv1,0.0241821
116,2,layer1.0.conv2,0.0225161
116,3,layer1.1.conv1,0.0272848
116,4,layer1.1.conv2,0.0234883
116,5,layer1.2.conv1,0.0191097
116,6,layer1.2.conv2,0.0173828
116,7,layer1.3.conv1,0.0194955
116,8,layer1.3.conv2,0.0168462
116,9,layer1.4.conv1,0.024368
116,10,layer1.4.conv2,0.0245804
116,11,layer1.5.conv1,0.028164
116,12,layer1.5.conv2,0.0253686
116,13,layer1.6.conv1,0.0303578
116,14,layer1.6.conv2,0.0275197
116,15,layer1.7.conv1,0.0290261
116,16,layer1.7.conv2,0.0289385
116,17,layer1.8.conv1,0.0412202
116,18,layer1.8.conv2,0.0335571
116,19,layer2.0.conv1,0.0570672
116,20,layer2.0.conv2,0.0665756
116,21,layer2.1.conv1,0.0510364
116,22,layer2.1.conv2,0.0448315
116,23,layer2.2.conv1,0.0463841
116,24,layer2.2.conv2,0.0412809
116,25,layer2.3.conv1,0.0504958
116,26,layer2.3.conv2,0.0459434
116,27,layer2.4.conv1,0.0483531
116,28,layer2.4.conv2,0.0410861
116,29,layer2.5.conv1,0.054636
116,30,layer2.5.conv2,0.0471646
116,31,layer2.6.conv1,0.0529028
116,32,layer2.6.conv2,0.0441759
116,33,layer2.7.conv1,0.0542228
116,34,layer2.7.conv2,0.0436717
116,35,layer2.8.conv1,0.0665246
116,36,layer2.8.conv2,0.0533231
116,37,layer3.0.conv1,0.0828619
116,38,layer3.0.conv2,0.105576
116,39,layer3.1.conv1,0.0920261
116,40,layer3.1.conv2,0.0956398
116,41,layer3.2.conv1,0.0986813
116,42,layer3.2.conv2,0.0939057
116,43,layer3.3.conv1,0.0939998
116,44,layer3.3.conv2,0.0802221
116,45,layer3.4.conv1,0.100804
116,46,layer3.4.conv2,0.0806573
116,47,layer3.5.conv1,0.100961
116,48,layer3.5.conv2,0.0749952
116,49,layer3.6.conv1,0.0984793
116,50,layer3.6.conv2,0.0724271
116,51,layer3.7.conv1,0.0869336
116,52,layer3.7.conv2,0.06733
116,53,layer3.8.conv1,0.0871549
116,54,layer3.8.conv2,0.0436736
117,0,conv1,0.0509237
117,1,layer1.0.conv1,0.0242006
117,2,layer1.0.conv2,0.0229058
117,3,layer1.1.conv1,0.0258646
117,4,layer1.1.conv2,0.0234511
117,5,layer1.2.conv1,0.0208354
117,6,layer1.2.conv2,0.0187305
117,7,layer1.3.conv1,0.0207413
117,8,layer1.3.conv2,0.0178246
117,9,layer1.4.conv1,0.0230544
117,10,layer1.4.conv2,0.0230884
117,11,layer1.5.conv1,0.02672
117,12,layer1.5.conv2,0.0251983
117,13,layer1.6.conv1,0.029213
117,14,layer1.6.conv2,0.0276418
117,15,layer1.7.conv1,0.0280666
117,16,layer1.7.conv2,0.0280983
117,17,layer1.8.conv1,0.0395678
117,18,layer1.8.conv2,0.0330751
117,19,layer2.0.conv1,0.0533727
117,20,layer2.0.conv2,0.0638871
117,21,layer2.1.conv1,0.0492089
117,22,layer2.1.conv2,0.04256
117,23,layer2.2.conv1,0.0458421
117,24,layer2.2.conv2,0.0408606
117,25,layer2.3.conv1,0.048501
117,26,layer2.3.conv2,0.0431375
117,27,layer2.4.conv1,0.0479577
117,28,layer2.4.conv2,0.0413657
117,29,layer2.5.conv1,0.0507486
117,30,layer2.5.conv2,0.0417981
117,31,layer2.6.conv1,0.0485242
117,32,layer2.6.conv2,0.0413489
117,33,layer2.7.conv1,0.0511483
117,34,layer2.7.conv2,0.0407475
117,35,layer2.8.conv1,0.0649351
117,36,layer2.8.conv2,0.0494459
117,37,layer3.0.conv1,0.0790025
117,38,layer3.0.conv2,0.0978507
117,39,layer3.1.conv1,0.0821223
117,40,layer3.1.conv2,0.0810888
117,41,layer3.2.conv1,0.0897337
117,42,layer3.2.conv2,0.0827327
117,43,layer3.3.conv1,0.0829815
117,44,layer3.3.conv2,0.0717191
117,45,layer3.4.conv1,0.0878271
117,46,layer3.4.conv2,0.0729551
117,47,layer3.5.conv1,0.0891378
117,48,layer3.5.conv2,0.0683864
117,49,layer3.6.conv1,0.0903974
117,50,layer3.6.conv2,0.0677132
117,51,layer3.7.conv1,0.0794032
117,52,layer3.7.conv2,0.0612583
117,53,layer3.8.conv1,0.0802047
117,54,layer3.8.conv2,0.0416144
118,0,conv1,0.0551096
118,1,layer1.0.conv1,0.0247432
118,2,layer1.0.conv2,0.0232031
118,3,layer1.1.conv1,0.0300765
118,4,layer1.1.conv2,0.0245588
118,5,layer1.2.conv1,0.0210605
118,6,layer1.2.conv2,0.0199179
118,7,layer1.3.conv1,0.0219298
118,8,layer1.3.conv2,0.0198679
118,9,layer1.4.conv1,0.0262252
118,10,layer1.4.conv2,0.0266395
118,11,layer1.5.conv1,0.0321961
118,12,layer1.5.conv2,0.0286683
118,13,layer1.6.conv1,0.0340382
118,14,layer1.6.conv2,0.0306207
118,15,layer1.7.conv1,0.0323375
118,16,layer1.7.conv2,0.0302237
118,17,layer1.8.conv1,0.0473382
118,18,layer1.8.conv2,0.0376501
118,19,layer2.0.conv1,0.0614636
118,20,layer2.0.conv2,0.0687003
118,21,layer2.1.conv1,0.0526064
118,22,layer2.1.conv2,0.0481225
118,23,layer2.2.conv1,0.0494616
118,24,layer2.2.conv2,0.0444631
118,25,layer2.3.conv1,0.0546228
118,26,layer2.3.conv2,0.0490448
118,27,layer2.4.conv1,0.051358
118,28,layer2.4.conv2,0.0438633
118,29,layer2.5.conv1,0.053378
118,30,layer2.5.conv2,0.0463048
118,31,layer2.6.conv1,0.0553517
118,32,layer2.6.conv2,0.0479947
118,33,layer2.7.conv1,0.0594221
118,34,layer2.7.conv2,0.0491829
118,35,layer2.8.conv1,0.0723251
118,36,layer2.8.conv2,0.0551195
118,37,layer3.0.conv1,0.0897177
118,38,layer3.0.conv2,0.115221
118,39,layer3.1.conv1,0.0981059
118,40,layer3.1.conv2,0.0979977
118,41,layer3.2.conv1,0.110197
118,42,layer3.2.conv2,0.100597
118,43,layer3.3.conv1,0.0986058
118,44,layer3.3.conv2,0.0914276
118,45,layer3.4.conv1,0.107128
118,46,layer3.4.conv2,0.0873673
118,47,layer3.5.conv1,0.106173
118,48,layer3.5.conv2,0.0828732
118,49,layer3.6.conv1,0.108218
118,50,layer3.6.conv2,0.0806803
118,51,layer3.7.conv1,0.0987283
118,52,layer3.7.conv2,0.0737304
118,53,layer3.8.conv1,0.100804
118,54,layer3.8.conv2,0.0536357
119,0,conv1,0.0530521
119,1,layer1.0.conv1,0.0239978
119,2,layer1.0.conv2,0.0219425
119,3,layer1.1.conv1,0.0283805
119,4,layer1.1.conv2,0.0239011
119,5,layer1.2.conv1,0.0192703
119,6,layer1.2.conv2,0.0180872
119,7,layer1.3.conv1,0.0224173
119,8,layer1.3.conv2,0.0187432
119,9,layer1.4.conv1,0.0261016
119,10,layer1.4.conv2,0.0257163
119,11,layer1.5.conv1,0.0294295
119,12,layer1.5.conv2,0.0281644
119,13,layer1.6.conv1,0.0324025
119,14,layer1.6.conv2,0.0294647
119,15,layer1.7.conv1,0.0306085
119,16,layer1.7.conv2,0.0290821
119,17,layer1.8.conv1,0.0426828
119,18,layer1.8.conv2,0.0350728
119,19,layer2.0.conv1,0.0554784
119,20,layer2.0.conv2,0.0659458
119,21,layer2.1.conv1,0.0522639
119,22,layer2.1.conv2,0.049294
119,23,layer2.2.conv1,0.0473965
119,24,layer2.2.conv2,0.0420778
119,25,layer2.3.conv1,0.0523801
119,26,layer2.3.conv2,0.0457417
119,27,layer2.4.conv1,0.0481411
119,28,layer2.4.conv2,0.0430062
119,29,layer2.5.conv1,0.0535712
119,30,layer2.5.conv2,0.0448374
119,31,layer2.6.conv1,0.0491841
119,32,layer2.6.conv2,0.0427368
119,33,layer2.7.conv1,0.0548712
119,34,layer2.7.conv2,0.0424734
119,35,layer2.8.conv1,0.0649453
119,36,layer2.8.conv2,0.0515332
119,37,layer3.0.conv1,0.0817162
119,38,layer3.0.conv2,0.105374
119,39,layer3.1.conv1,0.0932095
119,40,layer3.1.conv2,0.0950843
119,41,layer3.2.conv1,0.0989116
119,42,layer3.2.conv2,0.0893958
119,43,layer3.3.conv1,0.0974698
119,44,layer3.3.conv2,0.0828148
119,45,layer3.4.conv1,0.0973069
119,46,layer3.4.conv2,0.0791887
119,47,layer3.5.conv1,0.100526
119,48,layer3.5.conv2,0.0776547
119,49,layer3.6.conv1,0.0954037
119,50,layer3.6.conv2,0.0729426
119,51,layer3.7.conv1,0.0908692
119,52,layer3.7.conv2,0.067255
119,53,layer3.8.conv1,0.0881308
119,54,layer3.8.conv2,0.0478396
120,0,conv1,0.0481891
120,1,layer1.0.conv1,0.0237852
120,2,layer1.0.conv2,0.0213825
120,3,layer1.1.conv1,0.0263848
120,4,layer1.1.conv2,0.0234979
120,5,layer1.2.conv1,0.0177068
120,6,layer1.2.conv2,0.0181147
120,7,layer1.3.conv1,0.0196618
120,8,layer1.3.conv2,0.0179125
120,9,layer1.4.conv1,0.0250938
120,10,layer1.4.conv2,0.0251927
120,11,layer1.5.conv1,0.0293621
120,12,layer1.5.conv2,0.0278842
120,13,layer1.6.conv1,0.0322422
120,14,layer1.6.conv2,0.0286514
120,15,layer1.7.conv1,0.0304179
120,16,layer1.7.conv2,0.0283436
120,17,layer1.8.conv1,0.0451411
120,18,layer1.8.conv2,0.0343483
120,19,layer2.0.conv1,0.0573662
120,20,layer2.0.conv2,0.0655489
120,21,layer2.1.conv1,0.0476473
120,22,layer2.1.conv2,0.0463594
120,23,layer2.2.conv1,0.0474034
120,24,layer2.2.conv2,0.0428302
120,25,layer2.3.conv1,0.0523124
120,26,layer2.3.conv2,0.0454771
120,27,layer2.4.conv1,0.050102
120,28,layer2.4.conv2,0.0437672
120,29,layer2.5.conv1,0.0523671
120,30,layer2.5.conv2,0.0440763
120,31,layer2.6.conv1,0.0510394
120,32,layer2.6.conv2,0.0439904
120,33,layer2.7.conv1,0.056816
120,34,layer2.7.conv2,0.0446872
120,35,layer2.8.conv1,0.0661339
120,36,layer2.8.conv2,0.0504685
120,37,layer3.0.conv1,0.0822517
120,38,layer3.0.conv2,0.107012
120,39,layer3.1.conv1,0.0911617
120,40,layer3.1.conv2,0.0934644
120,41,layer3.2.conv1,0.101082
120,42,layer3.2.conv2,0.093967
120,43,layer3.3.conv1,0.0938761
120,44,layer3.3.conv2,0.078792
120,45,layer3.4.conv1,0.100247
120,46,layer3.4.conv2,0.0837454
120,47,layer3.5.conv1,0.102198
120,48,layer3.5.conv2,0.0787314
120,49,layer3.6.conv1,0.0983702
120,50,layer3.6.conv2,0.0748589
120,51,layer3.7.conv1,0.0879421
120,52,layer3.7.conv2,0.067138
120,53,layer3.8.conv1,0.0887623
120,54,layer3.8.conv2,0.0458457
121,0,conv1,0.0428341
121,1,layer1.0.conv1,0.0174426
121,2,layer1.0.conv2,0.0159927
121,3,layer1.1.conv1,0.0224693
121,4,layer1.1.conv2,0.0192498
121,5,layer1.2.conv1,0.0136654
121,6,layer1.2.conv2,0.0128589
121,7,layer1.3.conv1,0.0141269
121,8,layer1.3.conv2,0.0128123
121,9,layer1.4.conv1,0.0196258
121,10,layer1.4.conv2,0.0189307
121,11,layer1.5.conv1,0.0223303
121,12,layer1.5.conv2,0.0208957
121,13,layer1.6.conv1,0.0253553
121,14,layer1.6.conv2,0.0224868
121,15,layer1.7.conv1,0.0234796
121,16,layer1.7.conv2,0.0220846
121,17,layer1.8.conv1,0.0359353
121,18,layer1.8.conv2,0.0273665
121,19,layer2.0.conv1,0.0453337
121,20,layer2.0.conv2,0.0508286
121,21,layer2.1.conv1,0.0386466
121,22,layer2.1.conv2,0.0366304
121,23,layer2.2.conv1,0.0366222
121,24,layer2.2.conv2,0.0340072
121,25,layer2.3.conv1,0.0399223
121,26,layer2.3.conv2,0.0357544
121,27,layer2.4.conv1,0.039346
121,28,layer2.4.conv2,0.0341945
121,29,layer2.5.conv1,0.0396659
121,30,layer2.5.conv2,0.0345887
121,31,layer2.6.conv1,0.0403201
121,32,layer2.6.conv2,0.0345929
121,33,layer2.7.conv1,0.0421186
121,34,layer2.7.conv2,0.0340804
121,35,layer2.8.conv1,0.0511422
121,36,layer2.8.conv2,0.0404536
121,37,layer3.0.conv1,0.0654419
121,38,layer3.0.conv2,0.0842547
121,39,layer3.1.conv1,0.0708253
121,40,layer3.1.conv2,0.0738439
121,41,layer3.2.conv1,0.076288
121,42,layer3.2.conv2,0.0690634
121,43,layer3.3.conv1,0.0738728
121,44,layer3.3.conv2,0.0685111
121,45,layer3.4.conv1,0.0766138
121,46,layer3.4.conv2,0.0652631
121,47,layer3.5.conv1,0.0821713
121,48,layer3.5.conv2,0.0636518
121,49,layer3.6.conv1,0.0784944
121,50,layer3.6.conv2,0.0591403
121,51,layer3.7.conv1,0.0713126
121,52,layer3.7.conv2,0.0542074
121,53,layer3.8.conv1,0.0702917
121,54,layer3.8.conv2,0.0374904
122,0,conv1,0.0364449
122,1,layer1.0.conv1,0.0169003
122,2,layer1.0.conv2,0.0154531
122,3,layer1.1.conv1,0.0201205
122,4,layer1.1.conv2,0.018053
122,5,layer1.2.conv1,0.0142722
122,6,layer1.2.conv2,0.0131307
122,7,layer1.3.conv1,0.0144959
122,8,layer1.3.conv2,0.0125308
122,9,layer1.4.conv1,0.0184625
122,10,layer1.4.conv2,0.0184328
122,11,layer1.5.conv1,0.0203968
122,12,layer1.5.conv2,0.0197625
122,13,layer1.6.conv1,0.0224755
122,14,layer1.6.conv2,0.0217772
122,15,layer1.7.conv1,0.0215341
122,16,layer1.7.conv2,0.0212689
122,17,layer1.8.conv1,0.0309738
122,18,layer1.8.conv2,0.0272953
122,19,layer2.0.conv1,0.0416533
122,20,layer2.0.conv2,0.0505372
122,21,layer2.1.conv1,0.0385853
122,22,layer2.1.conv2,0.0357112
122,23,layer2.2.conv1,0.0345908
122,24,layer2.2.conv2,0.031904
122,25,layer2.3.conv1,0.0383453
122,26,layer2.3.conv2,0.0354831
122,27,layer2.4.conv1,0.0399203
122,28,layer2.4.conv2,0.0336424
122,29,layer2.5.conv1,0.0403625
122,30,layer2.5.conv2,0.0332606
122,31,layer2.6.conv1,0.0387401
122,32,layer2.6.conv2,0.0328265
122,33,layer2.7.conv1,0.0432966
122,34,layer2.7.conv2,0.0328142
122,35,layer2.8.conv1,0.0504864
122,36,layer2.8.conv2,0.0406749
122,37,layer3.0.conv1,0.0624874
122,38,layer3.0.conv2,0.0789987
122,39,layer3.1.conv1,0.065962
122,40,layer3.1.conv2,0.0692561
122,41,layer3.2.conv1,0.0709555
122,42,layer3.2.conv2,0.0657862
122,43,layer3.3.conv1,0.0697665
122,44,layer3.3.conv2,0.0609122
122,45,layer3.4.conv1,0.0716365
122,46,layer3.4.conv2,0.0605273
122,47,layer3.5.conv1,0.075722
122,48,layer3.5.conv2,0.0600207
122,49,layer3.6.conv1,0.0779841
122,50,layer3.6.conv2,0.0545425
122,51,layer3.7.conv1,0.0690261
122,52,layer3.7.conv2,0.0512686
122,53,layer3.8.conv1,0.0643486
122,54,layer3.8.conv2,0.0334435
123,0,conv1,0.0329016
123,1,layer1.0.conv1,0.0144443
123,2,layer1.0.conv2,0.0140456
123,3,layer1.1.conv1,0.0185563
123,4,layer1.1.conv2,0.0150241
123,5,layer1.2.conv1,0.012865
123,6,layer1.2.conv2,0.0118962
123,7,layer1.3.conv1,0.0128741
123,8,layer1.3.conv2,0.0108428
123,9,layer1.4.conv1,0.0171034
123,10,layer1.4.conv2,0.016009
123,11,layer1.5.conv1,0.0190652
123,12,layer1.5.conv2,0.0174562
123,13,layer1.6.conv1,0.0193194
123,14,layer1.6.conv2,0.0178148
123,15,layer1.7.conv1,0.01871
123,16,layer1.7.conv2,0.0178674
123,17,layer1.8.conv1,0.0282706
123,18,layer1.8.conv2,0.0227485
123,19,layer2.0.conv1,0.0369497
123,20,layer2.0.conv2,0.0412999
123,21,layer2.1.conv1,0.0301429
123,22,layer2.1.conv2,0.0285927
123,23,layer2.2.conv1,0.0280115
123,24,layer2.2.conv2,0.0262656
123,25,layer2.3.conv1,0.0307485
123,26,layer2.3.conv2,0.0282313
123,27,layer2.4.conv1,0.0302782
123,28,layer2.4.conv2,0.0262056
123,29,layer2.5.conv1,0.0306447
123,30,layer2.5.conv2,0.0268291
123,31,layer2.6.conv1,0.0328079
123,32,layer2.6.conv2,0.0282893
123,33,layer2.7.conv1,0.0351549
123,34,layer2.7.conv2,0.0277009
123,35,layer2.8.conv1,0.0395127
123,36,layer2.8.conv2,0.0312494
123,37,layer3.0.conv1,0.0509253
123,38,layer3.0.conv2,0.0662672
123,39,layer3.1.conv1,0.057585
123,40,layer3.1.conv2,0.0585631
123,41,layer3.2.conv1,0.0615679
123,42,layer3.2.conv2,0.0560421
123,43,layer3.3.conv1,0.0633511
123,44,layer3.3.conv2,0.0555964
123,45,layer3.4.conv1,0.0637859
123,46,layer3.4.conv2,0.0529068
123,47,layer3.5.conv1,0.06371
123,48,layer3.5.conv2,0.0481248
123,49,layer3.6.conv1,0.0624637
123,50,layer3.6.conv2,0.0467197
123,51,layer3.7.conv1,0.0573389
123,52,layer3.7.conv2,0.0423875
123,53,layer3.8.conv1,0.0579729
123,54,layer3.8.conv2,0.0301411
124,0,conv1,0.0540712
124,1,layer1.0.conv1,0.0234464
124,2,layer1.0.conv2,0.0221556
124,3,layer1.1.conv1,0.0279834
124,4,layer1.1.conv2,0.024052
124,5,layer1.2.conv1,0.0189598
124,6,layer1.2.conv2,0.01893
124,7,layer1.3.conv1,0.0196936
124,8,layer1.3.conv2,0.0184578
124,9,layer1.4.conv1,0.0251268
124,10,layer1.4.conv2,0.0235051
124,11,layer1.5.conv1,0.0297877
124,12,layer1.5.conv2,0.027573
124,13,layer1.6.conv1,0.0307081
124,14,layer1.6.conv2,0.0290296
124,15,layer1.7.conv1,0.0302423
124,16,layer1.7.conv2,0.0279362
124,17,layer1.8.conv1,0.0428121
124,18,layer1.8.conv2,0.0346493
124,19,layer2.0.conv1,0.0564933
124,20,layer2.0.conv2,0.0658017
124,21,layer2.1.conv1,0.0493276
124,22,layer2.1.conv2,0.0468695
124,23,layer2.2.conv1,0.0448205
124,24,layer2.2.conv2,0.0410767
124,25,layer2.3.conv1,0.0523935
124,26,layer2.3.conv2,0.0461661
124,27,layer2.4.conv1,0.0496296
124,28,layer2.4.conv2,0.0425352
124,29,layer2.5.conv1,0.0532137
124,30,layer2.5.conv2,0.0448424
124,31,layer2.6.conv1,0.0503012
124,32,layer2.6.conv2,0.0440367
124,33,layer2.7.conv1,0.0563905
124,34,layer2.7.conv2,0.0447116
124,35,layer2.8.conv1,0.0641446
124,36,layer2.8.conv2,0.0505723
124,37,layer3.0.conv1,0.0830342
124,38,layer3.0.conv2,0.105499
124,39,layer3.1.conv1,0.0916516
124,40,layer3.1.conv2,0.0895548
124,41,layer3.2.conv1,0.0965849
124,42,layer3.2.conv2,0.0878328
124,43,layer3.3.conv1,0.0941944
124,44,layer3.3.conv2,0.0842795
124,45,layer3.4.conv1,0.094983
124,46,layer3.4.conv2,0.0789555
124,47,layer3.5.conv1,0.0985723
124,48,layer3.5.conv2,0.0764961
124,49,layer3.6.conv1,0.0950676
124,50,layer3.6.conv2,0.0719828
124,51,layer3.7.conv1,0.0888841
124,52,layer3.7.conv2,0.0674174
124,53,layer3.8.conv1,0.0832945
124,54,layer3.8.conv2,0.0413009
125,0,conv1,0.0390967
125,1,layer1.0.conv1,0.0180231
125,2,layer1.0.conv2,0.0161084
125,3,layer1.1.conv1,0.0199468
125,4,layer1.1.conv2,0.0167162
125,5,layer1.2.conv1,0.0136457
125,6,layer1.2.conv2,0.0127578
125,7,layer1.3.conv1,0.0146675
125,8,layer1.3.conv2,0.0127978
125,9,layer1.4.conv1,0.0183277
125,10,layer1.4.conv2,0.017512
125,11,layer1.5.conv1,0.0204185
125,12,layer1.5.conv2,0.0187886
125,13,layer1.6.conv1,0.0214972
125,14,layer1.6.conv2,0.0209631
125,15,layer1.7.conv1,0.0214681
125,16,layer1.7.conv2,0.0208511
125,17,layer1.8.conv1,0.0304534
125,18,layer1.8.conv2,0.0266728
125,19,layer2.0.conv1,0.0417475
125,20,layer2.0.conv2,0.0476175
125,21,layer2.1.conv1,0.0360537
125,22,layer2.1.conv2,0.0345612
125,23,layer2.2.conv1,0.034185
125,24,layer2.2.conv2,0.0309166
125,25,layer2.3.conv1,0.0375233
125,26,layer2.3.conv2,0.0338999
125,27,layer2.4.conv1,0.0368636
125,28,layer2.4.conv2,0.0319438
125,29,layer2.5.conv1,0.038202
125,30,layer2.5.conv2,0.0326224
125,31,layer2.6.conv1,0.0363461
125,32,layer2.6.conv2,0.0338604
125,33,layer2.7.conv1,0.0429969
125,34,layer2.7.conv2,0.0340658
125,35,layer2.8.conv1,0.0483794
125,36,layer2.8.conv2,0.0387331
125,37,layer3.0.conv1,0.0612208
125,38,layer3.0.conv2,0.0772182
125,39,layer3.1.conv1,0.0649851
125,40,layer3.1.conv2,0.0675081
125,41,layer3.2.conv1,0.0712937
125,42,layer3.2.conv2,0.0664331
125,43,layer3.3.conv1,0.0702867
125,44,layer3.3.conv2,0.063919
125,45,layer3.4.conv1,0.0758066
125,46,layer3.4.conv2,0.0618961
125,47,layer3.5.conv1,0.0778711
125,48,layer3.5.conv2,0.0588378
125,49,layer3.6.conv1,0.0730297
125,50,layer3.6.conv2,0.05296
125,51,layer3.7.conv1,0.0668904
125,52,layer3.7.conv2,0.0473996
125,53,layer3.8.conv1,0.0620092
125,54,layer3.8.conv2,0.0309726
126,0,conv1,0.0406913
126,1,layer1.0.conv1,0.0185871
126,2,layer1.0.conv2,0.0173021
126,3,layer1.1.conv1,0.0214033
126,4,layer1.1.conv2,0.018991
126,5,layer1.2.conv1,0.0145117
126,6,layer1.2.conv2,0.0137033
126,7,layer1.3.conv1,0.0144095
126,8,layer1.3.conv2,0.0132793
126,9,layer1.4.conv1,0.0187701
126,10,layer1.4.conv2,0.0184828
126,11,layer1.5.conv1,0.0212838
126,12,layer1.5.conv2,0.0197477
126,13,layer1.6.conv1,0.0227772
126,14,layer1.6.conv2,0.0216101
126,15,layer1.7.conv1,0.0224305
126,16,layer1.7.conv2,0.0225605
126,17,layer1.8.conv1,0.0322384
126,18,layer1.8.conv2,0.0255548
126,19,layer2.0.conv1,0.0426462
126,20,layer2.0.conv2,0.0492201
126,21,layer2.1.conv1,0.0372943
126,22,layer2.1.conv2,0.0337332
126,23,layer2.2.conv1,0.0351208
126,24,layer2.2.conv2,0.0320203
126,25,layer2.3.conv1,0.0381975
126,26,layer2.3.conv2,0.0347828
126,27,layer2.4.conv1,0.0377686
126,28,layer2.4.conv2,0.0315227
126,29,layer2.5.conv1,0.0387746
126,30,layer2.5.conv2,0.0322271
126,31,layer2.6.conv1,0.0362305
126,32,layer2.6.conv2,0.0317677
126,33,layer2.7.conv1,0.0401614
126,34,layer2.7.conv2,0.0326011
126,35,layer2.8.conv1,0.0472243
126,36,layer2.8.conv2,0.0384442
126,37,layer3.0.conv1,0.0602863
126,38,layer3.0.conv2,0.0782029
126,39,layer3.1.conv1,0.0668674
126,40,layer3.1.conv2,0.0667383
126,41,layer3.2.conv1,0.0749552
126,42,layer3.2.conv2,0.0682987
126,43,layer3.3.conv1,0.0688748
126,44,layer3.3.conv2,0.0588953
126,45,layer3.4.conv1,0.0720595
126,46,layer3.4.conv2,0.0588596
126,47,layer3.5.conv1,0.0757458
126,48,layer3.5.conv2,0.0576381
126,49,layer3.6.conv1,0.0730912
126,50,layer3.6.conv2,0.0553803
126,51,layer3.7.conv1,0.0668655
126,52,layer3.7.conv2,0.0521086
126,53,layer3.8.conv1,0.0645284
126,54,layer3.8.conv2,0.033581
127,0,conv1,0.0374043
127,1,layer1.0.conv1,0.016875
127,2,layer1.0.conv2,0.0151067
127,3,layer1.1.conv1,0.0182566
127,4,layer1.1.conv2,0.0156936
127,5,layer1.2.conv1,0.0129685
127,6,layer1.2.conv2,0.0136643
127,7,layer1.3.conv1,0.0132512
127,8,layer1.3.conv2,0.0118234
127,9,layer1.4.conv1,0.0173274
127,10,layer1.4.conv2,0.0176466
127,11,layer1.5.conv1,0.0196665
127,12,layer1.5.conv2,0.0197031
127,13,layer1.6.conv1,0.0214575
127,14,layer1.6.conv2,0.020691
127,15,layer1.7.conv1,0.0202259
127,16,layer1.7.conv2,0.0195943
127,17,layer1.8.conv1,0.0305172
127,18,layer1.8.conv2,0.024772
127,19,layer2.0.conv1,0.0391076
127,20,layer2.0.conv2,0.0452826
127,21,layer2.1.conv1,0.0335325
127,22,layer2.1.conv2,0.032255
127,23,layer2.2.conv1,0.0318473
127,24,layer2.2.conv2,0.0298734
127,25,layer2.3.conv1,0.0362638
127,26,layer2.3.conv2,0.032671
127,27,layer2.4.conv1,0.035606
127,28,layer2.4.conv2,0.0306552
127,29,layer2.5.conv1,0.0367589
127,30,layer2.5.conv2,0.0318282
127,31,layer2.6.conv1,0.0353867
127,32,layer2.6.conv2,0.0304735
127,33,layer2.7.conv1,0.0383859
127,34,layer2.7.conv2,0.0302781
127,35,layer2.8.conv1,0.0452458
127,36,layer2.8.conv2,0.0367083
127,37,layer3.0.conv1,0.0565054
127,38,layer3.0.conv2,0.0725552
127,39,layer3.1.conv1,0.0585604
127,40,layer3.1.conv2,0.0591872
127,41,layer3.2.conv1,0.0648676
127,42,layer3.2.conv2,0.0598266
127,43,layer3.3.conv1,0.0647204
127,44,layer3.3.conv2,0.0592482
127,45,layer3.4.conv1,0.0667983
127,46,layer3.4.conv2,0.0563706
127,47,layer3.5.conv1,0.0706197
127,48,layer3.5.conv2,0.0550573
127,49,layer3.6.conv1,0.0718421
127,50,layer3.6.conv2,0.0517184
127,51,layer3.7.conv1,0.0649437
127,52,layer3.7.conv2,0.0478876
127,53,layer3.8.conv1,0.0613321
127,54,layer3.8.conv2,0.0323055
128,0,conv1,0.0287687
128,1,layer1.0.conv1,0.0136934
128,2,layer1.0.conv2,0.0128064
128,3,layer1.1.conv1,0.0173302
128,4,layer1.1.conv2,0.0140479
128,5,layer1.2.conv1,0.0113893
128,6,layer1.2.conv2,0.0103204
128,7,layer1.3.conv1,0.0122994
128,8,layer1.3.conv2,0.0104969
128,9,layer1.4.conv1,0.0155177
128,10,layer1.4.conv2,0.0151975
128,11,layer1.5.conv1,0.0177725
128,12,layer1.5.conv2,0.0164758
128,13,layer1.6.conv1,0.0190346
128,14,layer1.6.conv2,0.0174797
128,15,layer1.7.conv1,0.0175228
128,16,layer1.7.conv2,0.0178464
128,17,layer1.8.conv1,0.0247187
128,18,layer1.8.conv2,0.021653
128,19,layer2.0.conv1,0.0350908
128,20,layer2.0.conv2,0.0416067
128,21,layer2.1.conv1,0.030132
128,22,layer2.1.conv2,0.0287497
128,23,layer2.2.conv1,0.0295314
128,24,layer2.2.conv2,0.0258473
128,25,layer2.3.conv1,0.0325466
128,26,layer2.3.conv2,0.0284021
128,27,layer2.4.conv1,0.0318568
128,28,layer2.4.conv2,0.0262516
128,29,layer2.5.conv1,0.032063
128,30,layer2.5.conv2,0.0273444
128,31,layer2.6.conv1,0.0301083
128,32,layer2.6.conv2,0.0269276
128,33,layer2.7.conv1,0.0341535
128,34,layer2.7.conv2,0.0274154
128,35,layer2.8.conv1,0.0405431
128,36,layer2.8.conv2,0.0316692
128,37,layer3.0.conv1,0.0491915
128,38,layer3.0.conv2,0.0636985
128,39,layer3.1.conv1,0.0529772
128,40,layer3.1.conv2,0.0541008
128,41,layer3.2.conv1,0.0575776
128,42,layer3.2.conv2,0.0526908
128,43,layer3.3.conv1,0.0582888
128,44,layer3.3.conv2,0.0534042
128,45,layer3.4.conv1,0.0581138
128,46,layer3.4.conv2,0.0497381
128,47,layer3.5.conv1,0.0624246
128,48,layer3.5.conv2,0.0524994
128,49,layer3.6.conv1,0.0642522
128,50,layer3.6.conv2,0.0467493
128,51,layer3.7.conv1,0.0571011
128,52,layer3.7.conv2,0.0442838
128,53,layer3.8.conv1,0.0549842
128,54,layer3.8.conv2,0.0283735
129,0,conv1,0.0268065
129,1,layer1.0.conv1,0.0110781
129,2,layer1.0.conv2,0.0104678
129,3,layer1.1.conv1,0.0138532
129,4,layer1.1.conv2,0.0113162
129,5,layer1.2.conv1,0.00965626
129,6,layer1.2.conv2,0.00878615
129,7,layer1.3.conv1,0.00985089
129,8,layer1.3.conv2,0.00859687
129,9,layer1.4.conv1,0.0123382
129,10,layer1.4.conv2,0.0113407
129,11,layer1.5.conv1,0.0134316
129,12,layer1.5.conv2,0.0123082
129,13,layer1.6.conv1,0.0142463
129,14,layer1.6.conv2,0.0133769
129,15,layer1.7.conv1,0.0137641
129,16,layer1.7.conv2,0.01328
129,17,layer1.8.conv1,0.0193306
129,18,layer1.8.conv2,0.0162698
129,19,layer2.0.conv1,0.0276392
129,20,layer2.0.conv2,0.0316887
129,21,layer2.1.conv1,0.0227705
129,22,layer2.1.conv2,0.0215059
129,23,layer2.2.conv1,0.0210057
129,24,layer2.2.conv2,0.0198325
129,25,layer2.3.conv1,0.0245903
129,26,layer2.3.conv2,0.0217425
129,27,layer2.4.conv1,0.0225805
129,28,layer2.4.conv2,0.0206078
129,29,layer2.5.conv1,0.0247019
129,30,layer2.5.conv2,0.0209292
129,31,layer2.6.conv1,0.0243202
129,32,layer2.6.conv2,0.020689
129,33,layer2.7.conv1,0.0269445
129,34,layer2.7.conv2,0.0209889
129,35,layer2.8.conv1,0.0300019
129,36,layer2.8.conv2,0.0242323
129,37,layer3.0.conv1,0.0384869
129,38,layer3.0.conv2,0.049996
129,39,layer3.1.conv1,0.04302
129,40,layer3.1.conv2,0.0453744
129,41,layer3.2.conv1,0.0456805
129,42,layer3.2.conv2,0.0423678
129,43,layer3.3.conv1,0.0461371
129,44,layer3.3.conv2,0.0412687
129,45,layer3.4.conv1,0.0458846
129,46,layer3.4.conv2,0.0387428
129,47,layer3.5.conv1,0.0495368
129,48,layer3.5.conv2,0.03851
129,49,layer3.6.conv1,0.0480288
129,50,layer3.6.conv2,0.0368003
129,51,layer3.7.conv1,0.0453381
129,52,layer3.7.conv2,0.0344754
129,53,layer3.8.conv1,0.0440382
129,54,layer3.8.conv2,0.0237432
130,0,conv1,0.0273015
130,1,layer1.0.conv1,0.0128844
130,2,layer1.0.conv2,0.0119663
130,3,layer1.1.conv1,0.0152719
130,4,layer1.1.conv2,0.0131876
130,5,layer1.2.conv1,0.0109891
130,6,layer1.2.conv2,0.00994114
130,7,layer1.3.conv1,0.0113279
130,8,layer1.3.conv2,0.00969
130,9,layer1.4.conv1,0.0136261
130,10,layer1.4.conv2,0.0132712
130,11,layer1.5.conv1,0.0155927
130,12,layer1.5.conv2,0.0144591
130,13,layer1.6.conv1,0.0151259
130,14,layer1.6.conv2,0.0139467
130,15,layer1.7.conv1,0.0155166
130,16,layer1.7.conv2,0.0134114
130,17,layer1.8.conv1,0.0220745
130,18,layer1.8.conv2,0.0181303
130,19,layer2.0.conv1,0.0295364
130,20,layer2.0.conv2,0.0343865
130,21,layer2.1.conv1,0.0253519
130,22,layer2.1.conv2,0.0241877
130,23,layer2.2.conv1,0.0246272
130,24,layer2.2.conv2,0.0230519
130,25,layer2.3.conv1,0.0275335
130,26,layer2.3.conv2,0.02432
130,27,layer2.4.conv1,0.0247811
130,28,layer2.4.conv2,0.0212654
130,29,layer2.5.conv1,0.0261194
130,30,layer2.5.conv2,0.0227316
130,31,layer2.6.conv1,0.0285578
130,32,layer2.6.conv2,0.0235709
130,33,layer2.7.conv1,0.029326
130,34,layer2.7.conv2,0.0230194
130,35,layer2.8.conv1,0.0326668
130,36,layer2.8.conv2,0.0260203
130,37,layer3.0.conv1,0.0429324
130,38,layer3.0.conv2,0.0557704
130,39,layer3.1.conv1,0.0481763
130,40,layer3.1.conv2,0.0480265
130,41,layer3.2.conv1,0.050635
130,42,layer3.2.conv2,0.0468856
130,43,layer3.3.conv1,0.0495006
130,44,layer3.3.conv2,0.0437541
130,45,layer3.4.conv1,0.0485974
130,46,layer3.4.conv2,0.0440765
130,47,layer3.5.conv1,0.054017
130,48,layer3.5.conv2,0.0417101
130,49,layer3.6.conv1,0.0492835
130,50,layer3.6.conv2,0.0379647
130,51,layer3.7.conv1,0.0486912
130,52,layer3.7.conv2,0.0367248
130,53,layer3.8.conv1,0.0480042
130,54,layer3.8.conv2,0.0247369
131,0,conv1,0.0367566
131,1,layer1.0.conv1,0.0158332
131,2,layer1.0.conv2,0.016149
131,3,layer1.1.conv1,0.0199209
131,4,layer1.1.conv2,0.0173987
131,5,layer1.2.conv1,0.0131317
131,6,layer1.2.conv2,0.0132659
131,7,layer1.3.conv1,0.0149033
131,8,layer1.3.conv2,0.0133058
131,9,layer1.4.conv1,0.0192469
131,10,layer1.4.conv2,0.0181205
131,11,layer1.5.conv1,0.0215577
131,12,layer1.5.conv2,0.0199693
131,13,layer1.6.conv1,0.0218712
131,14,layer1.6.conv2,0.0197384
131,15,layer1.7.conv1,0.0208506
131,16,layer1.7.conv2,0.0198259
131,17,layer1.8.conv1,0.0297606
131,18,layer1.8.conv2,0.0245255
131,19,layer2.0.conv1,0.039706
131,20,layer2.0.conv2,0.0452728
131,21,layer2.1.conv1,0.0345376
131,22,layer2.1.conv2,0.0316424
131,23,layer2.2.conv1,0.0331042
131,24,layer2.2.conv2,0.0289475
131,25,layer2.3.conv1,0.0356266
131,26,layer2.3.conv2,0.0304777
131,27,layer2.4.conv1,0.0320437
131,28,layer2.4.conv2,0.0280099
131,29,layer2.5.conv1,0.0337078
131,30,layer2.5.conv2,0.0300761
131,31,layer2.6.conv1,0.0345395
131,32,layer2.6.conv2,0.0303168
131,33,layer2.7.conv1,0.0385523
131,34,layer2.7.conv2,0.0306834
131,35,layer2.8.conv1,0.0439047
131,36,layer2.8.conv2,0.0332946
131,37,layer3.0.conv1,0.0545895
131,38,layer3.0.conv2,0.0694581
131,39,layer3.1.conv1,0.0588068
131,40,layer3.1.conv2,0.062686
131,41,layer3.2.conv1,0.0666416
131,42,layer3.2.conv2,0.0592282
131,43,layer3.3.conv1,0.0623564
131,44,layer3.3.conv2,0.0558332
131,45,layer3.4.conv1,0.0665865
131,46,layer3.4.conv2,0.0574811
131,47,layer3.5.conv1,0.0640546
131,48,layer3.5.conv2,0.0514157
131,49,layer3.6.conv1,0.0679198
131,50,layer3.6.conv2,0.0495317
131,51,layer3.7.conv1,0.0606011
131,52,layer3.7.conv2,0.044634
131,53,layer3.8.conv1,0.0601529
131,54,layer3.8.conv2,0.0307579
132,0,conv1,0.0256158
132,1,layer1.0.conv1,0.0118586
132,2,layer1.0.conv2,0.0109295
132,3,layer1.1.conv1,0.0142466
132,4,layer1.1.conv2,0.0121782
132,5,layer1.2.conv1,0.00957862
132,6,layer1.2.conv2,0.00938496
132,7,layer1.3.conv1,0.0100516
132,8,layer1.3.conv2,0.00879485
132,9,layer1.4.conv1,0.0124668
132,10,layer1.4.conv2,0.012934
132,11,layer1.5.conv1,0.0142022
132,12,layer1.5.conv2,0.0138016
132,13,layer1.6.conv1,0.0157422
132,14,layer1.6.conv2,0.0138559
132,15,layer1.7.conv1,0.0152829
132,16,layer1.7.conv2,0.0144319
132,17,layer1.8.conv1,0.0223263
132,18,layer1.8.conv2,0.0173785
132,19,layer2.0.conv1,0.0282818
132,20,layer2.0.conv2,0.0325362
132,21,layer2.1.conv1,0.0236905
132,22,layer2.1.conv2,0.0225865
132,23,layer2.2.conv1,0.0225752
132,24,layer2.2.conv2,0.0204007
132,25,layer2.3.conv1,0.0248826
132,26,layer2.3.conv2,0.0217641
132,27,layer2.4.conv1,0.0239316
132,28,layer2.4.conv2,0.0214846
132,29,layer2.5.conv1,0.0253105
132,30,layer2.5.conv2,0.0223024
132,31,layer2.6.conv1,0.0249481
132,32,layer2.6.conv2,0.0219171
132,33,layer2.7.conv1,0.028043
132,34,layer2.7.conv2,0.021986
132,35,layer2.8.conv1,0.0323346
132,36,layer2.8.conv2,0.0253091
132,37,layer3.0.conv1,0.040082
132,38,layer3.0.conv2,0.0524433
132,39,layer3.1.conv1,0.0445183
132,40,layer3.1.conv2,0.0436557
132,41,layer3.2.conv1,0.0482993
132,42,layer3.2.conv2,0.0448835
132,43,layer3.3.conv1,0.0474733
132,44,layer3.3.conv2,0.0415211
132,45,layer3.4.conv1,0.0486181
132,46,layer3.4.conv2,0.0434208
132,47,layer3.5.conv1,0.0499176
132,48,layer3.5.conv2,0.0384378
132,49,layer3.6.conv1,0.0513369
132,50,layer3.6.conv2,0.0396694
132,51,layer3.7.conv1,0.0467595
132,52,layer3.7.conv2,0.0357791
132,53,layer3.8.conv1,0.0456835
132,54,layer3.8.conv2,0.0242252
133,0,conv1,0.0389197
133,1,layer1.0.conv1,0.0166537
133,2,layer1.0.conv2,0.016699
133,3,layer1.1.conv1,0.0197176
133,4,layer1.1.conv2,0.0168837
133,5,layer1.2.conv1,0.014888
133,6,layer1.2.conv2,0.0136322
133,7,layer1.3.conv1,0.0152555
133,8,layer1.3.conv2,0.0125885
133,9,layer1.4.conv1,0.0192491
133,10,layer1.4.conv2,0.0179151
133,11,layer1.5.conv1,0.0209206
133,12,layer1.5.conv2,0.0196009
133,13,layer1.6.conv1,0.0222606
133,14,layer1.6.conv2,0.0204134
133,15,layer1.7.conv1,0.0216073
133,16,layer1.7.conv2,0.01983
133,17,layer1.8.conv1,0.0300194
133,18,layer1.8.conv2,0.0255534
133,19,layer2.0.conv1,0.039282
133,20,layer2.0.conv2,0.0463346
133,21,layer2.1.conv1,0.0350093
133,22,layer2.1.conv2,0.0327751
133,23,layer2.2.conv1,0.0338653
133,24,layer2.2.conv2,0.0305244
133,25,layer2.3.conv1,0.0370999
133,26,layer2.3.conv2,0.0323573
133,27,layer2.4.conv1,0.0352802
133,28,layer2.4.conv2,0.0296407
133,29,layer2.5.conv1,0.036176
133,30,layer2.5.conv2,0.0306207
133,31,layer2.6.conv1,0.0359417
133,32,layer2.6.conv2,0.0308358
133,33,layer2.7.conv1,0.0407466
133,34,layer2.7.conv2,0.0320567
133,35,layer2.8.conv1,0.0469966
133,36,layer2.8.conv2,0.0362354
133,37,layer3.0.conv1,0.0588625
133,38,layer3.0.conv2,0.0763752
133,39,layer3.1.conv1,0.0665827
133,40,layer3.1.conv2,0.0645327
133,41,layer3.2.conv1,0.0673016
133,42,layer3.2.conv2,0.0635877
133,43,layer3.3.conv1,0.0679602
133,44,layer3.3.conv2,0.059614
133,45,layer3.4.conv1,0.0691377
133,46,layer3.4.conv2,0.0603584
133,47,layer3.5.conv1,0.0717227
133,48,layer3.5.conv2,0.0552736
133,49,layer3.6.conv1,0.071584
133,50,layer3.6.conv2,0.0535737
133,51,layer3.7.conv1,0.0696793
133,52,layer3.7.conv2,0.0537816
133,53,layer3.8.conv1,0.0654815
133,54,layer3.8.conv2,0.0344161
134,0,conv1,0.0428824
134,1,layer1.0.conv1,0.0193594
134,2,layer1.0.conv2,0.0168599
134,3,layer1.1.conv1,0.0211567
134,4,layer1.1.conv2,0.0189519
134,5,layer1.2.conv1,0.0146915
134,6,layer1.2.conv2,0.0145967
134,7,layer1.3.conv1,0.0155652
134,8,layer1.3.conv2,0.0132805
134,9,layer1.4.conv1,0.020285
134,10,layer1.4.conv2,0.0193651
134,11,layer1.5.conv1,0.0218783
134,12,layer1.5.conv2,0.0208537
134,13,layer1.6.conv1,0.0240367
134,14,layer1.6.conv2,0.023041
134,15,layer1.7.conv1,0.0241696
134,16,layer1.7.conv2,0.0228298
134,17,layer1.8.conv1,0.0332855
134,18,layer1.8.conv2,0.0283705
134,19,layer2.0.conv1,0.0439301
134,20,layer2.0.conv2,0.0540929
134,21,layer2.1.conv1,0.0390521
134,22,layer2.1.conv2,0.0358552
134,23,layer2.2.conv1,0.0374494
134,24,layer2.2.conv2,0.0343472
134,25,layer2.3.conv1,0.0409622
134,26,layer2.3.conv2,0.0369116
134,27,layer2.4.conv1,0.0400888
134,28,layer2.4.conv2,0.0348523
134,29,layer2.5.conv1,0.0411631
134,30,layer2.5.conv2,0.0347284
134,31,layer2.6.conv1,0.0383272
134,32,layer2.6.conv2,0.0338154
134,33,layer2.7.conv1,0.044572
134,34,layer2.7.conv2,0.0369376
134,35,layer2.8.conv1,0.0521133
134,36,layer2.8.conv2,0.0402701
134,37,layer3.0.conv1,0.0665866
134,38,layer3.0.conv2,0.0862406
134,39,layer3.1.conv1,0.0759935
134,40,layer3.1.conv2,0.0756348
134,41,layer3.2.conv1,0.0783184
134,42,layer3.2.conv2,0.0709179
134,43,layer3.3.conv1,0.0763294
134,44,layer3.3.conv2,0.0672213
134,45,layer3.4.conv1,0.0803736
134,46,layer3.4.conv2,0.0664992
134,47,layer3.5.conv1,0.0819836
134,48,layer3.5.conv2,0.0629679
134,49,layer3.6.conv1,0.077095
134,50,layer3.6.conv2,0.0605481
134,51,layer3.7.conv1,0.0739658
134,52,layer3.7.conv2,0.0563648
134,53,layer3.8.conv1,0.0695405
134,54,layer3.8.conv2,0.0367558
135,0,conv1,0.0260078
135,1,layer1.0.conv1,0.0120448
135,2,layer1.0.conv2,0.0115956
135,3,layer1.1.conv1,0.0144374
135,4,layer1.1.conv2,0.0119141
135,5,layer1.2.conv1,0.00987128
135,6,layer1.2.conv2,0.00932355
135,7,layer1.3.conv1,0.00999039
135,8,layer1.3.conv2,0.00870776
135,9,layer1.4.conv1,0.0123864
135,10,layer1.4.conv2,0.0122127
135,11,layer1.5.conv1,0.0143411
135,12,layer1.5.conv2,0.0138995
135,13,layer1.6.conv1,0.0149151
135,14,layer1.6.conv2,0.0141879
135,15,layer1.7.conv1,0.0144621
135,16,layer1.7.conv2,0.013861
135,17,layer1.8.conv1,0.0208866
135,18,layer1.8.conv2,0.0167904
135,19,layer2.0.conv1,0.0280343
135,20,layer2.0.conv2,0.0323936
135,21,layer2.1.conv1,0.0254784
135,22,layer2.1.conv2,0.0240807
135,23,layer2.2.conv1,0.0231236
135,24,layer2.2.conv2,0.0207881
135,25,layer2.3.conv1,0.0254955
135,26,layer2.3.conv2,0.0226062
135,27,layer2.4.conv1,0.0249551
135,28,layer2.4.conv2,0.021804
135,29,layer2.5.conv1,0.0250947
135,30,layer2.5.conv2,0.0222822
135,31,layer2.6.conv1,0.0256166
135,32,layer2.6.conv2,0.0222969
135,33,layer2.7.conv1,0.0280219
135,34,layer2.7.conv2,0.0223429
135,35,layer2.8.conv1,0.0337649
135,36,layer2.8.conv2,0.0258814
135,37,layer3.0.conv1,0.0417097
135,38,layer3.0.conv2,0.0526636
135,39,layer3.1.conv1,0.0440291
135,40,layer3.1.conv2,0.0441715
135,41,layer3.2.conv1,0.0486014
135,42,layer3.2.conv2,0.0448677
135,43,layer3.3.conv1,0.0480939
135,44,layer3.3.conv2,0.0406166
135,45,layer3.4.conv1,0.0497401
135,46,layer3.4.conv2,0.0420775
135,47,layer3.5.conv1,0.0510744
135,48,layer3.5.conv2,0.0400795
135,49,layer3.6.conv1,0.0495442
135,50,layer3.6.conv2,0.0378584
135,51,layer3.7.conv1,0.0481434
135,52,layer3.7.conv2,0.0356751
135,53,layer3.8.conv1,0.0432131
135,54,layer3.8.conv2,0.0214452
136,0,conv1,0.0281313
136,1,layer1.0.conv1,0.0117863
136,2,layer1.0.conv2,0.0115255
136,3,layer1.1.conv1,0.0144405
136,4,layer1.1.conv2,0.0127866
136,5,layer1.2.conv1,0.0101996
136,6,layer1.2.conv2,0.0101323
136,7,layer1.3.conv1,0.0104648
136,8,layer1.3.conv2,0.0095723
136,9,layer1.4.conv1,0.0132846
136,10,layer1.4.conv2,0.0131372
136,11,layer1.5.conv1,0.0153054
136,12,layer1.5.conv2,0.0144416
136,13,layer1.6.conv1,0.0160655
136,14,layer1.6.conv2,0.015314
136,15,layer1.7.conv1,0.015998
136,16,layer1.7.conv2,0.0151427
136,17,layer1.8.conv1,0.0233659
136,18,layer1.8.conv2,0.0184624
136,19,layer2.0.conv1,0.0291287
136,20,layer2.0.conv2,0.0340804
136,21,layer2.1.conv1,0.0257418
136,22,layer2.1.conv2,0.0233016
136,23,layer2.2.conv1,0.0246657
136,24,layer2.2.conv2,0.022699
136,25,layer2.3.conv1,0.0279823
136,26,layer2.3.conv2,0.02391
136,27,layer2.4.conv1,0.0270506
136,28,layer2.4.conv2,0.0226047
136,29,layer2.5.conv1,0.0274662
136,30,layer2.5.conv2,0.0229046
136,31,layer2.6.conv1,0.0262221
136,32,layer2.6.conv2,0.0217814
136,33,layer2.7.conv1,0.0288647
136,34,layer2.7.conv2,0.0228957
136,35,layer2.8.conv1,0.034823
136,36,layer2.8.conv2,0.0265064
136,37,layer3.0.conv1,0.0421803
136,38,layer3.0.conv2,0.0538627
136,39,layer3.1.conv1,0.0463234
136,40,layer3.1.conv2,0.047895
136,41,layer3.2.conv1,0.0493826
136,42,layer3.2.conv2,0.0464122
136,43,layer3.3.conv1,0.0477161
136,44,layer3.3.conv2,0.0418814
136,45,layer3.4.conv1,0.0512325
136,46,layer3.4.conv2,0.0420983
136,47,layer3.5.conv1,0.0507642
136,48,layer3.5.conv2,0.0396332
136,49,layer3.6.conv1,0.049645
136,50,layer3.6.conv2,0.0389883
136,51,layer3.7.conv1,0.0474513
136,52,layer3.7.conv2,0.0355634
136,53,layer3.8.conv1,0.0465907
136,54,layer3.8.conv2,0.0249527
137,0,conv1,0.0330692
137,1,layer1.0.conv1,0.0140619
137,2,layer1.0.conv2,0.0129378
137,3,layer1.1.conv1,0.0169624
137,4,layer1.1.conv2,0.014759
137,5,layer1.2.conv1,0.0114452
137,6,layer1.2.conv2,0.010442
137,7,layer1.3.conv1,0.0129232
137,8,layer1.3.conv2,0.0112458
137,9,layer1.4.conv1,0.0155724
137,10,layer1.4.conv2,0.0148954
137,11,layer1.5.conv1,0.0162525
137,12,layer1.5.conv2,0.0162314
137,13,layer1.6.conv1,0.0182089
137,14,layer1.6.conv2,0.0161257
137,15,layer1.7.conv1,0.0170364
137,16,layer1.7.conv2,0.0160888
137,17,layer1.8.conv1,0.0241503
137,18,layer1.8.conv2,0.0203623
137,19,layer2.0.conv1,0.0323296
137,20,layer2.0.conv2,0.0385006
137,21,layer2.1.conv1,0.0289151
137,22,layer2.1.conv2,0.0260811
137,23,layer2.2.conv1,0.0273888
137,24,layer2.2.conv2,0.0248744
137,25,layer2.3.conv1,0.0294181
137,26,layer2.3.conv2,0.0257916
137,27,layer2.4.conv1,0.0283403
137,28,layer2.4.conv2,0.025036
137,29,layer2.5.conv1,0.0297542
137,30,layer2.5.conv2,0.0258028
137,31,layer2.6.conv1,0.0284121
137,32,layer2.6.conv2,0.0249539
137,33,layer2.7.conv1,0.0331421
137,34,layer2.7.conv2,0.0255032
137,35,layer2.8.conv1,0.0376822
137,36,layer2.8.conv2,0.0295839
137,37,layer3.0.conv1,0.0470126
137,38,layer3.0.conv2,0.0606114
137,39,layer3.1.conv1,0.0516674
137,40,layer3.1.conv2,0.0514004
137,41,layer3.2.conv1,0.0554896
137,42,layer3.2.conv2,0.0520392
137,43,layer3.3.conv1,0.0572657
137,44,layer3.3.conv2,0.0519674
137,45,layer3.4.conv1,0.0586289
137,46,layer3.4.conv2,0.0493084
137,47,layer3.5.conv1,0.0582472
137,48,layer3.5.conv2,0.0461726
137,49,layer3.6.conv1,0.0609719
137,50,layer3.6.conv2,0.045767
137,51,layer3.7.conv1,0.0577611
137,52,layer3.7.conv2,0.0423155
137,53,layer3.8.conv1,0.0500637
137,54,layer3.8.conv2,0.0253456
138,0,conv1,0.0444754
138,1,layer1.0.conv1,0.019025
138,2,layer1.0.conv2,0.0180167
138,3,layer1.1.conv1,0.0225969
138,4,layer1.1.conv2,0.0191763
138,5,layer1.2.conv1,0.0154468
138,6,layer1.2.conv2,0.0148044
138,7,layer1.3.conv1,0.0165443
138,8,layer1.3.conv2,0.0148465
138,9,layer1.4.conv1,0.0198306
138,10,layer1.4.conv2,0.0195996
138,11,layer1.5.conv1,0.0223441
138,12,layer1.5.conv2,0.0214
138,13,layer1.6.conv1,0.0246331
138,14,layer1.6.conv2,0.0235004
138,15,layer1.7.conv1,0.0242183
138,16,layer1.7.conv2,0.0225308
138,17,layer1.8.conv1,0.0346895
138,18,layer1.8.conv2,0.0273359
138,19,layer2.0.conv1,0.0470349
138,20,layer2.0.conv2,0.0535748
138,21,layer2.1.conv1,0.0401534
138,22,layer2.1.conv2,0.0363422
138,23,layer2.2.conv1,0.0387008
138,24,layer2.2.conv2,0.0350155
138,25,layer2.3.conv1,0.041713
138,26,layer2.3.conv2,0.03627
138,27,layer2.4.conv1,0.0400523
138,28,layer2.4.conv2,0.0357324
138,29,layer2.5.conv1,0.0401241
138,30,layer2.5.conv2,0.0352018
138,31,layer2.6.conv1,0.0403702
138,32,layer2.6.conv2,0.0352989
138,33,layer2.7.conv1,0.0453877
138,34,layer2.7.conv2,0.0356064
138,35,layer2.8.conv1,0.053573
138,36,layer2.8.conv2,0.0425541
138,37,layer3.0.conv1,0.0650775
138,38,layer3.0.conv2,0.0847886
138,39,layer3.1.conv1,0.0735801
138,40,layer3.1.conv2,0.0744562
138,41,layer3.2.conv1,0.0813594
138,42,layer3.2.conv2,0.0752007
138,43,layer3.3.conv1,0.0784355
138,44,layer3.3.conv2,0.0671806
138,45,layer3.4.conv1,0.0857822
138,46,layer3.4.conv2,0.0685878
138,47,layer3.5.conv1,0.0833701
138,48,layer3.5.conv2,0.0663148
138,49,layer3.6.conv1,0.0816552
138,50,layer3.6.conv2,0.0638475
138,51,layer3.7.conv1,0.0775207
138,52,layer3.7.conv2,0.0555277
138,53,layer3.8.conv1,0.0717671
138,54,layer3.8.conv2,0.0382212
139,0,conv1,0.027138
139,1,layer1.0.conv1,0.0114912
139,2,layer1.0.conv2,0.0119312
139,3,layer1.1.conv1,0.0134935
139,4,layer1.1.conv2,0.0125249
139,5,layer1.2.conv1,0.0105719
139,6,layer1.2.conv2,0.010007
139,7,layer1.3.conv1,0.0100441
139,8,layer1.3.conv2,0.00916887
139,9,layer1.4.conv1,0.0128166
139,10,layer1.4.conv2,0.012464
139,11,layer1.5.conv1,0.0154186
139,12,layer1.5.conv2,0.0141551
139,13,layer1.6.conv1,0.0160515
139,14,layer1.6.conv2,0.0148333
139,15,layer1.7.conv1,0.0156786
139,16,layer1.7.conv2,0.0152141
139,17,layer1.8.conv1,0.0232593
139,18,layer1.8.conv2,0.0179681
139,19,layer2.0.conv1,0.0306537
139,20,layer2.0.conv2,0.0346577
139,21,layer2.1.conv1,0.0271232
139,22,layer2.1.conv2,0.0242689
139,23,layer2.2.conv1,0.0255861
139,24,layer2.2.conv2,0.0230188
139,25,layer2.3.conv1,0.0275938
139,26,layer2.3.conv2,0.0243773
139,27,layer2.4.conv1,0.0260636
139,28,layer2.4.conv2,0.0238246
139,29,layer2.5.conv1,0.0263893
139,30,layer2.5.conv2,0.0225968
139,31,layer2.6.conv1,0.026258
139,32,layer2.6.conv2,0.0233093
139,33,layer2.7.conv1,0.0300929
139,34,layer2.7.conv2,0.0228734
139,35,layer2.8.conv1,0.0339019
139,36,layer2.8.conv2,0.0272112
139,37,layer3.0.conv1,0.0418429
139,38,layer3.0.conv2,0.0543657
139,39,layer3.1.conv1,0.0475008
139,40,layer3.1.conv2,0.0483953
139,41,layer3.2.conv1,0.0517692
139,42,layer3.2.conv2,0.0488647
139,43,layer3.3.conv1,0.0488537
139,44,layer3.3.conv2,0.0438548
139,45,layer3.4.conv1,0.0520607
139,46,layer3.4.conv2,0.0449408
139,47,layer3.5.conv1,0.0527049
139,48,layer3.5.conv2,0.043115
139,49,layer3.6.conv1,0.0513353
139,50,layer3.6.conv2,0.0393015
139,51,layer3.7.conv1,0.0475369
139,52,layer3.7.conv2,0.0352582
139,53,layer3.8.conv1,0.0437799
139,54,layer3.8.conv2,0.0222887
140,0,conv1,0.034162
140,1,layer1.0.conv1,0.0170161
140,2,layer1.0.conv2,0.0149043
140,3,layer1.1.conv1,0.0178108
140,4,layer1.1.conv2,0.0159961
140,5,layer1.2.conv1,0.012303
140,6,layer1.2.conv2,0.011532
140,7,layer1.3.conv1,0.0131089
140,8,layer1.3.conv2,0.011606
140,9,layer1.4.conv1,0.0161579
140,10,layer1.4.conv2,0.0163234
140,11,layer1.5.conv1,0.0188712
140,12,layer1.5.conv2,0.0184106
140,13,layer1.6.conv1,0.0199243
140,14,layer1.6.conv2,0.0181259
140,15,layer1.7.conv1,0.0202109
140,16,layer1.7.conv2,0.0186066
140,17,layer1.8.conv1,0.0278341
140,18,layer1.8.conv2,0.0231218
140,19,layer2.0.conv1,0.0364762
140,20,layer2.0.conv2,0.0431271
140,21,layer2.1.conv1,0.0327156
140,22,layer2.1.conv2,0.0299658
140,23,layer2.2.conv1,0.0302639
140,24,layer2.2.conv2,0.0280491
140,25,layer2.3.conv1,0.0332952
140,26,layer2.3.conv2,0.0295783
140,27,layer2.4.conv1,0.0314814
140,28,layer2.4.conv2,0.0281643
140,29,layer2.5.conv1,0.0333226
140,30,layer2.5.conv2,0.0285775
140,31,layer2.6.conv1,0.0331389
140,32,layer2.6.conv2,0.0285384
140,33,layer2.7.conv1,0.0373021
140,34,layer2.7.conv2,0.0294787
140,35,layer2.8.conv1,0.0416534
140,36,layer2.8.conv2,0.0335482
140,37,layer3.0.conv1,0.0532404
140,38,layer3.0.conv2,0.068979
140,39,layer3.1.conv1,0.0619731
140,40,layer3.1.conv2,0.0615187
140,41,layer3.2.conv1,0.0650576
140,42,layer3.2.conv2,0.0637918
140,43,layer3.3.conv1,0.0632828
140,44,layer3.3.conv2,0.0566922
140,45,layer3.4.conv1,0.0668124
140,46,layer3.4.conv2,0.0589029
140,47,layer3.5.conv1,0.0686454
140,48,layer3.5.conv2,0.0547495
140,49,layer3.6.conv1,0.0707999
140,50,layer3.6.conv2,0.0555797
140,51,layer3.7.conv1,0.0664378
140,52,layer3.7.conv2,0.049889
140,53,layer3.8.conv1,0.0640447
140,54,layer3.8.conv2,0.0332319
141,0,conv1,0.0320019
141,1,layer1.0.conv1,0.0139587
141,2,layer1.0.conv2,0.0133816
141,3,layer1.1.conv1,0.0164683
141,4,layer1.1.conv2,0.0145021
141,5,layer1.2.conv1,0.0113993
141,6,layer1.2.conv2,0.0104621
141,7,layer1.3.conv1,0.0114296
141,8,layer1.3.conv2,0.00976798
141,9,layer1.4.conv1,0.0141222
141,10,layer1.4.conv2,0.0140927
141,11,layer1.5.conv1,0.0158362
141,12,layer1.5.conv2,0.015229
141,13,layer1.6.conv1,0.0178541
141,14,layer1.6.conv2,0.0159795
141,15,layer1.7.conv1,0.0174843
141,16,layer1.7.conv2,0.0165174
141,17,layer1.8.conv1,0.0251024
141,18,layer1.8.conv2,0.0192201
141,19,layer2.0.conv1,0.0325571
141,20,layer2.0.conv2,0.0383136
141,21,layer2.1.conv1,0.028555
141,22,layer2.1.conv2,0.0262224
141,23,layer2.2.conv1,0.0273465
141,24,layer2.2.conv2,0.0250501
141,25,layer2.3.conv1,0.0314819
141,26,layer2.3.conv2,0.0274051
141,27,layer2.4.conv1,0.0291766
141,28,layer2.4.conv2,0.0252341
141,29,layer2.5.conv1,0.0289629
141,30,layer2.5.conv2,0.0247536
141,31,layer2.6.conv1,0.0288455
141,32,layer2.6.conv2,0.0250566
141,33,layer2.7.conv1,0.0324
141,34,layer2.7.conv2,0.0259205
141,35,layer2.8.conv1,0.0380941
141,36,layer2.8.conv2,0.0296162
141,37,layer3.0.conv1,0.0472757
141,38,layer3.0.conv2,0.0623222
141,39,layer3.1.conv1,0.0529384
141,40,layer3.1.conv2,0.0536402
141,41,layer3.2.conv1,0.0564251
141,42,layer3.2.conv2,0.0531515
141,43,layer3.3.conv1,0.056551
141,44,layer3.3.conv2,0.0502563
141,45,layer3.4.conv1,0.059003
141,46,layer3.4.conv2,0.0499559
141,47,layer3.5.conv1,0.0607242
141,48,layer3.5.conv2,0.0488297
141,49,layer3.6.conv1,0.0614896
141,50,layer3.6.conv2,0.0447102
141,51,layer3.7.conv1,0.0554436
141,52,layer3.7.conv2,0.0403606
141,53,layer3.8.conv1,0.0536572
141,54,layer3.8.conv2,0.0290884
142,0,conv1,0.0414231
142,1,layer1.0.conv1,0.0206805
142,2,layer1.0.conv2,0.0177191
142,3,layer1.1.conv1,0.0236785
142,4,layer1.1.conv2,0.0183645
142,5,layer1.2.conv1,0.015873
142,6,layer1.2.conv2,0.013957
142,7,layer1.3.conv1,0.0162738
142,8,layer1.3.conv2,0.014034
142,9,layer1.4.conv1,0.0198269
142,10,layer1.4.conv2,0.0194745
142,11,layer1.5.conv1,0.0228478
142,12,layer1.5.conv2,0.021247
142,13,layer1.6.conv1,0.0244885
142,14,layer1.6.conv2,0.0212508
142,15,layer1.7.conv1,0.0244498
142,16,layer1.7.conv2,0.0216321
142,17,layer1.8.conv1,0.0353886
142,18,layer1.8.conv2,0.026333
142,19,layer2.0.conv1,0.0434982
142,20,layer2.0.conv2,0.0500118
142,21,layer2.1.conv1,0.0369718
142,22,layer2.1.conv2,0.0355978
142,23,layer2.2.conv1,0.0385023
142,24,layer2.2.conv2,0.0335546
142,25,layer2.3.conv1,0.0406703
142,26,layer2.3.conv2,0.0357731
142,27,layer2.4.conv1,0.0375284
142,28,layer2.4.conv2,0.0322444
142,29,layer2.5.conv1,0.0394159
142,30,layer2.5.conv2,0.034133
142,31,layer2.6.conv1,0.0407606
142,32,layer2.6.conv2,0.03439
142,33,layer2.7.conv1,0.0428039
142,34,layer2.7.conv2,0.0331308
142,35,layer2.8.conv1,0.0506386
142,36,layer2.8.conv2,0.0385339
142,37,layer3.0.conv1,0.0627437
142,38,layer3.0.conv2,0.0821151
142,39,layer3.1.conv1,0.0694122
142,40,layer3.1.conv2,0.0727171
142,41,layer3.2.conv1,0.0759722
142,42,layer3.2.conv2,0.0689487
142,43,layer3.3.conv1,0.0724038
142,44,layer3.3.conv2,0.0643979
142,45,layer3.4.conv1,0.079137
142,46,layer3.4.conv2,0.0676019
142,47,layer3.5.conv1,0.0905678
142,48,layer3.5.conv2,0.06739
142,49,layer3.6.conv1,0.0827287
142,50,layer3.6.conv2,0.0631217
142,51,layer3.7.conv1,0.0745607
142,52,layer3.7.conv2,0.0555968
142,53,layer3.8.conv1,0.0733859
142,54,layer3.8.conv2,0.036905
143,0,conv1,0.0335872
143,1,layer1.0.conv1,0.0149078
143,2,layer1.0.conv2,0.0151344
143,3,layer1.1.conv1,0.0173023
143,4,layer1.1.conv2,0.0149718
143,5,layer1.2.conv1,0.0130807
143,6,layer1.2.conv2,0.0120939
143,7,layer1.3.conv1,0.0132937
143,8,layer1.3.conv2,0.0117207
143,9,layer1.4.conv1,0.0181541
143,10,layer1.4.conv2,0.0165615
143,11,layer1.5.conv1,0.0189894
143,12,layer1.5.conv2,0.0175829
143,13,layer1.6.conv1,0.0194528
143,14,layer1.6.conv2,0.0187735
143,15,layer1.7.conv1,0.0211036
143,16,layer1.7.conv2,0.0188681
143,17,layer1.8.conv1,0.0300358
143,18,layer1.8.conv2,0.0233112
143,19,layer2.0.conv1,0.037278
143,20,layer2.0.conv2,0.0448377
143,21,layer2.1.conv1,0.0332173
143,22,layer2.1.conv2,0.0305186
143,23,layer2.2.conv1,0.0305973
143,24,layer2.2.conv2,0.0285234
143,25,layer2.3.conv1,0.0336891
143,26,layer2.3.conv2,0.0300191
143,27,layer2.4.conv1,0.0349499
143,28,layer2.4.conv2,0.030438
143,29,layer2.5.conv1,0.0342382
143,30,layer2.5.conv2,0.0289896
143,31,layer2.6.conv1,0.036027
143,32,layer2.6.conv2,0.0302217
143,33,layer2.7.conv1,0.0369131
143,34,layer2.7.conv2,0.0294115
143,35,layer2.8.conv1,0.0439354
143,36,layer2.8.conv2,0.0345596
143,37,layer3.0.conv1,0.0552038
143,38,layer3.0.conv2,0.0690724
143,39,layer3.1.conv1,0.059828
143,40,layer3.1.conv2,0.0610301
143,41,layer3.2.conv1,0.0641874
143,42,layer3.2.conv2,0.0575189
143,43,layer3.3.conv1,0.0641562
143,44,layer3.3.conv2,0.0562819
143,45,layer3.4.conv1,0.0665215
143,46,layer3.4.conv2,0.0565734
143,47,layer3.5.conv1,0.0690413
143,48,layer3.5.conv2,0.053783
143,49,layer3.6.conv1,0.070625
143,50,layer3.6.conv2,0.0530223
143,51,layer3.7.conv1,0.064975
143,52,layer3.7.conv2,0.048351
143,53,layer3.8.conv1,0.0589065
143,54,layer3.8.conv2,0.0307396
145,0,conv1,0.0305991
145,1,layer1.0.conv1,0.0148323
145,2,layer1.0.conv2,0.0149428
145,3,layer1.1.conv1,0.0164586
145,4,layer1.1.conv2,0.0150735
145,5,layer1.2.conv1,0.0118922
145,6,layer1.2.conv2,0.0105461
145,7,layer1.3.conv1,0.0126312
145,8,layer1.3.conv2,0.0106971
145,9,layer1.4.conv1,0.014958
145,10,layer1.4.conv2,0.0147256
145,11,layer1.5.conv1,0.0180546
145,12,layer1.5.conv2,0.0159601
145,13,layer1.6.conv1,0.0188361
145,14,layer1.6.conv2,0.0174609
145,15,layer1.7.conv1,0.0189936
145,16,layer1.7.conv2,0.0176732
145,17,layer1.8.conv1,0.025524
145,18,layer1.8.conv2,0.0215472
145,19,layer2.0.conv1,0.0359094
145,20,layer2.0.conv2,0.0413479
145,21,layer2.1.conv1,0.0303258
145,22,layer2.1.conv2,0.0276
145,23,layer2.2.conv1,0.0282627
145,24,layer2.2.conv2,0.025404
145,25,layer2.3.conv1,0.032532
145,26,layer2.3.conv2,0.0282549
145,27,layer2.4.conv1,0.0313416
145,28,layer2.4.conv2,0.0264255
145,29,layer2.5.conv1,0.0318071
145,30,layer2.5.conv2,0.0265534
145,31,layer2.6.conv1,0.0289694
145,32,layer2.6.conv2,0.0255227
145,33,layer2.7.conv1,0.0355259
145,34,layer2.7.conv2,0.0270442
145,35,layer2.8.conv1,0.0402078
145,36,layer2.8.conv2,0.0324555
145,37,layer3.0.conv1,0.0490074
145,38,layer3.0.conv2,0.0637274
145,39,layer3.1.conv1,0.0550826
145,40,layer3.1.conv2,0.0517692
145,41,layer3.2.conv1,0.0605596
145,42,layer3.2.conv2,0.0560558
145,43,layer3.3.conv1,0.0566433
145,44,layer3.3.conv2,0.0499178
145,45,layer3.4.conv1,0.0592744
145,46,layer3.4.conv2,0.0474273
145,47,layer3.5.conv1,0.0625075
145,48,layer3.5.conv2,0.0472125
145,49,layer3.6.conv1,0.0586195
145,50,layer3.6.conv2,0.043951
145,51,layer3.7.conv1,0.0546996
145,52,layer3.7.conv2,0.0400829
145,53,layer3.8.conv1,0.0496662
145,54,layer3.8.conv2,0.0261344
146,0,conv1,0.0456172
146,1,layer1.0.conv1,0.0206387
146,2,layer1.0.conv2,0.0183477
146,3,layer1.1.conv1,0.0237405
146,4,layer1.1.conv2,0.0201225
146,5,layer1.2.conv1,0.0163316
146,6,layer1.2.conv2,0.0162968
146,7,layer1.3.conv1,0.0183058
146,8,layer1.3.conv2,0.0150206
146,9,layer1.4.conv1,0.0228601
146,10,layer1.4.conv2,0.0219721
146,11,layer1.5.conv1,0.0259917
146,12,layer1.5.conv2,0.0244628
146,13,layer1.6.conv1,0.028009
146,14,layer1.6.conv2,0.0247238
146,15,layer1.7.conv1,0.0257471
146,16,layer1.7.conv2,0.0234275
146,17,layer1.8.conv1,0.0387223
146,18,layer1.8.conv2,0.0307064
146,19,layer2.0.conv1,0.0476313
146,20,layer2.0.conv2,0.0550638
146,21,layer2.1.conv1,0.0413152
146,22,layer2.1.conv2,0.0383518
146,23,layer2.2.conv1,0.0399122
146,24,layer2.2.conv2,0.036703
146,25,layer2.3.conv1,0.0444747
146,26,layer2.3.conv2,0.0369837
146,27,layer2.4.conv1,0.0428154
146,28,layer2.4.conv2,0.0360454
146,29,layer2.5.conv1,0.0435344
146,30,layer2.5.conv2,0.035961
146,31,layer2.6.conv1,0.0435853
146,32,layer2.6.conv2,0.0370619
146,33,layer2.7.conv1,0.0480276
146,34,layer2.7.conv2,0.0371523
146,35,layer2.8.conv1,0.0558499
146,36,layer2.8.conv2,0.0417747
146,37,layer3.0.conv1,0.06909
146,38,layer3.0.conv2,0.0879484
146,39,layer3.1.conv1,0.0748496
146,40,layer3.1.conv2,0.0745567
146,41,layer3.2.conv1,0.0799566
146,42,layer3.2.conv2,0.0737422
146,43,layer3.3.conv1,0.0739973
146,44,layer3.3.conv2,0.064423
146,45,layer3.4.conv1,0.0755971
146,46,layer3.4.conv2,0.0642313
146,47,layer3.5.conv1,0.0788856
146,48,layer3.5.conv2,0.0621625
146,49,layer3.6.conv1,0.0753621
146,50,layer3.6.conv2,0.0576261
146,51,layer3.7.conv1,0.074437
146,52,layer3.7.conv2,0.0554184
146,53,layer3.8.conv1,0.0735126
146,54,layer3.8.conv2,0.038532
147,0,conv1,0.0352898
147,1,layer1.0.conv1,0.0161348
147,2,layer1.0.conv2,0.0150311
147,3,layer1.1.conv1,0.0173027
147,4,layer1.1.conv2,0.0157895
147,5,layer1.2.conv1,0.0124938
147,6,layer1.2.conv2,0.0111198
147,7,layer1.3.conv1,0.0133162
147,8,layer1.3.conv2,0.0113953
147,9,layer1.4.conv1,0.0161461
147,10,layer1.4.conv2,0.0162868
147,11,layer1.5.conv1,0.0179964
147,12,layer1.5.conv2,0.0164725
147,13,layer1.6.conv1,0.0214392
147,14,layer1.6.conv2,0.018832
147,15,layer1.7.conv1,0.0198462
147,16,layer1.7.conv2,0.0180626
147,17,layer1.8.conv1,0.0284058
147,18,layer1.8.conv2,0.0223661
147,19,layer2.0.conv1,0.0397379
147,20,layer2.0.conv2,0.0436016
147,21,layer2.1.conv1,0.032198
147,22,layer2.1.conv2,0.0299494
147,23,layer2.2.conv1,0.0301539
147,24,layer2.2.conv2,0.0269846
147,25,layer2.3.conv1,0.0349182
147,26,layer2.3.conv2,0.0290476
147,27,layer2.4.conv1,0.0299797
147,28,layer2.4.conv2,0.0266398
147,29,layer2.5.conv1,0.0323747
147,30,layer2.5.conv2,0.0270578
147,31,layer2.6.conv1,0.029947
147,32,layer2.6.conv2,0.0263074
147,33,layer2.7.conv1,0.0377393
147,34,layer2.7.conv2,0.0281016
147,35,layer2.8.conv1,0.0407751
147,36,layer2.8.conv2,0.031852
147,37,layer3.0.conv1,0.051963
147,38,layer3.0.conv2,0.0666331
147,39,layer3.1.conv1,0.0564
147,40,layer3.1.conv2,0.0561503
147,41,layer3.2.conv1,0.0613914
147,42,layer3.2.conv2,0.0535555
147,43,layer3.3.conv1,0.0552649
147,44,layer3.3.conv2,0.0468483
147,45,layer3.4.conv1,0.0568069
147,46,layer3.4.conv2,0.0468673
147,47,layer3.5.conv1,0.0576384
147,48,layer3.5.conv2,0.0444995
147,49,layer3.6.conv1,0.0537841
147,50,layer3.6.conv2,0.0433457
147,51,layer3.7.conv1,0.052636
147,52,layer3.7.conv2,0.0390424
147,53,layer3.8.conv1,0.0545649
147,54,layer3.8.conv2,0.0279193
148,0,conv1,0.0367104
148,1,layer1.0.conv1,0.0175575
148,2,layer1.0.conv2,0.0162485
148,3,layer1.1.conv1,0.0220094
148,4,layer1.1.conv2,0.0177678
148,5,layer1.2.conv1,0.0160132
148,6,layer1.2.conv2,0.0144577
148,7,layer1.3.conv1,0.0157984
148,8,layer1.3.conv2,0.0132938
148,9,layer1.4.conv1,0.0194099
148,10,layer1.4.conv2,0.0179264
148,11,layer1.5.conv1,0.0217601
148,12,layer1.5.conv2,0.0203001
148,13,layer1.6.conv1,0.0216426
148,14,layer1.6.conv2,0.0203953
148,15,layer1.7.conv1,0.0218765
148,16,layer1.7.conv2,0.0200081
148,17,layer1.8.conv1,0.0315315
148,18,layer1.8.conv2,0.025278
148,19,layer2.0.conv1,0.0399905
148,20,layer2.0.conv2,0.0474341
148,21,layer2.1.conv1,0.0362688
148,22,layer2.1.conv2,0.0328683
148,23,layer2.2.conv1,0.0347766
148,24,layer2.2.conv2,0.0309052
148,25,layer2.3.conv1,0.0381505
148,26,layer2.3.conv2,0.0344947
148,27,layer2.4.conv1,0.0362486
148,28,layer2.4.conv2,0.0315707
148,29,layer2.5.conv1,0.0398632
148,30,layer2.5.conv2,0.0336506
148,31,layer2.6.conv1,0.038064
148,32,layer2.6.conv2,0.0319635
148,33,layer2.7.conv1,0.0415791
148,34,layer2.7.conv2,0.0331001
148,35,layer2.8.conv1,0.0471392
148,36,layer2.8.conv2,0.0385102
148,37,layer3.0.conv1,0.0611438
148,38,layer3.0.conv2,0.076103
148,39,layer3.1.conv1,0.0645825
148,40,layer3.1.conv2,0.0643618
148,41,layer3.2.conv1,0.0681509
148,42,layer3.2.conv2,0.0635239
148,43,layer3.3.conv1,0.0683639
148,44,layer3.3.conv2,0.0591033
148,45,layer3.4.conv1,0.0673222
148,46,layer3.4.conv2,0.0586657
148,47,layer3.5.conv1,0.0764899
148,48,layer3.5.conv2,0.0583482
148,49,layer3.6.conv1,0.0722009
148,50,layer3.6.conv2,0.0529308
148,51,layer3.7.conv1,0.0649712
148,52,layer3.7.conv2,0.0486856
148,53,layer3.8.conv1,0.0619246
148,54,layer3.8.conv2,0.031905
149,0,conv1,0.0336003
149,1,layer1.0.conv1,0.01516
149,2,layer1.0.conv2,0.0129939
149,3,layer1.1.conv1,0.0168035
149,4,layer1.1.conv2,0.0141452
149,5,layer1.2.conv1,0.0110717
149,6,layer1.2.conv2,0.0101397
149,7,layer1.3.conv1,0.0121733
149,8,layer1.3.conv2,0.0104965
149,9,layer1.4.conv1,0.0145725
149,10,layer1.4.conv2,0.0139755
149,11,layer1.5.conv1,0.0176766
149,12,layer1.5.conv2,0.0151295
149,13,layer1.6.conv1,0.0179695
149,14,layer1.6.conv2,0.0163808
149,15,layer1.7.conv1,0.0180483
149,16,layer1.7.conv2,0.0165857
149,17,layer1.8.conv1,0.0265296
149,18,layer1.8.conv2,0.02069
149,19,layer2.0.conv1,0.0342823
149,20,layer2.0.conv2,0.0375801
149,21,layer2.1.conv1,0.0296067
149,22,layer2.1.conv2,0.025796
149,23,layer2.2.conv1,0.0267201
149,24,layer2.2.conv2,0.0252445
149,25,layer2.3.conv1,0.0297629
149,26,layer2.3.conv2,0.0269599
149,27,layer2.4.conv1,0.0284863
149,28,layer2.4.conv2,0.0239997
149,29,layer2.5.conv1,0.0298559
149,30,layer2.5.conv2,0.0253158
149,31,layer2.6.conv1,0.0299327
149,32,layer2.6.conv2,0.0252076
149,33,layer2.7.conv1,0.0316519
149,34,layer2.7.conv2,0.0253927
149,35,layer2.8.conv1,0.0367956
149,36,layer2.8.conv2,0.0303174
149,37,layer3.0.conv1,0.0489197
149,38,layer3.0.conv2,0.0638962
149,39,layer3.1.conv1,0.0550614
149,40,layer3.1.conv2,0.0573911
149,41,layer3.2.conv1,0.059867
149,42,layer3.2.conv2,0.0547803
149,43,layer3.3.conv1,0.0577851
149,44,layer3.3.conv2,0.0490931
149,45,layer3.4.conv1,0.0592396
149,46,layer3.4.conv2,0.0502446
149,47,layer3.5.conv1,0.0632529
149,48,layer3.5.conv2,0.0496791
149,49,layer3.6.conv1,0.0621004
149,50,layer3.6.conv2,0.0453732
149,51,layer3.7.conv1,0.0546535
149,52,layer3.7.conv2,0.0414901
149,53,layer3.8.conv1,0.0527292
149,54,layer3.8.conv2,0.0279979
150,0,conv1,0.0222477
150,1,layer1.0.conv1,0.0104845
150,2,layer1.0.conv2,0.0101369
150,3,layer1.1.conv1,0.0129563
150,4,layer1.1.conv2,0.0114743
150,5,layer1.2.conv1,0.00919315
150,6,layer1.2.conv2,0.00890606
150,7,layer1.3.conv1,0.00998613
150,8,layer1.3.conv2,0.00844987
150,9,layer1.4.conv1,0.0121801
150,10,layer1.4.conv2,0.012184
150,11,layer1.5.conv1,0.0137758
150,12,layer1.5.conv2,0.0132737
150,13,layer1.6.conv1,0.0149034
150,14,layer1.6.conv2,0.0134015
150,15,layer1.7.conv1,0.0143603
150,16,layer1.7.conv2,0.0134032
150,17,layer1.8.conv1,0.021407
150,18,layer1.8.conv2,0.0167884
150,19,layer2.0.conv1,0.0266789
150,20,layer2.0.conv2,0.0306131
150,21,layer2.1.conv1,0.0229744
150,22,layer2.1.conv2,0.0223045
150,23,layer2.2.conv1,0.0218004
150,24,layer2.2.conv2,0.0202252
150,25,layer2.3.conv1,0.0240006
150,26,layer2.3.conv2,0.0217448
150,27,layer2.4.conv1,0.0227566
150,28,layer2.4.conv2,0.0205081
150,29,layer2.5.conv1,0.0262058
150,30,layer2.5.conv2,0.0218306
150,31,layer2.6.conv1,0.0245879
150,32,layer2.6.conv2,0.021919
150,33,layer2.7.conv1,0.0277758
150,34,layer2.7.conv2,0.0218383
150,35,layer2.8.conv1,0.031519
150,36,layer2.8.conv2,0.0241591
150,37,layer3.0.conv1,0.0391195
150,38,layer3.0.conv2,0.0508528
150,39,layer3.1.conv1,0.0436814
150,40,layer3.1.conv2,0.0446375
150,41,layer3.2.conv1,0.0458208
150,42,layer3.2.conv2,0.0437271
150,43,layer3.3.conv1,0.0471704
150,44,layer3.3.conv2,0.0416639
150,45,layer3.4.conv1,0.0482405
150,46,layer3.4.conv2,0.0413245
150,47,layer3.5.conv1,0.0480179
150,48,layer3.5.conv2,0.0395507
150,49,layer3.6.conv1,0.0519933
150,50,layer3.6.conv2,0.0379317
150,51,layer3.7.conv1,0.0454001
150,52,layer3.7.conv2,0.0350397
150,53,layer3.8.conv1,0.0431925
150,54,layer3.8.conv2,0.0215162
151,0,conv1,0.0296163
151,1,layer1.0.conv1,0.0133893
151,2,layer1.0.conv2,0.0125145
151,3,layer1.1.conv1,0.0157784
151,4,layer1.1.conv2,0.0139137
151,5,layer1.2.conv1,0.0113303
151,6,layer1.2.conv2,0.0110329
151,7,layer1.3.conv1,0.0117267
151,8,layer1.3.conv2,0.00997731
151,9,layer1.4.conv1,0.0149761
151,10,layer1.4.conv2,0.0152269
151,11,layer1.5.conv1,0.0164758
151,12,layer1.5.conv2,0.0156986
151,13,layer1.6.conv1,0.0181998
151,14,layer1.6.conv2,0.0166733
151,15,layer1.7.conv1,0.0178483
151,16,layer1.7.conv2,0.0171517
151,17,layer1.8.conv1,0.0275218
151,18,layer1.8.conv2,0.0206746
151,19,layer2.0.conv1,0.0342738
151,20,layer2.0.conv2,0.0391676
151,21,layer2.1.conv1,0.0307226
151,22,layer2.1.conv2,0.027195
151,23,layer2.2.conv1,0.0279885
151,24,layer2.2.conv2,0.024716
151,25,layer2.3.conv1,0.0306768
151,26,layer2.3.conv2,0.0278961
151,27,layer2.4.conv1,0.0304564
151,28,layer2.4.conv2,0.0250785
151,29,layer2.5.conv1,0.0295092
151,30,layer2.5.conv2,0.0250725
151,31,layer2.6.conv1,0.0301534
151,32,layer2.6.conv2,0.0259697
151,33,layer2.7.conv1,0.0320925
151,34,layer2.7.conv2,0.0256815
151,35,layer2.8.conv1,0.0395589
151,36,layer2.8.conv2,0.0300164
151,37,layer3.0.conv1,0.0478815
151,38,layer3.0.conv2,0.0612033
151,39,layer3.1.conv1,0.0535227
151,40,layer3.1.conv2,0.0555908
151,41,layer3.2.conv1,0.0598213
151,42,layer3.2.conv2,0.054499
151,43,layer3.3.conv1,0.0563202
151,44,layer3.3.conv2,0.0509402
151,45,layer3.4.conv1,0.0574143
151,46,layer3.4.conv2,0.0490624
151,47,layer3.5.conv1,0.0627458
151,48,layer3.5.conv2,0.0477754
151,49,layer3.6.conv1,0.0594745
151,50,layer3.6.conv2,0.0459706
151,51,layer3.7.conv1,0.0545176
151,52,layer3.7.conv2,0.0415179
151,53,layer3.8.conv1,0.0522368
151,54,layer3.8.conv2,0.0272322
152,0,conv1,0.0344357
152,1,layer1.0.conv1,0.0149487
152,2,layer1.0.conv2,0.0149387
152,3,layer1.1.conv1,0.0179685
152,4,layer1.1.conv2,0.0153937
152,5,layer1.2.conv1,0.0126887
152,6,layer1.2.conv2,0.0118326
152,7,layer1.3.conv1,0.01233
152,8,layer1.3.conv2,0.0113772
152,9,layer1.4.conv1,0.0167707
152,10,layer1.4.conv2,0.0159934
152,11,layer1.5.conv1,0.0193319
152,12,layer1.5.conv2,0.0170139
152,13,layer1.6.conv1,0.0200568
152,14,layer1.6.conv2,0.0188831
152,15,layer1.7.conv1,0.0203177
152,16,layer1.7.conv2,0.0179316
152,17,layer1.8.conv1,0.0282457
152,18,layer1.8.conv2,0.0224293
152,19,layer2.0.conv1,0.0376588
152,20,layer2.0.conv2,0.0423457
152,21,layer2.1.conv1,0.0321407
152,22,layer2.1.conv2,0.0302543
152,23,layer2.2.conv1,0.0310679
152,24,layer2.2.conv2,0.0285253
152,25,layer2.3.conv1,0.0338728
152,26,layer2.3.conv2,0.0304069
152,27,layer2.4.conv1,0.0332202
152,28,layer2.4.conv2,0.0282161
152,29,layer2.5.conv1,0.0327276
152,30,layer2.5.conv2,0.0285951
152,31,layer2.6.conv1,0.0330179
152,32,layer2.6.conv2,0.0283394
152,33,layer2.7.conv1,0.038115
152,34,layer2.7.conv2,0.0286139
152,35,layer2.8.conv1,0.0428564
152,36,layer2.8.conv2,0.0336273
152,37,layer3.0.conv1,0.0538062
152,38,layer3.0.conv2,0.0666036
152,39,layer3.1.conv1,0.0593662
152,40,layer3.1.conv2,0.0567476
152,41,layer3.2.conv1,0.0632327
152,42,layer3.2.conv2,0.0583113
152,43,layer3.3.conv1,0.0614519
152,44,layer3.3.conv2,0.0522423
152,45,layer3.4.conv1,0.0651543
152,46,layer3.4.conv2,0.0530638
152,47,layer3.5.conv1,0.0633198
152,48,layer3.5.conv2,0.0485053
152,49,layer3.6.conv1,0.0658164
152,50,layer3.6.conv2,0.0495104
152,51,layer3.7.conv1,0.0579918
152,52,layer3.7.conv2,0.0439798
152,53,layer3.8.conv1,0.055319
152,54,layer3.8.conv2,0.0282964
153,0,conv1,0.0238848
153,1,layer1.0.conv1,0.0103739
153,2,layer1.0.conv2,0.00937797
153,3,layer1.1.conv1,0.0120683
153,4,layer1.1.conv2,0.0102817
153,5,layer1.2.conv1,0.00839254
153,6,layer1.2.conv2,0.00797596
153,7,layer1.3.conv1,0.0093999
153,8,layer1.3.conv2,0.00812513
153,9,layer1.4.conv1,0.0112427
153,10,layer1.4.conv2,0.010623
153,11,layer1.5.conv1,0.0128285
153,12,layer1.5.conv2,0.0119527
153,13,layer1.6.conv1,0.0139174
153,14,layer1.6.conv2,0.0122379
153,15,layer1.7.conv1,0.0133909
153,16,layer1.7.conv2,0.0121564
153,17,layer1.8.conv1,0.0189235
153,18,layer1.8.conv2,0.015441
153,19,layer2.0.conv1,0.0261288
153,20,layer2.0.conv2,0.0290038
153,21,layer2.1.conv1,0.0225136
153,22,layer2.1.conv2,0.0207539
153,23,layer2.2.conv1,0.0208332
153,24,layer2.2.conv2,0.0194454
153,25,layer2.3.conv1,0.0226315
153,26,layer2.3.conv2,0.0201795
153,27,layer2.4.conv1,0.0210157
153,28,layer2.4.conv2,0.018444
153,29,layer2.5.conv1,0.0241119
153,30,layer2.5.conv2,0.0196508
153,31,layer2.6.conv1,0.0225216
153,32,layer2.6.conv2,0.0199147
153,33,layer2.7.conv1,0.0253964
153,34,layer2.7.conv2,0.0202094
153,35,layer2.8.conv1,0.0284914
153,36,layer2.8.conv2,0.0229872
153,37,layer3.0.conv1,0.0373028
153,38,layer3.0.conv2,0.0480213
153,39,layer3.1.conv1,0.0420686
153,40,layer3.1.conv2,0.0428512
153,41,layer3.2.conv1,0.0446592
153,42,layer3.2.conv2,0.0436791
153,43,layer3.3.conv1,0.044743
153,44,layer3.3.conv2,0.0396305
153,45,layer3.4.conv1,0.0463836
153,46,layer3.4.conv2,0.0399672
153,47,layer3.5.conv1,0.0490837
153,48,layer3.5.conv2,0.038602
153,49,layer3.6.conv1,0.045467
153,50,layer3.6.conv2,0.0359129
153,51,layer3.7.conv1,0.0439615
153,52,layer3.7.conv2,0.0326164
153,53,layer3.8.conv1,0.0425497
153,54,layer3.8.conv2,0.0221438
154,0,conv1,0.0342011
154,1,layer1.0.conv1,0.0139411
154,2,layer1.0.conv2,0.0140911
154,3,layer1.1.conv1,0.017495
154,4,layer1.1.conv2,0.0157338
154,5,layer1.2.conv1,0.0125938
154,6,layer1.2.conv2,0.0110168
154,7,layer1.3.conv1,0.0124825
154,8,layer1.3.conv2,0.0111878
154,9,layer1.4.conv1,0.0155579
154,10,layer1.4.conv2,0.0160682
154,11,layer1.5.conv1,0.0187374
154,12,layer1.5.conv2,0.0172804
154,13,layer1.6.conv1,0.0205385
154,14,layer1.6.conv2,0.0178653
154,15,layer1.7.conv1,0.0191078
154,16,layer1.7.conv2,0.0183911
154,17,layer1.8.conv1,0.0277366
154,18,layer1.8.conv2,0.0227292
154,19,layer2.0.conv1,0.0369724
154,20,layer2.0.conv2,0.0416205
154,21,layer2.1.conv1,0.0327307
154,22,layer2.1.conv2,0.0284016
154,23,layer2.2.conv1,0.0314875
154,24,layer2.2.conv2,0.0274996
154,25,layer2.3.conv1,0.0326475
154,26,layer2.3.conv2,0.0300356
154,27,layer2.4.conv1,0.0330624
154,28,layer2.4.conv2,0.0293292
154,29,layer2.5.conv1,0.0318091
154,30,layer2.5.conv2,0.0269573
154,31,layer2.6.conv1,0.0310928
154,32,layer2.6.conv2,0.0278936
154,33,layer2.7.conv1,0.0369001
154,34,layer2.7.conv2,0.0281141
154,35,layer2.8.conv1,0.0414512
154,36,layer2.8.conv2,0.0325655
154,37,layer3.0.conv1,0.0507517
154,38,layer3.0.conv2,0.0670953
154,39,layer3.1.conv1,0.0557569
154,40,layer3.1.conv2,0.0552219
154,41,layer3.2.conv1,0.0609412
154,42,layer3.2.conv2,0.0542275
154,43,layer3.3.conv1,0.0575483
154,44,layer3.3.conv2,0.0516869
154,45,layer3.4.conv1,0.0585392
154,46,layer3.4.conv2,0.052179
154,47,layer3.5.conv1,0.0631308
154,48,layer3.5.conv2,0.0493551
154,49,layer3.6.conv1,0.0649567
154,50,layer3.6.conv2,0.0482685
154,51,layer3.7.conv1,0.0569491
154,52,layer3.7.conv2,0.0420902
154,53,layer3.8.conv1,0.0529114
154,54,layer3.8.conv2,0.0277298
155,0,conv1,0.0376388
155,1,layer1.0.conv1,0.0146765
155,2,layer1.0.conv2,0.01527
155,3,layer1.1.conv1,0.0188407
155,4,layer1.1.conv2,0.0167771
155,5,layer1.2.conv1,0.0137111
155,6,layer1.2.conv2,0.0131363
155,7,layer1.3.conv1,0.0145659
155,8,layer1.3.conv2,0.0130082
155,9,layer1.4.conv1,0.017105
155,10,layer1.4.conv2,0.0165578
155,11,layer1.5.conv1,0.020712
155,12,layer1.5.conv2,0.0185154
155,13,layer1.6.conv1,0.0215626
155,14,layer1.6.conv2,0.0195861
155,15,layer1.7.conv1,0.0209619
155,16,layer1.7.conv2,0.0188048
155,17,layer1.8.conv1,0.0296263
155,18,layer1.8.conv2,0.0231753
155,19,layer2.0.conv1,0.0392893
155,20,layer2.0.conv2,0.0440515
155,21,layer2.1.conv1,0.0336873
155,22,layer2.1.conv2,0.0313145
155,23,layer2.2.conv1,0.0317933
155,24,layer2.2.conv2,0.0288964
155,25,layer2.3.conv1,0.0355095
155,26,layer2.3.conv2,0.0309793
155,27,layer2.4.conv1,0.0337009
155,28,layer2.4.conv2,0.0280239
155,29,layer2.5.conv1,0.0349969
155,30,layer2.5.conv2,0.0293691
155,31,layer2.6.conv1,0.0321856
155,32,layer2.6.conv2,0.0281913
155,33,layer2.7.conv1,0.0399589
155,34,layer2.7.conv2,0.030555
155,35,layer2.8.conv1,0.0454963
155,36,layer2.8.conv2,0.0338367
155,37,layer3.0.conv1,0.0537964
155,38,layer3.0.conv2,0.0686936
155,39,layer3.1.conv1,0.0587908
155,40,layer3.1.conv2,0.0571674
155,41,layer3.2.conv1,0.0648409
155,42,layer3.2.conv2,0.0578089
155,43,layer3.3.conv1,0.0615182
155,44,layer3.3.conv2,0.052699
155,45,layer3.4.conv1,0.0627222
155,46,layer3.4.conv2,0.0518622
155,47,layer3.5.conv1,0.0653622
155,48,layer3.5.conv2,0.0512703
155,49,layer3.6.conv1,0.0621271
155,50,layer3.6.conv2,0.0482565
155,51,layer3.7.conv1,0.060808
155,52,layer3.7.conv2,0.045665
155,53,layer3.8.conv1,0.0551798
155,54,layer3.8.conv2,0.0288802
156,0,conv1,0.0237759
156,1,layer1.0.conv1,0.0118973
156,2,layer1.0.conv2,0.0107123
156,3,layer1.1.conv1,0.0127886
156,4,layer1.1.conv2,0.0114151
156,5,layer1.2.conv1,0.00909335
156,6,layer1.2.conv2,0.00883362
156,7,layer1.3.conv1,0.00992717
156,8,layer1.3.conv2,0.00857106
156,9,layer1.4.conv1,0.0123786
156,10,layer1.4.conv2,0.01212
156,11,layer1.5.conv1,0.0141645
156,12,layer1.5.conv2,0.0129082
156,13,layer1.6.conv1,0.0147066
156,14,layer1.6.conv2,0.0135026
156,15,layer1.7.conv1,0.0148002
156,16,layer1.7.conv2,0.0140755
156,17,layer1.8.conv1,0.0212649
156,18,layer1.8.conv2,0.0165275
156,19,layer2.0.conv1,0.0272728
156,20,layer2.0.conv2,0.0321327
156,21,layer2.1.conv1,0.0235918
156,22,layer2.1.conv2,0.0219529
156,23,layer2.2.conv1,0.0222967
156,24,layer2.2.conv2,0.0204928
156,25,layer2.3.conv1,0.0260849
156,26,layer2.3.conv2,0.0223537
156,27,layer2.4.conv1,0.0244172
156,28,layer2.4.conv2,0.0212531
156,29,layer2.5.conv1,0.0246116
156,30,layer2.5.conv2,0.021203
156,31,layer2.6.conv1,0.0252869
156,32,layer2.6.conv2,0.0207039
156,33,layer2.7.conv1,0.0264536
156,34,layer2.7.conv2,0.0206997
156,35,layer2.8.conv1,0.0324206
156,36,layer2.8.conv2,0.0255675
156,37,layer3.0.conv1,0.0400468
156,38,layer3.0.conv2,0.051872
156,39,layer3.1.conv1,0.0451083
156,40,layer3.1.conv2,0.0449339
156,41,layer3.2.conv1,0.0473205
156,42,layer3.2.conv2,0.0443148
156,43,layer3.3.conv1,0.046238
156,44,layer3.3.conv2,0.0419199
156,45,layer3.4.conv1,0.0487539
156,46,layer3.4.conv2,0.0401431
156,47,layer3.5.conv1,0.048094
156,48,layer3.5.conv2,0.0387884
156,49,layer3.6.conv1,0.0480964
156,50,layer3.6.conv2,0.0391151
156,51,layer3.7.conv1,0.0468083
156,52,layer3.7.conv2,0.0352812
156,53,layer3.8.conv1,0.0445047
156,54,layer3.8.conv2,0.0247081
157,0,conv1,0.0308946
157,1,layer1.0.conv1,0.0130209
157,2,layer1.0.conv2,0.0126998
157,3,layer1.1.conv1,0.0169396
157,4,layer1.1.conv2,0.0138506
157,5,layer1.2.conv1,0.0115573
157,6,layer1.2.conv2,0.0102833
157,7,layer1.3.conv1,0.0116521
157,8,layer1.3.conv2,0.0103368
157,9,layer1.4.conv1,0.0147851
157,10,layer1.4.conv2,0.014674
157,11,layer1.5.conv1,0.0188934
157,12,layer1.5.conv2,0.0162249
157,13,layer1.6.conv1,0.0180901
157,14,layer1.6.conv2,0.0162548
157,15,layer1.7.conv1,0.0176334
157,16,layer1.7.conv2,0.0168177
157,17,layer1.8.conv1,0.0264332
157,18,layer1.8.conv2,0.0205862
157,19,layer2.0.conv1,0.034186
157,20,layer2.0.conv2,0.0376765
157,21,layer2.1.conv1,0.0291693
157,22,layer2.1.conv2,0.0266746
157,23,layer2.2.conv1,0.0268887
157,24,layer2.2.conv2,0.0248088
157,25,layer2.3.conv1,0.0297494
157,26,layer2.3.conv2,0.0273016
157,27,layer2.4.conv1,0.0297555
157,28,layer2.4.conv2,0.0253153
157,29,layer2.5.conv1,0.0307113
157,30,layer2.5.conv2,0.0259747
157,31,layer2.6.conv1,0.0293657
157,32,layer2.6.conv2,0.0262348
157,33,layer2.7.conv1,0.0339542
157,34,layer2.7.conv2,0.0263875
157,35,layer2.8.conv1,0.0386728
157,36,layer2.8.conv2,0.0308288
157,37,layer3.0.conv1,0.0481696
157,38,layer3.0.conv2,0.0628042
157,39,layer3.1.conv1,0.0530211
157,40,layer3.1.conv2,0.0541478
157,41,layer3.2.conv1,0.0587642
157,42,layer3.2.conv2,0.0531952
157,43,layer3.3.conv1,0.0588829
157,44,layer3.3.conv2,0.0527312
157,45,layer3.4.conv1,0.0610112
157,46,layer3.4.conv2,0.0504901
157,47,layer3.5.conv1,0.0617676
157,48,layer3.5.conv2,0.047933
157,49,layer3.6.conv1,0.0605443
157,50,layer3.6.conv2,0.0437519
157,51,layer3.7.conv1,0.0544485
157,52,layer3.7.conv2,0.0411594
157,53,layer3.8.conv1,0.0532067
157,54,layer3.8.conv2,0.02687
158,0,conv1,0.0213175
158,1,layer1.0.conv1,0.00958277
158,2,layer1.0.conv2,0.00965226
158,3,layer1.1.conv1,0.0123579
158,4,layer1.1.conv2,0.0104121
158,5,layer1.2.conv1,0.00880485
158,6,layer1.2.conv2,0.00840492
158,7,layer1.3.conv1,0.00899201
158,8,layer1.3.conv2,0.00816457
158,9,layer1.4.conv1,0.011366
158,10,layer1.4.conv2,0.0112906
158,11,layer1.5.conv1,0.0129461
158,12,layer1.5.conv2,0.0125553
158,13,layer1.6.conv1,0.0124794
158,14,layer1.6.conv2,0.0126956
158,15,layer1.7.conv1,0.0127737
158,16,layer1.7.conv2,0.0130287
158,17,layer1.8.conv1,0.0192498
158,18,layer1.8.conv2,0.0156901
158,19,layer2.0.conv1,0.0248009
158,20,layer2.0.conv2,0.0296585
158,21,layer2.1.conv1,0.0216344
158,22,layer2.1.conv2,0.0213957
158,23,layer2.2.conv1,0.0212694
158,24,layer2.2.conv2,0.0198559
158,25,layer2.3.conv1,0.0226396
158,26,layer2.3.conv2,0.019926
158,27,layer2.4.conv1,0.0213175
158,28,layer2.4.conv2,0.019835
158,29,layer2.5.conv1,0.0226009
158,30,layer2.5.conv2,0.0194232
158,31,layer2.6.conv1,0.0230755
158,32,layer2.6.conv2,0.0205839
158,33,layer2.7.conv1,0.0259213
158,34,layer2.7.conv2,0.0203707
158,35,layer2.8.conv1,0.029553
158,36,layer2.8.conv2,0.0233462
158,37,layer3.0.conv1,0.0370931
158,38,layer3.0.conv2,0.0483888
158,39,layer3.1.conv1,0.0412143
158,40,layer3.1.conv2,0.044589
158,41,layer3.2.conv1,0.0422574
158,42,layer3.2.conv2,0.0416237
158,43,layer3.3.conv1,0.0411772
158,44,layer3.3.conv2,0.0394925
158,45,layer3.4.conv1,0.0458058
158,46,layer3.4.conv2,0.0402957
158,47,layer3.5.conv1,0.0499997
158,48,layer3.5.conv2,0.0388768
158,49,layer3.6.conv1,0.0470845
158,50,layer3.6.conv2,0.0363
158,51,layer3.7.conv1,0.0475087
158,52,layer3.7.conv2,0.033925
158,53,layer3.8.conv1,0.0439754
158,54,layer3.8.conv2,0.0219264
159,0,conv1,0.0377475
159,1,layer1.0.conv1,0.0148383
159,2,layer1.0.conv2,0.0153504
159,3,layer1.1.conv1,0.0187248
159,4,layer1.1.conv2,0.0165613
159,5,layer1.2.conv1,0.0134818
159,6,layer1.2.conv2,0.0127035
159,7,layer1.3.conv1,0.0141897
159,8,layer1.3.conv2,0.0133549
159,9,layer1.4.conv1,0.0183173
159,10,layer1.4.conv2,0.0179795
159,11,layer1.5.conv1,0.0195845
159,12,layer1.5.conv2,0.0184062
159,13,layer1.6.conv1,0.0210419
159,14,layer1.6.conv2,0.0198576
159,15,layer1.7.conv1,0.021329
159,16,layer1.7.conv2,0.020069
159,17,layer1.8.conv1,0.0306487
159,18,layer1.8.conv2,0.0242128
159,19,layer2.0.conv1,0.0404366
159,20,layer2.0.conv2,0.0450934
159,21,layer2.1.conv1,0.0339349
159,22,layer2.1.conv2,0.0309704
159,23,layer2.2.conv1,0.0320754
159,24,layer2.2.conv2,0.0288442
159,25,layer2.3.conv1,0.0352612
159,26,layer2.3.conv2,0.0317445
159,27,layer2.4.conv1,0.0338448
159,28,layer2.4.conv2,0.0289285
159,29,layer2.5.conv1,0.0356103
159,30,layer2.5.conv2,0.0299125
159,31,layer2.6.conv1,0.0341494
159,32,layer2.6.conv2,0.0298345
159,33,layer2.7.conv1,0.0371537
159,34,layer2.7.conv2,0.0296219
159,35,layer2.8.conv1,0.0456695
159,36,layer2.8.conv2,0.0345089
159,37,layer3.0.conv1,0.0555645
159,38,layer3.0.conv2,0.0721677
159,39,layer3.1.conv1,0.0620138
159,40,layer3.1.conv2,0.0638401
159,41,layer3.2.conv1,0.0679306
159,42,layer3.2.conv2,0.06455
159,43,layer3.3.conv1,0.0632914
159,44,layer3.3.conv2,0.0561211
159,45,layer3.4.conv1,0.0667694
159,46,layer3.4.conv2,0.0576173
159,47,layer3.5.conv1,0.0685758
159,48,layer3.5.conv2,0.0537776
159,49,layer3.6.conv1,0.0660405
159,50,layer3.6.conv2,0.0517936
159,51,layer3.7.conv1,0.0663778
159,52,layer3.7.conv2,0.0492178
159,53,layer3.8.conv1,0.0610022
159,54,layer3.8.conv2,0.030761
160,0,conv1,0.0320505
160,1,layer1.0.conv1,0.0163787
160,2,layer1.0.conv2,0.0152577
160,3,layer1.1.conv1,0.0179991
160,4,layer1.1.conv2,0.0155931
160,5,layer1.2.conv1,0.0124474
160,6,layer1.2.conv2,0.0113698
160,7,layer1.3.conv1,0.0141783
160,8,layer1.3.conv2,0.0121124
160,9,layer1.4.conv1,0.0168626
160,10,layer1.4.conv2,0.0166145
160,11,layer1.5.conv1,0.0184181
160,12,layer1.5.conv2,0.0183161
160,13,layer1.6.conv1,0.0203028
160,14,layer1.6.conv2,0.0193535
160,15,layer1.7.conv1,0.0204543
160,16,layer1.7.conv2,0.0194656
160,17,layer1.8.conv1,0.0284683
160,18,layer1.8.conv2,0.0237269
160,19,layer2.0.conv1,0.0379202
160,20,layer2.0.conv2,0.0446571
160,21,layer2.1.conv1,0.0326524
160,22,layer2.1.conv2,0.0295623
160,23,layer2.2.conv1,0.0316015
160,24,layer2.2.conv2,0.0298515
160,25,layer2.3.conv1,0.035086
160,26,layer2.3.conv2,0.0322751
160,27,layer2.4.conv1,0.0343348
160,28,layer2.4.conv2,0.0286954
160,29,layer2.5.conv1,0.0355062
160,30,layer2.5.conv2,0.0301553
160,31,layer2.6.conv1,0.0349215
160,32,layer2.6.conv2,0.0296166
160,33,layer2.7.conv1,0.039051
160,34,layer2.7.conv2,0.0298863
160,35,layer2.8.conv1,0.0449968
160,36,layer2.8.conv2,0.0352625
160,37,layer3.0.conv1,0.0551458
160,38,layer3.0.conv2,0.0714982
160,39,layer3.1.conv1,0.0615618
160,40,layer3.1.conv2,0.0624438
160,41,layer3.2.conv1,0.0693765
160,42,layer3.2.conv2,0.0612522
160,43,layer3.3.conv1,0.0654813
160,44,layer3.3.conv2,0.0566436
160,45,layer3.4.conv1,0.0655287
160,46,layer3.4.conv2,0.0563194
160,47,layer3.5.conv1,0.0714515
160,48,layer3.5.conv2,0.0530367
160,49,layer3.6.conv1,0.0676058
160,50,layer3.6.conv2,0.0508774
160,51,layer3.7.conv1,0.0638535
160,52,layer3.7.conv2,0.0487248
160,53,layer3.8.conv1,0.0593282
160,54,layer3.8.conv2,0.0307577
161,0,conv1,0.0168637
161,1,layer1.0.conv1,0.00777757
161,2,layer1.0.conv2,0.00757793
161,3,layer1.1.conv1,0.00906707
161,4,layer1.1.conv2,0.00796462
161,5,layer1.2.conv1,0.00608035
161,6,layer1.2.conv2,0.00580298
161,7,layer1.3.conv1,0.00665789
161,8,layer1.3.conv2,0.00610706
161,9,layer1.4.conv1,0.00811198
161,10,layer1.4.conv2,0.00832022
161,11,layer1.5.conv1,0.00972111
161,12,layer1.5.conv2,0.00934989
161,13,layer1.6.conv1,0.0103167
161,14,layer1.6.conv2,0.0101017
161,15,layer1.7.conv1,0.0105965
161,16,layer1.7.conv2,0.0102779
161,17,layer1.8.conv1,0.0152896
161,18,layer1.8.conv2,0.0119401
161,19,layer2.0.conv1,0.0197926
161,20,layer2.0.conv2,0.0228728
161,21,layer2.1.conv1,0.0175598
161,22,layer2.1.conv2,0.0158015
161,23,layer2.2.conv1,0.0162776
161,24,layer2.2.conv2,0.014757
161,25,layer2.3.conv1,0.0184039
161,26,layer2.3.conv2,0.0160827
161,27,layer2.4.conv1,0.0174657
161,28,layer2.4.conv2,0.0151585
161,29,layer2.5.conv1,0.0184283
161,30,layer2.5.conv2,0.015687
161,31,layer2.6.conv1,0.0178144
161,32,layer2.6.conv2,0.0152214
161,33,layer2.7.conv1,0.0197729
161,34,layer2.7.conv2,0.0157621
161,35,layer2.8.conv1,0.0230376
161,36,layer2.8.conv2,0.0181029
161,37,layer3.0.conv1,0.0291042
161,38,layer3.0.conv2,0.0377958
161,39,layer3.1.conv1,0.033664
161,40,layer3.1.conv2,0.0347882
161,41,layer3.2.conv1,0.0360254
161,42,layer3.2.conv2,0.0331574
161,43,layer3.3.conv1,0.0346671
161,44,layer3.3.conv2,0.03036
161,45,layer3.4.conv1,0.0351445
161,46,layer3.4.conv2,0.0294865
161,47,layer3.5.conv1,0.0362706
161,48,layer3.5.conv2,0.0297305
161,49,layer3.6.conv1,0.0344727
161,50,layer3.6.conv2,0.0259441
161,51,layer3.7.conv1,0.034765
161,52,layer3.7.conv2,0.0257167
161,53,layer3.8.conv1,0.0332124
161,54,layer3.8.conv2,0.0172683
162,0,conv1,0.0246567
162,1,layer1.0.conv1,0.0113569
162,2,layer1.0.conv2,0.0109712
162,3,layer1.1.conv1,0.0142036
162,4,layer1.1.conv2,0.0113935
162,5,layer1.2.conv1,0.0094047
162,6,layer1.2.conv2,0.00860207
162,7,layer1.3.conv1,0.00973936
162,8,layer1.3.conv2,0.00889049
162,9,layer1.4.conv1,0.0130262
162,10,layer1.4.conv2,0.0118817
162,11,layer1.5.conv1,0.0147498
162,12,layer1.5.conv2,0.0143965
162,13,layer1.6.conv1,0.0152773
162,14,layer1.6.conv2,0.0149435
162,15,layer1.7.conv1,0.0153133
162,16,layer1.7.conv2,0.0145476
162,17,layer1.8.conv1,0.0220367
162,18,layer1.8.conv2,0.0182488
162,19,layer2.0.conv1,0.0278015
162,20,layer2.0.conv2,0.0336396
162,21,layer2.1.conv1,0.0244366
162,22,layer2.1.conv2,0.0229968
162,23,layer2.2.conv1,0.0232941
162,24,layer2.2.conv2,0.0211723
162,25,layer2.3.conv1,0.0264169
162,26,layer2.3.conv2,0.0235692
162,27,layer2.4.conv1,0.0261987
162,28,layer2.4.conv2,0.0220221
162,29,layer2.5.conv1,0.0270539
162,30,layer2.5.conv2,0.022147
162,31,layer2.6.conv1,0.025575
162,32,layer2.6.conv2,0.0221531
162,33,layer2.7.conv1,0.0309029
162,34,layer2.7.conv2,0.0233767
162,35,layer2.8.conv1,0.0338409
162,36,layer2.8.conv2,0.0266632
162,37,layer3.0.conv1,0.0403463
162,38,layer3.0.conv2,0.0509592
162,39,layer3.1.conv1,0.0453135
162,40,layer3.1.conv2,0.0440759
162,41,layer3.2.conv1,0.0487545
162,42,layer3.2.conv2,0.04332
162,43,layer3.3.conv1,0.0458629
162,44,layer3.3.conv2,0.0401545
162,45,layer3.4.conv1,0.0482829
162,46,layer3.4.conv2,0.0395863
162,47,layer3.5.conv1,0.0487049
162,48,layer3.5.conv2,0.0405841
162,49,layer3.6.conv1,0.0489601
162,50,layer3.6.conv2,0.0387976
162,51,layer3.7.conv1,0.0479664
162,52,layer3.7.conv2,0.0361104
162,53,layer3.8.conv1,0.0431438
162,54,layer3.8.conv2,0.0229846
163,0,conv1,0.0428025
163,1,layer1.0.conv1,0.0186071
163,2,layer1.0.conv2,0.0169638
163,3,layer1.1.conv1,0.0226827
163,4,layer1.1.conv2,0.0189054
163,5,layer1.2.conv1,0.014909
163,6,layer1.2.conv2,0.0144208
163,7,layer1.3.conv1,0.0153825
163,8,layer1.3.conv2,0.0139535
163,9,layer1.4.conv1,0.0200001
163,10,layer1.4.conv2,0.019575
163,11,layer1.5.conv1,0.0233015
163,12,layer1.5.conv2,0.0218672
163,13,layer1.6.conv1,0.0255625
163,14,layer1.6.conv2,0.0238429
163,15,layer1.7.conv1,0.0249083
163,16,layer1.7.conv2,0.0230621
163,17,layer1.8.conv1,0.035762
163,18,layer1.8.conv2,0.0287749
163,19,layer2.0.conv1,0.0468613
163,20,layer2.0.conv2,0.0551032
163,21,layer2.1.conv1,0.0399766
163,22,layer2.1.conv2,0.0371318
163,23,layer2.2.conv1,0.038827
163,24,layer2.2.conv2,0.0348688
163,25,layer2.3.conv1,0.0417781
163,26,layer2.3.conv2,0.037979
163,27,layer2.4.conv1,0.0415335
163,28,layer2.4.conv2,0.0357788
163,29,layer2.5.conv1,0.0422443
163,30,layer2.5.conv2,0.0357039
163,31,layer2.6.conv1,0.0417303
163,32,layer2.6.conv2,0.0352501
163,33,layer2.7.conv1,0.0473959
163,34,layer2.7.conv2,0.0373331
163,35,layer2.8.conv1,0.0571659
163,36,layer2.8.conv2,0.0451691
163,37,layer3.0.conv1,0.067895
163,38,layer3.0.conv2,0.0877885
163,39,layer3.1.conv1,0.0736651
163,40,layer3.1.conv2,0.0724319
163,41,layer3.2.conv1,0.0806943
163,42,layer3.2.conv2,0.0744131
163,43,layer3.3.conv1,0.0789381
163,44,layer3.3.conv2,0.070425
163,45,layer3.4.conv1,0.0824328
163,46,layer3.4.conv2,0.0683295
163,47,layer3.5.conv1,0.0869375
163,48,layer3.5.conv2,0.0631471
163,49,layer3.6.conv1,0.085768
163,50,layer3.6.conv2,0.0662634
163,51,layer3.7.conv1,0.0790501
163,52,layer3.7.conv2,0.0568979
163,53,layer3.8.conv1,0.0765108
163,54,layer3.8.conv2,0.0409315
164,0,conv1,0.0397196
164,1,layer1.0.conv1,0.0160835
164,2,layer1.0.conv2,0.0156573
164,3,layer1.1.conv1,0.0195808
164,4,layer1.1.conv2,0.0169464
164,5,layer1.2.conv1,0.0135589
164,6,layer1.2.conv2,0.0129058
164,7,layer1.3.conv1,0.0142306
164,8,layer1.3.conv2,0.0125654
164,9,layer1.4.conv1,0.0179492
164,10,layer1.4.conv2,0.0166849
164,11,layer1.5.conv1,0.0202328
164,12,layer1.5.conv2,0.0188574
164,13,layer1.6.conv1,0.0232271
164,14,layer1.6.conv2,0.0203705
164,15,layer1.7.conv1,0.0222575
164,16,layer1.7.conv2,0.0206049
164,17,layer1.8.conv1,0.0294019
164,18,layer1.8.conv2,0.0256704
164,19,layer2.0.conv1,0.0421411
164,20,layer2.0.conv2,0.0477565
164,21,layer2.1.conv1,0.0358521
164,22,layer2.1.conv2,0.0338879
164,23,layer2.2.conv1,0.0355388
164,24,layer2.2.conv2,0.0322251
164,25,layer2.3.conv1,0.0386669
164,26,layer2.3.conv2,0.0336194
164,27,layer2.4.conv1,0.038452
164,28,layer2.4.conv2,0.0314722
164,29,layer2.5.conv1,0.0396667
164,30,layer2.5.conv2,0.0329266
164,31,layer2.6.conv1,0.0351312
164,32,layer2.6.conv2,0.0311987
164,33,layer2.7.conv1,0.0426663
164,34,layer2.7.conv2,0.032857
164,35,layer2.8.conv1,0.0484607
164,36,layer2.8.conv2,0.0377617
164,37,layer3.0.conv1,0.0607429
164,38,layer3.0.conv2,0.0765217
164,39,layer3.1.conv1,0.0664581
164,40,layer3.1.conv2,0.0666793
164,41,layer3.2.conv1,0.0733595
164,42,layer3.2.conv2,0.0674986
164,43,layer3.3.conv1,0.0692778
164,44,layer3.3.conv2,0.0596726
164,45,layer3.4.conv1,0.0752411
164,46,layer3.4.conv2,0.0621467
164,47,layer3.5.conv1,0.0727734
164,48,layer3.5.conv2,0.0562441
164,49,layer3.6.conv1,0.074218
164,50,layer3.6.conv2,0.0571484
164,51,layer3.7.conv1,0.0672848
164,52,layer3.7.conv2,0.0507977
164,53,layer3.8.conv1,0.0645992
164,54,layer3.8.conv2,0.0328825
